transaction_id,customer_id,merchant_id,amount,transaction_hour,transaction_day,payment_method,location,device_type
TXN100000,C1234,M575,1824.4,23,25,Credit Card,Bengaluru,Web
TXN100001,C1012,M508,1107.18,18,17,UPI,Ahmedabad,Web
TXN100002,C1100,M535,4139.99,10,12,UPI,Pune,iOS
TXN100003,C1416,M537,475.69,11,1,Debit Card,Chennai,iOS
TXN100004,C1023,M532,4294.34,11,24,Net Banking,Chennai,Android
TXN100005,C1363,M541,5010.81,23,23,Debit Card,Mumbai,iOS
TXN100006,C1010,M560,4919.17,11,7,Credit Card,Hyderabad,iOS
TXN100007,C1272,M545,1942.51,14,14,Credit Card,Pune,Android
TXN100008,C1451,M560,1228.15,17,9,Debit Card,Bengaluru,POS Terminal
TXN100009,C1430,M517,605.14,15,12,UPI,Chennai,Android
TXN100010,C1280,M569,2556.65,7,21,Debit Card,Chennai,Android
TXN100011,C1093,M579,1735.82,17,8,Debit Card,Chennai,Android
TXN100012,C1200,M514,2949.82,15,7,UPI,Kolkata,Web
TXN100013,C1020,M547,2336.25,14,14,Net Banking,Pune,iOS
TXN100014,C1339,M571,3124.68,18,2,Net Banking,Hyderabad,POS Terminal
TXN100015,C1466,M512,36871.84,2,2,Net Banking,Mumbai,Web
TXN100016,C1210,M542,4831.91,13,29,Debit Card,Delhi,iOS
TXN100017,C1139,M559,770.36,16,20,Debit Card,Ahmedabad,Web
TXN100018,C1292,M556,3303.69,14,17,UPI,Hyderabad,Web
TXN100019,C1297,M570,3690.49,17,10,Net Banking,Ahmedabad,iOS
TXN100020,C1400,M516,1276.75,11,21,UPI,Pune,POS Terminal
TXN100021,C1100,M549,3276.58,19,5,Credit Card,Mumbai,Web
TXN100022,C1303,M531,1935.56,13,1,Credit Card,Hyderabad,Android
TXN100023,C1358,M521,3467.06,16,5,Debit Card,Hyderabad,Web
TXN100024,C1027,M554,1264.85,17,4,Credit Card,Pune,Web
TXN100025,C1040,M556,5581.91,16,12,UPI,Kolkata,iOS
TXN100026,C1354,M512,2810.69,8,14,UPI,Mumbai,Web
TXN100027,C1302,M546,4630.75,16,26,Credit Card,Bengaluru,POS Terminal
TXN100028,C1495,M561,2952.77,14,11,UPI,Kolkata,Web
TXN100029,C1145,M553,2776.75,9,21,UPI,Hyderabad,Web
TXN100030,C1255,M528,552.06,16,4,Debit Card,Kolkata,Web
TXN100031,C1461,M521,2255.09,13,25,UPI,Bengaluru,Web
TXN100032,C1226,M564,6363.61,10,9,Debit Card,Delhi,iOS
TXN100033,C1235,M528,2934.98,6,3,UPI,Ahmedabad,Android
TXN100034,C1360,M547,1487.86,9,3,Debit Card,Hyderabad,Android
TXN100035,C1379,M504,2250.34,20,3,Credit Card,Bengaluru,iOS
TXN100036,C1454,M534,1642.14,9,7,Debit Card,Hyderabad,Web
TXN100037,C1488,M573,4682.71,14,1,UPI,Kolkata,Web
TXN100038,C1012,M570,1316.08,15,13,Net Banking,Bengaluru,iOS
TXN100039,C1209,M545,5583.6,13,4,Net Banking,Bengaluru,Android
TXN100040,C1228,M534,513.4,15,25,Debit Card,Delhi,POS Terminal
TXN100041,C1396,M544,4059.03,10,12,Debit Card,Chennai,Web
TXN100042,C1099,M512,3004.16,15,8,Debit Card,Kolkata,iOS
TXN100043,C1030,M509,3861.01,11,19,Credit Card,Delhi,Web
TXN100044,C1385,M565,3855.45,12,24,UPI,Chennai,Android
TXN100045,C1015,M569,2454.97,12,6,Debit Card,Chennai,Web
TXN100046,C1136,M571,1575.22,13,10,Net Banking,Delhi,Android
TXN100047,C1328,M524,1239.97,17,13,Credit Card,Ahmedabad,POS Terminal
TXN100048,C1165,M543,668.58,12,30,Net Banking,Hyderabad,POS Terminal
TXN100049,C1458,M559,2201.81,15,27,Debit Card,Pune,Web
TXN100050,C1309,M546,6039.46,14,3,Debit Card,Mumbai,iOS
TXN100051,C1439,M539,1506.63,18,28,UPI,Ahmedabad,Android
TXN100052,C1469,M506,4310.37,13,9,Credit Card,Mumbai,Web
TXN100053,C1480,M545,2473.16,16,10,Debit Card,Chennai,Android
TXN100054,C1099,M522,2850.55,19,13,UPI,Kolkata,iOS
TXN100055,C1108,M545,1335.0,12,16,Debit Card,Delhi,Web
TXN100056,C1342,M512,84744.2,5,23,Net Banking,Kolkata,iOS
TXN100057,C1172,M520,2047.92,14,8,UPI,Kolkata,Android
TXN100058,C1236,M500,3206.04,21,26,Credit Card,Ahmedabad,Web
TXN100059,C1161,M518,5643.68,13,11,Net Banking,Pune,iOS
TXN100060,C1392,M559,627.46,17,2,Net Banking,Pune,POS Terminal
TXN100061,C1215,M532,3189.63,13,29,Credit Card,Delhi,Android
TXN100062,C1263,M503,2569.42,14,19,Credit Card,Pune,Web
TXN100063,C1262,M502,3952.18,12,29,Net Banking,Bengaluru,POS Terminal
TXN100064,C1291,M551,1931.01,17,23,Debit Card,Delhi,iOS
TXN100065,C1273,M527,3798.42,23,2,Credit Card,Pune,POS Terminal
TXN100066,C1002,M569,2959.67,15,6,Credit Card,Bengaluru,Android
TXN100067,C1027,M569,1241.83,16,16,UPI,Pune,Web
TXN100068,C1325,M554,4125.59,11,16,Credit Card,Bengaluru,POS Terminal
TXN100069,C1491,M556,5471.67,19,7,UPI,Mumbai,iOS
TXN100070,C1427,M515,2892.14,19,11,Credit Card,Pune,POS Terminal
TXN100071,C1148,M523,3694.0,12,27,Debit Card,Pune,Web
TXN100072,C1027,M568,1506.1,7,16,Debit Card,Bengaluru,POS Terminal
TXN100073,C1487,M540,1889.62,18,6,Credit Card,Bengaluru,Web
TXN100074,C1309,M576,4524.6,14,5,UPI,Mumbai,iOS
TXN100075,C1437,M546,2888.5,21,9,Debit Card,Mumbai,Web
TXN100076,C1064,M575,1095.03,20,3,Debit Card,Mumbai,iOS
TXN100077,C1355,M568,2645.77,9,21,Net Banking,Mumbai,POS Terminal
TXN100078,C1020,M530,2419.95,16,29,Net Banking,Pune,Web
TXN100079,C1251,M529,4921.62,17,21,Debit Card,Bengaluru,Android
TXN100080,C1234,M517,1414.07,14,8,Net Banking,Bengaluru,iOS
TXN100081,C1226,M543,5077.9,12,8,UPI,Mumbai,POS Terminal
TXN100082,C1012,M526,1481.26,15,17,Credit Card,Ahmedabad,POS Terminal
TXN100083,C1312,M525,1406.63,16,30,Debit Card,Mumbai,iOS
TXN100084,C1048,M559,1666.73,22,6,Debit Card,Kolkata,Android
TXN100085,C1117,M517,1779.48,13,12,Net Banking,Bengaluru,iOS
TXN100086,C1053,M555,634.82,15,6,Debit Card,Ahmedabad,Web
TXN100087,C1137,M530,893.65,16,15,Debit Card,Mumbai,POS Terminal
TXN100088,C1052,M558,3207.86,13,11,Debit Card,Delhi,iOS
TXN100089,C1043,M501,3236.87,15,10,Debit Card,Chennai,Web
TXN100090,C1302,M538,3403.45,22,29,Credit Card,Bengaluru,POS Terminal
TXN100091,C1052,M560,4514.86,19,2,Net Banking,Delhi,POS Terminal
TXN100092,C1073,M562,1466.85,23,21,Net Banking,Bengaluru,Web
TXN100093,C1045,M517,1703.1,15,29,Debit Card,Hyderabad,iOS
TXN100094,C1012,M516,1449.9,15,6,Debit Card,Ahmedabad,iOS
TXN100095,C1164,M538,3390.03,16,19,Debit Card,Mumbai,POS Terminal
TXN100096,C1101,M570,2343.22,18,17,Credit Card,Delhi,iOS
TXN100097,C1279,M553,3844.58,12,9,UPI,Hyderabad,Android
TXN100098,C1257,M575,2555.23,14,2,UPI,Delhi,iOS
TXN100099,C1469,M534,3556.79,14,4,Debit Card,Pune,iOS
TXN100100,C1336,M510,2658.49,15,25,Credit Card,Ahmedabad,POS Terminal
TXN100101,C1355,M560,2164.03,16,9,Credit Card,Mumbai,POS Terminal
TXN100102,C1397,M543,4332.18,12,8,Net Banking,Bengaluru,Web
TXN100103,C1137,M567,1078.75,19,30,UPI,Mumbai,POS Terminal
TXN100104,C1162,M524,42869.57,3,4,UPI,Delhi,iOS
TXN100105,C1408,M547,4938.88,13,1,Credit Card,Ahmedabad,Android
TXN100106,C1386,M531,2305.37,12,11,Debit Card,Mumbai,Web
TXN100107,C1110,M503,3669.98,16,11,Net Banking,Mumbai,POS Terminal
TXN100108,C1101,M537,3078.65,9,7,Credit Card,Chennai,Web
TXN100109,C1016,M562,4132.43,11,18,Net Banking,Mumbai,iOS
TXN100110,C1267,M546,3596.49,20,8,UPI,Chennai,Web
TXN100111,C1181,M500,3340.02,17,30,Credit Card,Ahmedabad,POS Terminal
TXN100112,C1371,M502,2132.56,15,15,Net Banking,Pune,Web
TXN100113,C1023,M561,4992.87,17,26,Debit Card,Chennai,iOS
TXN100114,C1028,M563,2688.57,16,10,Net Banking,Hyderabad,POS Terminal
TXN100115,C1170,M516,1664.66,14,14,Net Banking,Hyderabad,iOS
TXN100116,C1408,M577,4216.74,12,27,Debit Card,Ahmedabad,POS Terminal
TXN100117,C1227,M561,3298.63,18,2,UPI,Bengaluru,POS Terminal
TXN100118,C1377,M534,2516.6,18,10,Credit Card,Chennai,Android
TXN100119,C1187,M512,4114.57,13,19,Credit Card,Hyderabad,Android
TXN100120,C1345,M534,659.82,12,15,Debit Card,Hyderabad,POS Terminal
TXN100121,C1229,M542,4104.91,10,22,Credit Card,Delhi,iOS
TXN100122,C1320,M501,682.52,7,20,Debit Card,Chennai,Web
TXN100123,C1339,M555,3813.41,15,2,Debit Card,Bengaluru,POS Terminal
TXN100124,C1118,M576,3394.37,19,17,Credit Card,Pune,Android
TXN100125,C1155,M550,2815.21,10,3,Net Banking,Mumbai,Android
TXN100126,C1271,M553,2821.43,15,4,UPI,Ahmedabad,iOS
TXN100127,C1174,M515,4454.68,16,25,Credit Card,Chennai,POS Terminal
TXN100128,C1464,M517,3845.29,15,25,Credit Card,Ahmedabad,Web
TXN100129,C1103,M506,4391.52,17,5,UPI,Pune,Android
TXN100130,C1091,M544,2718.92,17,12,Credit Card,Hyderabad,iOS
TXN100131,C1185,M535,1835.19,16,21,Debit Card,Hyderabad,POS Terminal
TXN100132,C1459,M540,2155.23,17,23,Net Banking,Chennai,iOS
TXN100133,C1282,M541,3156.49,10,24,Credit Card,Kolkata,POS Terminal
TXN100134,C1180,M506,1535.93,21,19,Debit Card,Mumbai,Web
TXN100135,C1169,M514,1796.56,17,12,UPI,Bengaluru,iOS
TXN100136,C1186,M559,2041.6,10,5,Credit Card,Mumbai,iOS
TXN100137,C1174,M539,3916.96,12,23,Credit Card,Chennai,iOS
TXN100138,C1221,M536,4234.29,18,15,UPI,Chennai,POS Terminal
TXN100139,C1232,M565,2580.89,15,27,UPI,Pune,Android
TXN100140,C1161,M554,5476.43,17,18,Net Banking,Pune,POS Terminal
TXN100141,C1420,M576,3473.61,15,25,Debit Card,Pune,Web
TXN100142,C1133,M579,3601.82,18,19,UPI,Bengaluru,POS Terminal
TXN100143,C1390,M555,1808.58,16,23,Debit Card,Pune,iOS
TXN100144,C1479,M543,41715.14,1,28,UPI,Kolkata,iOS
TXN100145,C1223,M556,1763.8,18,25,Debit Card,Ahmedabad,Web
TXN100146,C1152,M505,1601.28,12,25,UPI,Mumbai,Android
TXN100147,C1032,M531,1554.9,12,3,Debit Card,Ahmedabad,Web
TXN100148,C1054,M573,326.8,18,2,Debit Card,Mumbai,Android
TXN100149,C1441,M517,28781.25,3,11,Credit Card,Bengaluru,iOS
TXN100150,C1006,M567,1317.51,9,14,Debit Card,Bengaluru,Web
TXN100151,C1243,M572,4371.77,15,21,Credit Card,Mumbai,Android
TXN100152,C1312,M506,1209.43,10,5,Credit Card,Mumbai,Web
TXN100153,C1125,M507,5317.52,9,30,UPI,Hyderabad,iOS
TXN100154,C1011,M563,2380.58,14,13,Credit Card,Delhi,POS Terminal
TXN100155,C1015,M506,3093.99,13,8,Debit Card,Chennai,POS Terminal
TXN100156,C1207,M540,2053.65,10,6,Net Banking,Pune,Android
TXN100157,C1042,M539,3410.11,11,12,Net Banking,Delhi,iOS
TXN100158,C1372,M502,3937.11,10,7,UPI,Kolkata,Web
TXN100159,C1483,M516,2793.0,15,11,Debit Card,Delhi,iOS
TXN100160,C1460,M565,2580.15,12,8,Credit Card,Chennai,Web
TXN100161,C1134,M578,2746.61,14,9,Credit Card,Ahmedabad,Web
TXN100162,C1227,M551,3605.52,12,4,Net Banking,Bengaluru,POS Terminal
TXN100163,C1110,M521,3548.07,16,5,Credit Card,Mumbai,iOS
TXN100164,C1306,M503,908.08,15,4,Credit Card,Bengaluru,Android
TXN100165,C1456,M505,4865.62,10,25,Debit Card,Delhi,Web
TXN100166,C1159,M537,1738.2,16,12,Net Banking,Mumbai,Web
TXN100167,C1330,M525,1927.61,13,18,Debit Card,Ahmedabad,Android
TXN100168,C1263,M510,65239.4,3,29,UPI,Delhi,Android
TXN100169,C1224,M516,1201.17,18,15,UPI,Delhi,Android
TXN100170,C1470,M530,2488.98,20,8,Debit Card,Pune,iOS
TXN100171,C1216,M576,2921.98,23,11,Debit Card,Hyderabad,Android
TXN100172,C1455,M534,951.13,14,14,Net Banking,Mumbai,Web
TXN100173,C1044,M515,2983.5,15,7,Net Banking,Pune,POS Terminal
TXN100174,C1213,M578,7648.38,11,29,Credit Card,Mumbai,POS Terminal
TXN100175,C1058,M517,56281.57,3,16,Credit Card,Delhi,POS Terminal
TXN100176,C1131,M561,1753.7,15,23,UPI,Ahmedabad,POS Terminal
TXN100177,C1103,M526,2826.15,11,8,UPI,Pune,Web
TXN100178,C1194,M534,2074.4,13,29,UPI,Mumbai,iOS
TXN100179,C1412,M544,8670.77,11,27,Net Banking,Mumbai,iOS
TXN100180,C1488,M534,3720.59,9,11,Net Banking,Kolkata,Web
TXN100181,C1156,M527,3269.9,13,1,Debit Card,Chennai,POS Terminal
TXN100182,C1097,M508,1999.93,23,17,UPI,Delhi,Web
TXN100183,C1225,M575,2006.59,14,7,Net Banking,Mumbai,POS Terminal
TXN100184,C1411,M514,2519.72,12,18,Debit Card,Hyderabad,POS Terminal
TXN100185,C1204,M520,3097.25,18,12,Debit Card,Pune,Web
TXN100186,C1078,M551,2791.92,20,20,Net Banking,Bengaluru,iOS
TXN100187,C1123,M534,4752.23,11,28,UPI,Pune,Web
TXN100188,C1470,M550,2840.01,16,22,Debit Card,Kolkata,Web
TXN100189,C1427,M554,4153.78,6,21,Debit Card,Pune,POS Terminal
TXN100190,C1217,M576,5047.45,6,5,UPI,Mumbai,iOS
TXN100191,C1003,M543,1431.12,15,27,UPI,Ahmedabad,Web
TXN100192,C1089,M564,3409.71,15,6,UPI,Pune,Web
TXN100193,C1103,M579,4568.7,12,26,UPI,Pune,Android
TXN100194,C1392,M524,793.86,12,23,Credit Card,Pune,Web
TXN100195,C1118,M546,2230.83,17,2,Net Banking,Pune,Android
TXN100196,C1132,M579,4737.37,9,12,Net Banking,Mumbai,POS Terminal
TXN100197,C1311,M555,2035.86,14,11,Credit Card,Kolkata,iOS
TXN100198,C1095,M537,3309.15,23,4,Credit Card,Pune,iOS
TXN100199,C1467,M510,1592.71,14,7,Net Banking,Chennai,Android
TXN100200,C1433,M566,5308.92,19,5,UPI,Pune,Web
TXN100201,C1330,M514,902.49,16,11,Credit Card,Ahmedabad,POS Terminal
TXN100202,C1142,M500,1138.13,12,30,UPI,Chennai,Android
TXN100203,C1287,M506,4675.27,14,28,Credit Card,Mumbai,iOS
TXN100204,C1027,M500,1099.32,20,16,Debit Card,Pune,POS Terminal
TXN100205,C1277,M548,1285.73,23,10,UPI,Bengaluru,POS Terminal
TXN100206,C1232,M572,2119.66,13,9,Credit Card,Pune,Web
TXN100207,C1016,M528,3648.68,11,6,Credit Card,Mumbai,POS Terminal
TXN100208,C1058,M525,3335.64,12,13,UPI,Hyderabad,Web
TXN100209,C1089,M544,5475.84,13,4,Debit Card,Pune,iOS
TXN100210,C1491,M570,5071.02,13,11,Net Banking,Mumbai,Android
TXN100211,C1198,M511,19170.99,5,11,Credit Card,Hyderabad,Android
TXN100212,C1361,M531,2871.08,16,28,UPI,Ahmedabad,iOS
TXN100213,C1440,M519,3751.98,15,30,Credit Card,Ahmedabad,Web
TXN100214,C1025,M550,3267.79,17,16,Net Banking,Chennai,POS Terminal
TXN100215,C1024,M535,3997.01,13,26,Debit Card,Chennai,POS Terminal
TXN100216,C1393,M566,2627.73,18,20,UPI,Delhi,iOS
TXN100217,C1300,M500,650.84,20,29,Net Banking,Chennai,Web
TXN100218,C1338,M526,5313.6,13,19,Credit Card,Hyderabad,Android
TXN100219,C1266,M539,2325.95,15,29,Net Banking,Hyderabad,Android
TXN100220,C1460,M513,2188.6,17,30,Net Banking,Chennai,Android
TXN100221,C1180,M568,1475.78,15,6,Net Banking,Kolkata,Android
TXN100222,C1455,M578,1029.19,13,24,Credit Card,Kolkata,iOS
TXN100223,C1359,M505,6213.11,17,17,UPI,Chennai,Android
TXN100224,C1067,M532,665.66,23,18,Net Banking,Ahmedabad,iOS
TXN100225,C1494,M554,1356.01,19,4,Debit Card,Ahmedabad,iOS
TXN100226,C1350,M518,1478.24,13,23,Credit Card,Ahmedabad,POS Terminal
TXN100227,C1411,M576,2098.14,18,28,Debit Card,Hyderabad,iOS
TXN100228,C1458,M528,2018.93,20,18,UPI,Pune,POS Terminal
TXN100229,C1490,M560,5288.72,11,11,Credit Card,Hyderabad,Web
TXN100230,C1320,M569,584.98,14,12,Net Banking,Chennai,Android
TXN100231,C1048,M578,2377.06,12,10,Credit Card,Kolkata,Web
TXN100232,C1174,M579,4023.01,17,28,Debit Card,Chennai,Web
TXN100233,C1051,M523,214.2,14,24,Net Banking,Bengaluru,POS Terminal
TXN100234,C1101,M522,3475.44,12,3,Debit Card,Delhi,POS Terminal
TXN100235,C1215,M509,2775.04,22,15,Debit Card,Delhi,POS Terminal
TXN100236,C1437,M553,3300.74,12,18,UPI,Mumbai,iOS
TXN100237,C1187,M540,2334.26,12,16,Debit Card,Hyderabad,Android
TXN100238,C1056,M548,2864.63,14,7,Credit Card,Pune,POS Terminal
TXN100239,C1046,M516,498.92,17,11,UPI,Delhi,POS Terminal
TXN100240,C1158,M555,2855.31,16,28,UPI,Ahmedabad,iOS
TXN100241,C1488,M544,5992.57,15,10,Net Banking,Ahmedabad,Android
TXN100242,C1173,M529,2566.16,13,9,UPI,Hyderabad,Web
TXN100243,C1241,M543,3521.13,16,20,Credit Card,Mumbai,POS Terminal
TXN100244,C1281,M573,502.86,14,18,Debit Card,Mumbai,Web
TXN100245,C1240,M554,4062.28,19,25,UPI,Hyderabad,iOS
TXN100246,C1369,M518,475.52,15,26,UPI,Bengaluru,Android
TXN100247,C1004,M528,2904.61,15,21,Credit Card,Kolkata,POS Terminal
TXN100248,C1083,M501,2937.55,14,13,Credit Card,Mumbai,iOS
TXN100249,C1307,M535,4727.62,15,26,Net Banking,Bengaluru,iOS
TXN100250,C1360,M518,1425.22,15,23,Net Banking,Hyderabad,Web
TXN100251,C1458,M506,1790.54,16,10,Net Banking,Pune,iOS
TXN100252,C1247,M525,1952.54,17,21,Debit Card,Hyderabad,iOS
TXN100253,C1053,M578,639.79,19,12,Debit Card,Ahmedabad,Android
TXN100254,C1160,M537,2515.74,15,13,Net Banking,Chennai,Android
TXN100255,C1433,M502,3300.66,18,21,Debit Card,Pune,Android
TXN100256,C1421,M579,1739.18,8,22,Credit Card,Pune,iOS
TXN100257,C1410,M565,1116.54,18,5,UPI,Chennai,POS Terminal
TXN100258,C1225,M570,1964.16,16,24,UPI,Bengaluru,Android
TXN100259,C1014,M542,1582.51,10,27,Credit Card,Pune,POS Terminal
TXN100260,C1223,M561,2377.42,16,12,Debit Card,Ahmedabad,iOS
TXN100261,C1060,M570,2752.43,16,27,Net Banking,Ahmedabad,Android
TXN100262,C1121,M523,3873.31,16,4,UPI,Mumbai,POS Terminal
TXN100263,C1276,M538,2112.12,22,3,Net Banking,Mumbai,Android
TXN100264,C1045,M567,1631.61,16,14,UPI,Hyderabad,Android
TXN100265,C1452,M543,2811.87,8,3,Credit Card,Bengaluru,POS Terminal
TXN100266,C1389,M504,2010.06,20,2,Debit Card,Ahmedabad,POS Terminal
TXN100267,C1293,M554,792.53,12,8,UPI,Pune,POS Terminal
TXN100268,C1061,M529,3678.67,19,29,Debit Card,Ahmedabad,iOS
TXN100269,C1085,M528,2963.65,21,30,Credit Card,Ahmedabad,Web
TXN100270,C1445,M525,2607.83,14,7,Credit Card,Kolkata,Web
TXN100271,C1209,M525,4493.9,13,22,Debit Card,Delhi,iOS
TXN100272,C1077,M536,1720.1,12,2,UPI,Pune,POS Terminal
TXN100273,C1201,M552,6028.65,14,18,UPI,Chennai,POS Terminal
TXN100274,C1301,M529,732.53,16,26,UPI,Pune,iOS
TXN100275,C1396,M502,4502.37,17,17,Net Banking,Chennai,Web
TXN100276,C1222,M542,1277.28,15,14,Net Banking,Pune,iOS
TXN100277,C1221,M506,4452.33,15,12,Debit Card,Chennai,POS Terminal
TXN100278,C1002,M548,1911.27,23,26,Debit Card,Kolkata,POS Terminal
TXN100279,C1477,M572,821.92,17,18,UPI,Ahmedabad,Android
TXN100280,C1005,M540,998.96,11,25,Credit Card,Pune,Web
TXN100281,C1092,M576,4198.56,20,17,Net Banking,Kolkata,POS Terminal
TXN100282,C1007,M578,4935.32,16,29,Credit Card,Pune,iOS
TXN100283,C1427,M553,4700.81,16,16,UPI,Pune,iOS
TXN100284,C1492,M568,2379.7,9,10,Debit Card,Chennai,Web
TXN100285,C1234,M526,1648.58,15,4,UPI,Bengaluru,iOS
TXN100286,C1107,M507,3642.65,23,2,Credit Card,Chennai,Web
TXN100287,C1160,M531,2583.31,23,5,Credit Card,Chennai,iOS
TXN100288,C1208,M563,1450.75,20,14,Net Banking,Bengaluru,iOS
TXN100289,C1239,M509,3808.6,15,10,Net Banking,Chennai,POS Terminal
TXN100290,C1330,M512,1754.32,16,8,Net Banking,Ahmedabad,Web
TXN100291,C1332,M562,2104.23,17,1,Net Banking,Hyderabad,POS Terminal
TXN100292,C1049,M534,2729.89,16,9,Credit Card,Delhi,Web
TXN100293,C1010,M560,4844.32,15,23,Net Banking,Hyderabad,POS Terminal
TXN100294,C1350,M553,2349.81,8,21,UPI,Ahmedabad,POS Terminal
TXN100295,C1155,M507,3260.08,21,5,UPI,Mumbai,Android
TXN100296,C1491,M528,7074.14,11,9,Credit Card,Mumbai,POS Terminal
TXN100297,C1069,M540,682.35,11,9,Credit Card,Hyderabad,POS Terminal
TXN100298,C1168,M529,3251.7,17,18,Credit Card,Mumbai,iOS
TXN100299,C1271,M520,2557.07,15,24,Credit Card,Ahmedabad,iOS
TXN100300,C1067,M575,667.93,13,5,Debit Card,Ahmedabad,Web
TXN100301,C1354,M510,62936.42,1,30,UPI,Ahmedabad,Android
TXN100302,C1251,M501,4174.14,16,16,Debit Card,Bengaluru,Web
TXN100303,C1047,M549,2086.66,20,2,Credit Card,Hyderabad,iOS
TXN100304,C1183,M540,1312.73,17,25,Credit Card,Pune,Web
TXN100305,C1319,M565,2927.25,13,4,Net Banking,Chennai,iOS
TXN100306,C1186,M502,1471.12,17,21,Debit Card,Mumbai,iOS
TXN100307,C1089,M579,4618.16,20,23,Debit Card,Pune,Web
TXN100308,C1445,M550,2184.85,16,18,Debit Card,Pune,iOS
TXN100309,C1331,M567,986.19,14,5,Net Banking,Chennai,iOS
TXN100310,C1138,M524,3490.39,16,8,Credit Card,Kolkata,Android
TXN100311,C1356,M529,789.26,22,12,UPI,Mumbai,Android
TXN100312,C1088,M510,2009.74,14,14,UPI,Hyderabad,iOS
TXN100313,C1273,M516,2131.35,12,27,Debit Card,Kolkata,iOS
TXN100314,C1018,M525,8170.64,20,17,Net Banking,Chennai,POS Terminal
TXN100315,C1470,M522,1888.18,8,12,Net Banking,Pune,POS Terminal
TXN100316,C1310,M555,2938.79,9,27,Debit Card,Delhi,iOS
TXN100317,C1357,M551,2812.41,17,24,Debit Card,Pune,Android
TXN100318,C1373,M547,2264.89,19,2,Credit Card,Mumbai,iOS
TXN100319,C1465,M519,2129.98,16,4,Debit Card,Kolkata,Android
TXN100320,C1153,M501,1162.71,9,11,Credit Card,Chennai,Android
TXN100321,C1389,M530,1935.0,14,12,Net Banking,Kolkata,POS Terminal
TXN100322,C1259,M526,4104.74,13,19,UPI,Bengaluru,iOS
TXN100323,C1107,M501,3066.39,7,2,Credit Card,Chennai,Android
TXN100324,C1370,M577,2984.74,15,10,Debit Card,Ahmedabad,iOS
TXN100325,C1284,M503,1096.73,8,10,Credit Card,Mumbai,Web
TXN100326,C1058,M512,46252.65,5,2,Net Banking,Chennai,Web
TXN100327,C1124,M534,5084.31,18,26,Net Banking,Mumbai,POS Terminal
TXN100328,C1353,M571,2880.36,10,22,Credit Card,Kolkata,Web
TXN100329,C1272,M565,42072.18,3,19,Credit Card,Mumbai,Web
TXN100330,C1106,M505,1477.21,11,26,Credit Card,Delhi,iOS
TXN100331,C1298,M530,1732.37,10,20,Credit Card,Pune,POS Terminal
TXN100332,C1244,M509,3690.65,14,4,Net Banking,Mumbai,POS Terminal
TXN100333,C1335,M520,1096.65,9,18,Net Banking,Pune,Web
TXN100334,C1449,M573,1790.97,20,20,Credit Card,Chennai,iOS
TXN100335,C1417,M522,3450.03,16,18,UPI,Bengaluru,iOS
TXN100336,C1246,M502,1666.24,21,14,Net Banking,Hyderabad,POS Terminal
TXN100337,C1007,M531,3609.02,19,20,Net Banking,Mumbai,iOS
TXN100338,C1140,M519,7213.59,16,13,UPI,Ahmedabad,iOS
TXN100339,C1361,M573,3802.02,17,24,UPI,Ahmedabad,POS Terminal
TXN100340,C1007,M528,5649.64,16,15,Debit Card,Pune,iOS
TXN100341,C1477,M551,1099.88,12,15,UPI,Ahmedabad,Android
TXN100342,C1351,M545,1984.14,13,25,Debit Card,Bengaluru,POS Terminal
TXN100343,C1483,M533,1601.98,18,20,UPI,Delhi,Web
TXN100344,C1494,M560,1149.54,16,4,Credit Card,Ahmedabad,Android
TXN100345,C1093,M571,1685.08,6,15,Credit Card,Chennai,Android
TXN100346,C1320,M570,943.23,10,14,UPI,Chennai,POS Terminal
TXN100347,C1426,M569,1431.04,20,7,UPI,Mumbai,Web
TXN100348,C1038,M510,3731.31,19,17,Debit Card,Chennai,POS Terminal
TXN100349,C1080,M562,1667.83,6,23,Debit Card,Pune,iOS
TXN100350,C1186,M520,1106.87,12,29,Debit Card,Mumbai,POS Terminal
TXN100351,C1083,M502,2797.0,16,9,Net Banking,Mumbai,iOS
TXN100352,C1087,M509,1956.48,8,4,Credit Card,Bengaluru,Web
TXN100353,C1241,M526,3781.44,15,18,UPI,Mumbai,POS Terminal
TXN100354,C1341,M511,1060.67,22,13,Debit Card,Ahmedabad,Web
TXN100355,C1092,M506,4350.05,18,15,UPI,Kolkata,Web
TXN100356,C1085,M516,3578.95,19,4,UPI,Ahmedabad,Android
TXN100357,C1043,M564,3458.94,15,18,Net Banking,Chennai,POS Terminal
TXN100358,C1136,M563,1909.58,8,10,UPI,Delhi,POS Terminal
TXN100359,C1420,M525,5838.19,23,7,Net Banking,Pune,Android
TXN100360,C1073,M514,1883.22,15,6,Net Banking,Bengaluru,Web
TXN100361,C1035,M532,2277.29,13,13,Net Banking,Hyderabad,POS Terminal
TXN100362,C1100,M561,4730.51,12,28,Credit Card,Mumbai,Web
TXN100363,C1475,M546,4156.0,16,27,Net Banking,Kolkata,Web
TXN100364,C1155,M534,3678.17,12,18,Credit Card,Mumbai,POS Terminal
TXN100365,C1425,M564,2158.34,17,22,Net Banking,Bengaluru,Web
TXN100366,C1254,M571,3047.55,6,9,Net Banking,Chennai,Android
TXN100367,C1170,M575,2931.87,16,11,Net Banking,Hyderabad,Web
TXN100368,C1468,M524,2224.87,6,16,Net Banking,Kolkata,Web
TXN100369,C1215,M556,4171.23,18,30,Debit Card,Delhi,POS Terminal
TXN100370,C1169,M531,2039.55,17,8,UPI,Bengaluru,Web
TXN100371,C1251,M562,4498.85,12,25,Net Banking,Bengaluru,Web
TXN100372,C1359,M511,5615.8,18,5,Debit Card,Pune,POS Terminal
TXN100373,C1321,M562,843.06,12,30,UPI,Bengaluru,iOS
TXN100374,C1054,M576,297.35,17,15,UPI,Mumbai,iOS
TXN100375,C1455,M500,1185.23,16,26,UPI,Mumbai,Web
TXN100376,C1431,M550,3024.31,9,2,Credit Card,Mumbai,Android
TXN100377,C1090,M569,4105.61,18,5,Net Banking,Ahmedabad,POS Terminal
TXN100378,C1277,M507,1165.24,14,10,Credit Card,Bengaluru,POS Terminal
TXN100379,C1100,M567,5442.52,9,30,UPI,Mumbai,iOS
TXN100380,C1154,M504,6353.68,6,19,Debit Card,Mumbai,Android
TXN100381,C1376,M538,1179.74,14,14,Debit Card,Ahmedabad,iOS
TXN100382,C1348,M522,1572.44,17,27,Credit Card,Mumbai,iOS
TXN100383,C1450,M567,5559.61,12,30,Net Banking,Bengaluru,Web
TXN100384,C1363,M551,2310.99,13,13,UPI,Pune,POS Terminal
TXN100385,C1140,M503,7795.2,17,14,Net Banking,Ahmedabad,Web
TXN100386,C1172,M546,1973.63,12,4,Credit Card,Kolkata,Web
TXN100387,C1009,M520,1245.62,15,7,Debit Card,Bengaluru,Android
TXN100388,C1227,M555,3663.46,10,18,Debit Card,Bengaluru,POS Terminal
TXN100389,C1264,M565,2302.08,15,30,Credit Card,Pune,Android
TXN100390,C1437,M558,2154.64,13,6,UPI,Mumbai,Android
TXN100391,C1247,M506,1738.3,12,15,Credit Card,Hyderabad,Web
TXN100392,C1246,M548,2554.35,12,11,Credit Card,Hyderabad,iOS
TXN100393,C1154,M515,3582.56,10,17,Credit Card,Bengaluru,POS Terminal
TXN100394,C1033,M516,459.68,18,10,UPI,Pune,iOS
TXN100395,C1498,M574,1423.98,19,16,UPI,Kolkata,POS Terminal
TXN100396,C1128,M533,1473.12,7,19,Debit Card,Mumbai,iOS
TXN100397,C1159,M532,1673.04,14,11,Net Banking,Mumbai,Web
TXN100398,C1088,M525,28936.3,1,7,UPI,Delhi,POS Terminal
TXN100399,C1092,M565,5339.63,15,27,UPI,Kolkata,iOS
TXN100400,C1326,M562,3280.73,16,28,UPI,Hyderabad,iOS
TXN100401,C1240,M540,2073.63,23,21,Credit Card,Hyderabad,POS Terminal
TXN100402,C1322,M557,444.04,18,28,Net Banking,Ahmedabad,Android
TXN100403,C1467,M578,1198.65,21,24,Debit Card,Kolkata,Android
TXN100404,C1403,M509,1447.51,10,23,Debit Card,Mumbai,POS Terminal
TXN100405,C1116,M514,2082.38,10,23,Credit Card,Pune,Web
TXN100406,C1093,M541,1671.02,15,14,Debit Card,Chennai,POS Terminal
TXN100407,C1162,M556,2049.58,20,1,Credit Card,Bengaluru,POS Terminal
TXN100408,C1098,M516,2631.45,15,17,Credit Card,Bengaluru,iOS
TXN100409,C1112,M559,2670.0,16,29,UPI,Hyderabad,Web
TXN100410,C1358,M508,4935.75,14,22,UPI,Mumbai,Android
TXN100411,C1090,M535,1874.26,19,13,UPI,Pune,iOS
TXN100412,C1345,M572,872.05,15,8,Net Banking,Hyderabad,iOS
TXN100413,C1205,M579,5727.71,11,19,Net Banking,Bengaluru,Android
TXN100414,C1016,M535,4548.73,23,24,Debit Card,Mumbai,iOS
TXN100415,C1273,M547,3462.29,19,8,Net Banking,Kolkata,Web
TXN100416,C1172,M550,2164.43,15,17,UPI,Kolkata,iOS
TXN100417,C1115,M569,2062.48,22,27,Net Banking,Delhi,Android
TXN100418,C1348,M573,1199.35,19,5,Debit Card,Mumbai,Android
TXN100419,C1467,M579,1003.55,18,25,UPI,Kolkata,Web
TXN100420,C1180,M567,1616.38,17,11,Net Banking,Kolkata,Web
TXN100421,C1090,M521,2809.83,17,26,UPI,Pune,POS Terminal
TXN100422,C1081,M576,1604.15,19,14,Debit Card,Hyderabad,POS Terminal
TXN100423,C1323,M579,1630.95,15,10,Debit Card,Kolkata,Android
TXN100424,C1448,M505,1090.5,11,27,UPI,Delhi,Web
TXN100425,C1113,M525,6470.65,12,12,Credit Card,Delhi,Android
TXN100426,C1256,M574,1551.37,7,3,Debit Card,Bengaluru,Web
TXN100427,C1057,M502,5272.49,15,9,Net Banking,Pune,Android
TXN100428,C1153,M551,1904.11,13,29,Debit Card,Chennai,Web
TXN100429,C1364,M573,1790.26,17,11,UPI,Chennai,Web
TXN100430,C1403,M559,1333.87,23,9,UPI,Mumbai,POS Terminal
TXN100431,C1115,M562,31787.34,4,1,Debit Card,Kolkata,POS Terminal
TXN100432,C1342,M564,3584.83,7,18,UPI,Delhi,POS Terminal
TXN100433,C1265,M551,4675.06,13,3,Credit Card,Delhi,Web
TXN100434,C1314,M575,1734.52,11,14,Debit Card,Chennai,Web
TXN100435,C1202,M513,5069.73,11,4,Credit Card,Chennai,POS Terminal
TXN100436,C1040,M571,4294.34,16,28,Debit Card,Kolkata,POS Terminal
TXN100437,C1104,M567,2836.46,19,5,Credit Card,Delhi,iOS
TXN100438,C1388,M527,2482.71,16,21,Net Banking,Ahmedabad,Android
TXN100439,C1377,M570,2929.95,16,10,UPI,Chennai,POS Terminal
TXN100440,C1192,M509,3450.91,14,27,UPI,Kolkata,Android
TXN100441,C1400,M556,1230.73,22,5,Debit Card,Pune,iOS
TXN100442,C1277,M565,1422.27,15,3,Debit Card,Bengaluru,Web
TXN100443,C1353,M549,2638.87,16,22,Credit Card,Kolkata,Web
TXN100444,C1236,M513,2730.56,15,20,UPI,Ahmedabad,Android
TXN100445,C1424,M515,837.47,13,9,UPI,Delhi,Android
TXN100446,C1220,M553,3494.56,12,12,Credit Card,Kolkata,Android
TXN100447,C1067,M542,641.99,19,2,Net Banking,Ahmedabad,iOS
TXN100448,C1196,M541,3258.57,16,11,Net Banking,Pune,Android
TXN100449,C1255,M521,535.99,13,1,Net Banking,Kolkata,POS Terminal
TXN100450,C1138,M567,3462.32,6,23,Debit Card,Kolkata,POS Terminal
TXN100451,C1311,M518,1540.33,13,16,Credit Card,Kolkata,iOS
TXN100452,C1434,M565,3534.74,20,25,Credit Card,Pune,iOS
TXN100453,C1148,M538,3653.54,21,26,Net Banking,Pune,Android
TXN100454,C1098,M572,2854.41,18,25,Credit Card,Bengaluru,Android
TXN100455,C1075,M518,3226.7,18,3,Credit Card,Mumbai,Android
TXN100456,C1281,M515,350.38,10,28,Net Banking,Mumbai,Web
TXN100457,C1370,M553,3821.08,9,27,Debit Card,Hyderabad,Web
TXN100458,C1402,M524,1980.08,19,13,Credit Card,Delhi,POS Terminal
TXN100459,C1108,M517,1461.28,20,15,UPI,Delhi,Web
TXN100460,C1187,M522,2747.55,18,1,Debit Card,Hyderabad,Android
TXN100461,C1198,M510,1137.41,17,25,Credit Card,Delhi,iOS
TXN100462,C1302,M538,5716.9,16,23,Credit Card,Bengaluru,iOS
TXN100463,C1326,M567,4551.42,15,24,UPI,Hyderabad,POS Terminal
TXN100464,C1153,M524,1195.29,12,27,Credit Card,Chennai,Web
TXN100465,C1039,M562,3881.1,14,16,UPI,Pune,iOS
TXN100466,C1132,M529,4139.16,16,15,UPI,Mumbai,Web
TXN100467,C1404,M544,2145.46,16,6,Credit Card,Bengaluru,iOS
TXN100468,C1461,M560,1932.15,15,26,Debit Card,Bengaluru,Android
TXN100469,C1131,M550,1637.94,11,22,Debit Card,Mumbai,Android
TXN100470,C1278,M508,1998.42,17,27,Credit Card,Pune,iOS
TXN100471,C1361,M575,3174.84,22,15,Credit Card,Ahmedabad,Web
TXN100472,C1083,M501,2762.55,12,20,Net Banking,Mumbai,Android
TXN100473,C1398,M504,2069.34,12,18,Net Banking,Delhi,iOS
TXN100474,C1241,M561,1863.72,13,17,Net Banking,Mumbai,Web
TXN100475,C1115,M568,2150.04,9,14,Debit Card,Delhi,iOS
TXN100476,C1108,M551,2143.92,20,22,Net Banking,Delhi,Web
TXN100477,C1220,M504,3780.0,8,25,Credit Card,Kolkata,iOS
TXN100478,C1391,M558,3268.23,8,26,Credit Card,Bengaluru,iOS
TXN100479,C1040,M567,5419.66,16,26,UPI,Kolkata,Android
TXN100480,C1367,M508,3852.34,16,18,Debit Card,Chennai,POS Terminal
TXN100481,C1146,M521,1336.68,11,17,Net Banking,Mumbai,Web
TXN100482,C1111,M526,1587.5,14,1,UPI,Kolkata,Android
TXN100483,C1102,M509,7126.72,17,14,Debit Card,Ahmedabad,Android
TXN100484,C1045,M579,1566.85,11,7,UPI,Hyderabad,POS Terminal
TXN100485,C1411,M560,2008.55,13,30,Debit Card,Hyderabad,Android
TXN100486,C1493,M550,2877.2,15,1,Debit Card,Mumbai,iOS
TXN100487,C1474,M509,4588.92,9,25,UPI,Bengaluru,POS Terminal
TXN100488,C1323,M505,2296.9,18,25,Net Banking,Kolkata,iOS
TXN100489,C1377,M561,2478.1,8,27,Credit Card,Chennai,Android
TXN100490,C1270,M504,6080.17,16,3,Net Banking,Hyderabad,Web
TXN100491,C1482,M569,2149.19,10,11,Debit Card,Delhi,iOS
TXN100492,C1420,M562,2996.47,18,18,Credit Card,Pune,Android
TXN100493,C1384,M555,1779.33,15,25,Credit Card,Mumbai,POS Terminal
TXN100494,C1194,M558,2264.48,19,30,Net Banking,Mumbai,iOS
TXN100495,C1366,M562,41515.01,1,14,Net Banking,Ahmedabad,Android
TXN100496,C1279,M558,3251.56,16,3,Net Banking,Hyderabad,iOS
TXN100497,C1282,M550,2847.57,13,2,UPI,Kolkata,Android
TXN100498,C1039,M549,4977.28,16,20,Credit Card,Pune,POS Terminal
TXN100499,C1446,M503,2901.98,19,15,Credit Card,Delhi,Web
TXN100500,C1188,M547,1530.9,12,7,Debit Card,Ahmedabad,Web
TXN100501,C1163,M531,4400.04,16,13,Debit Card,Bengaluru,Web
TXN100502,C1481,M550,2284.51,15,4,Debit Card,Delhi,POS Terminal
TXN100503,C1476,M551,1739.92,9,8,Net Banking,Chennai,Web
TXN100504,C1023,M573,4221.9,20,28,Credit Card,Chennai,POS Terminal
TXN100505,C1023,M533,4897.49,11,21,Net Banking,Chennai,Web
TXN100506,C1489,M535,2259.5,18,30,Net Banking,Kolkata,Android
TXN100507,C1003,M569,1664.75,11,2,Debit Card,Ahmedabad,POS Terminal
TXN100508,C1322,M542,459.11,10,13,Debit Card,Ahmedabad,iOS
TXN100509,C1289,M515,3046.31,14,26,Debit Card,Pune,POS Terminal
TXN100510,C1440,M558,4093.55,16,4,UPI,Ahmedabad,Android
TXN100511,C1432,M552,5296.46,14,13,Credit Card,Bengaluru,Web
TXN100512,C1470,M518,2566.51,13,16,Net Banking,Pune,Android
TXN100513,C1180,M540,1544.4,11,12,UPI,Kolkata,Android
TXN100514,C1247,M546,2387.95,18,13,UPI,Hyderabad,Android
TXN100515,C1115,M553,1811.21,8,23,UPI,Delhi,Android
TXN100516,C1278,M554,2688.94,14,29,Debit Card,Pune,Web
TXN100517,C1364,M518,1865.62,12,1,UPI,Chennai,Android
TXN100518,C1068,M561,1897.68,12,23,Credit Card,Bengaluru,Android
TXN100519,C1350,M558,2299.62,18,3,UPI,Ahmedabad,POS Terminal
TXN100520,C1253,M564,999.0,17,23,UPI,Bengaluru,Android
TXN100521,C1180,M567,1340.33,6,3,Net Banking,Kolkata,Web
TXN100522,C1317,M527,2122.43,17,12,Credit Card,Mumbai,POS Terminal
TXN100523,C1168,M517,3662.11,16,28,Debit Card,Mumbai,POS Terminal
TXN100524,C1312,M525,814.71,20,24,Net Banking,Mumbai,Android
TXN100525,C1248,M518,3784.78,7,4,Net Banking,Chennai,iOS
TXN100526,C1187,M554,3585.52,14,1,Net Banking,Hyderabad,Web
TXN100527,C1053,M556,716.75,13,17,UPI,Ahmedabad,Web
TXN100528,C1325,M505,3561.95,16,20,Credit Card,Bengaluru,POS Terminal
TXN100529,C1356,M500,988.35,7,9,UPI,Mumbai,Android
TXN100530,C1312,M507,1417.36,15,5,Net Banking,Mumbai,Web
TXN100531,C1137,M550,1969.75,15,29,UPI,Mumbai,iOS
TXN100532,C1167,M524,87682.7,2,21,Debit Card,Bengaluru,iOS
TXN100533,C1390,M546,3196.79,18,3,Credit Card,Mumbai,iOS
TXN100534,C1102,M554,6517.5,16,21,Net Banking,Ahmedabad,POS Terminal
TXN100535,C1421,M563,2146.13,20,7,Net Banking,Pune,POS Terminal
TXN100536,C1084,M509,5886.64,13,3,UPI,Mumbai,Web
TXN100537,C1316,M555,623.11,6,5,UPI,Kolkata,Web
TXN100538,C1211,M511,3198.48,14,12,Net Banking,Kolkata,iOS
TXN100539,C1002,M532,2117.09,19,3,Net Banking,Pune,Web
TXN100540,C1383,M570,860.55,19,1,Credit Card,Ahmedabad,Web
TXN100541,C1178,M516,36799.57,5,22,UPI,Ahmedabad,Web
TXN100542,C1341,M560,1956.75,17,3,Debit Card,Ahmedabad,Web
TXN100543,C1302,M509,4959.53,20,16,Credit Card,Bengaluru,Web
TXN100544,C1451,M530,1342.68,7,18,Debit Card,Bengaluru,Android
TXN100545,C1475,M559,7323.2,12,3,Credit Card,Kolkata,POS Terminal
TXN100546,C1331,M569,1242.78,17,29,Net Banking,Chennai,POS Terminal
TXN100547,C1037,M516,1555.11,12,5,UPI,Chennai,Web
TXN100548,C1498,M549,1047.0,15,5,Credit Card,Kolkata,Android
TXN100549,C1419,M536,3062.61,10,9,Net Banking,Kolkata,Android
TXN100550,C1238,M561,2613.43,16,12,Net Banking,Mumbai,iOS
TXN100551,C1168,M579,4496.59,12,16,Credit Card,Mumbai,Web
TXN100552,C1452,M571,2660.21,19,27,Credit Card,Bengaluru,Web
TXN100553,C1396,M576,3671.56,9,9,UPI,Chennai,Android
TXN100554,C1342,M528,3043.2,13,18,Net Banking,Chennai,Android
TXN100555,C1313,M531,3700.63,12,27,Net Banking,Mumbai,iOS
TXN100556,C1305,M579,2869.51,15,22,UPI,Hyderabad,POS Terminal
TXN100557,C1029,M510,2371.6,17,29,Net Banking,Ahmedabad,Android
TXN100558,C1189,M505,4544.31,9,25,Debit Card,Pune,Android
TXN100559,C1356,M534,1066.67,12,25,Net Banking,Mumbai,Web
TXN100560,C1024,M532,2890.64,11,11,Debit Card,Chennai,Web
TXN100561,C1111,M517,2057.11,9,22,UPI,Kolkata,Android
TXN100562,C1410,M536,1199.24,13,17,UPI,Chennai,POS Terminal
TXN100563,C1434,M512,3638.46,23,1,Credit Card,Pune,iOS
TXN100564,C1205,M573,4775.88,11,25,UPI,Bengaluru,iOS
TXN100565,C1184,M563,2919.65,11,3,Debit Card,Bengaluru,POS Terminal
TXN100566,C1381,M500,2339.47,15,5,UPI,Pune,Web
TXN100567,C1495,M562,2690.43,12,22,Debit Card,Kolkata,POS Terminal
TXN100568,C1378,M533,1204.22,17,1,UPI,Delhi,iOS
TXN100569,C1046,M509,555.81,11,15,Net Banking,Kolkata,Android
TXN100570,C1373,M506,1911.49,10,17,UPI,Delhi,Web
TXN100571,C1227,M555,3132.76,15,4,Credit Card,Bengaluru,Web
TXN100572,C1038,M579,1942.88,11,22,Debit Card,Chennai,POS Terminal
TXN100573,C1015,M536,2549.95,15,24,UPI,Chennai,Android
TXN100574,C1021,M528,5615.1,20,23,Net Banking,Kolkata,POS Terminal
TXN100575,C1212,M511,1908.12,19,14,Credit Card,Hyderabad,POS Terminal
TXN100576,C1309,M516,6167.75,22,2,Net Banking,Mumbai,Web
TXN100577,C1148,M547,3212.82,19,4,Credit Card,Pune,Web
TXN100578,C1455,M525,1014.92,12,5,Net Banking,Mumbai,POS Terminal
TXN100579,C1240,M511,2776.18,11,24,Net Banking,Hyderabad,iOS
TXN100580,C1271,M520,3363.0,17,7,Debit Card,Ahmedabad,Web
TXN100581,C1058,M541,2107.41,10,4,Net Banking,Hyderabad,POS Terminal
TXN100582,C1286,M560,2539.3,9,8,Credit Card,Ahmedabad,iOS
TXN100583,C1425,M557,3440.19,14,11,Net Banking,Bengaluru,POS Terminal
TXN100584,C1201,M553,5814.83,17,8,Debit Card,Chennai,iOS
TXN100585,C1031,M533,1007.65,11,4,Net Banking,Delhi,POS Terminal
TXN100586,C1442,M506,1029.69,16,11,Debit Card,Hyderabad,Web
TXN100587,C1161,M534,3085.43,20,12,Debit Card,Pune,POS Terminal
TXN100588,C1254,M514,2886.36,10,28,Credit Card,Chennai,Web
TXN100589,C1253,M564,1073.68,20,2,Net Banking,Hyderabad,POS Terminal
TXN100590,C1008,M524,1668.07,18,15,Credit Card,Kolkata,Android
TXN100591,C1464,M558,1751.48,17,14,Debit Card,Ahmedabad,POS Terminal
TXN100592,C1138,M578,2840.01,17,19,Credit Card,Kolkata,POS Terminal
TXN100593,C1479,M505,1790.81,14,21,Credit Card,Delhi,Web
TXN100594,C1009,M551,2530.47,13,30,Debit Card,Chennai,Web
TXN100595,C1213,M578,6292.32,19,17,Debit Card,Mumbai,POS Terminal
TXN100596,C1272,M520,1230.35,14,16,Credit Card,Pune,Web
TXN100597,C1323,M570,2310.99,13,5,Net Banking,Pune,Web
TXN100598,C1047,M531,1690.52,15,20,Debit Card,Hyderabad,Android
TXN100599,C1435,M552,2389.26,9,21,Debit Card,Hyderabad,Web
TXN100600,C1110,M558,2586.42,13,28,Net Banking,Mumbai,Web
TXN100601,C1152,M568,2934.17,8,28,UPI,Mumbai,POS Terminal
TXN100602,C1122,M561,2617.1,14,1,Debit Card,Pune,POS Terminal
TXN100603,C1404,M503,2237.0,16,10,UPI,Bengaluru,Web
TXN100604,C1356,M517,960.2,9,7,Net Banking,Mumbai,POS Terminal
TXN100605,C1101,M555,2868.38,15,10,Net Banking,Delhi,iOS
TXN100606,C1240,M523,3747.88,10,25,Net Banking,Hyderabad,Android
TXN100607,C1320,M565,886.57,13,16,Net Banking,Chennai,POS Terminal
TXN100608,C1190,M512,2502.24,13,5,Credit Card,Hyderabad,iOS
TXN100609,C1216,M561,1855.66,12,19,Credit Card,Hyderabad,Web
TXN100610,C1050,M553,2923.75,7,25,UPI,Delhi,Web
TXN100611,C1291,M514,2029.28,16,6,Net Banking,Delhi,POS Terminal
TXN100612,C1080,M568,1881.04,17,12,UPI,Pune,POS Terminal
TXN100613,C1488,M502,3791.26,11,6,UPI,Kolkata,Android
TXN100614,C1382,M536,5035.01,15,10,Net Banking,Kolkata,iOS
TXN100615,C1087,M536,2067.24,20,10,UPI,Bengaluru,POS Terminal
TXN100616,C1193,M502,2354.86,17,13,UPI,Ahmedabad,iOS
TXN100617,C1103,M562,4023.45,11,19,UPI,Pune,Web
TXN100618,C1270,M534,5740.54,19,30,UPI,Hyderabad,iOS
TXN100619,C1095,M551,2681.0,10,17,Credit Card,Kolkata,iOS
TXN100620,C1422,M527,1313.46,16,16,UPI,Pune,POS Terminal
TXN100621,C1378,M517,1021.86,20,4,Net Banking,Kolkata,Web
TXN100622,C1197,M535,1310.59,9,30,UPI,Pune,Web
TXN100623,C1000,M532,1226.77,15,20,Net Banking,Ahmedabad,iOS
TXN100624,C1494,M563,1432.85,17,3,Net Banking,Ahmedabad,Web
TXN100625,C1406,M525,963.81,19,29,Credit Card,Mumbai,Android
TXN100626,C1377,M547,3830.84,14,30,Credit Card,Kolkata,Web
TXN100627,C1166,M539,1082.31,15,27,UPI,Hyderabad,iOS
TXN100628,C1125,M516,4155.97,16,5,UPI,Hyderabad,iOS
TXN100629,C1312,M539,1256.3,16,13,Debit Card,Mumbai,Web
TXN100630,C1080,M506,2244.31,15,14,UPI,Pune,Android
TXN100631,C1417,M556,4640.45,14,9,Debit Card,Bengaluru,Web
TXN100632,C1250,M507,2477.3,21,9,Debit Card,Hyderabad,Android
TXN100633,C1168,M555,2935.91,22,8,Credit Card,Mumbai,POS Terminal
TXN100634,C1476,M530,2071.31,10,28,Net Banking,Chennai,Android
TXN100635,C1072,M558,1189.22,17,10,Debit Card,Delhi,POS Terminal
TXN100636,C1140,M557,6552.52,17,22,UPI,Ahmedabad,Android
TXN100637,C1069,M511,1018.99,12,29,Debit Card,Hyderabad,Android
TXN100638,C1261,M547,2051.51,18,20,Credit Card,Chennai,Android
TXN100639,C1339,M530,4363.99,11,30,Debit Card,Hyderabad,POS Terminal
TXN100640,C1307,M562,4802.82,16,18,Debit Card,Bengaluru,Android
TXN100641,C1244,M573,2517.22,21,12,Debit Card,Mumbai,iOS
TXN100642,C1002,M538,3059.42,14,13,Debit Card,Kolkata,Android
TXN100643,C1336,M575,3176.21,20,16,Debit Card,Ahmedabad,Android
TXN100644,C1062,M519,2061.29,13,26,Debit Card,Kolkata,iOS
TXN100645,C1048,M547,2020.64,17,3,Debit Card,Kolkata,Android
TXN100646,C1075,M570,2957.05,7,9,Credit Card,Mumbai,iOS
TXN100647,C1367,M553,3646.04,16,16,UPI,Chennai,Android
TXN100648,C1174,M577,2398.81,14,17,Credit Card,Chennai,POS Terminal
TXN100649,C1108,M574,1645.54,8,16,Debit Card,Delhi,POS Terminal
TXN100650,C1182,M570,2203.23,11,23,Debit Card,Pune,iOS
TXN100651,C1191,M528,2675.22,20,10,Net Banking,Pune,POS Terminal
TXN100652,C1064,M573,1870.01,15,22,Credit Card,Mumbai,Web
TXN100653,C1336,M572,2745.95,6,18,Debit Card,Ahmedabad,POS Terminal
TXN100654,C1450,M547,6326.86,14,21,Net Banking,Chennai,POS Terminal
TXN100655,C1473,M573,1168.12,17,2,Credit Card,Bengaluru,iOS
TXN100656,C1270,M555,5320.15,15,14,Debit Card,Hyderabad,Web
TXN100657,C1099,M516,2095.25,16,25,Net Banking,Kolkata,iOS
TXN100658,C1031,M508,1674.99,16,5,Net Banking,Delhi,Web
TXN100659,C1351,M533,1217.13,11,6,Debit Card,Bengaluru,Web
TXN100660,C1127,M544,4980.02,11,20,UPI,Pune,iOS
TXN100661,C1451,M508,1325.13,10,1,Debit Card,Kolkata,POS Terminal
TXN100662,C1401,M506,777.08,13,15,Net Banking,Bengaluru,Android
TXN100663,C1368,M515,3095.24,22,3,UPI,Delhi,Web
TXN100664,C1338,M518,4608.62,21,21,UPI,Hyderabad,iOS
TXN100665,C1042,M505,5801.78,16,19,Credit Card,Delhi,POS Terminal
TXN100666,C1371,M510,1871.48,18,24,UPI,Chennai,Web
TXN100667,C1418,M575,3023.26,15,18,Net Banking,Pune,iOS
TXN100668,C1487,M560,1021.08,13,28,Net Banking,Bengaluru,Web
TXN100669,C1077,M541,1317.06,15,15,Credit Card,Pune,iOS
TXN100670,C1313,M512,3852.64,12,18,Net Banking,Mumbai,Android
TXN100671,C1288,M511,2844.36,15,1,Net Banking,Chennai,Web
TXN100672,C1269,M573,2045.05,16,28,Net Banking,Hyderabad,Android
TXN100673,C1161,M519,3351.38,11,14,Credit Card,Pune,iOS
TXN100674,C1188,M549,1642.44,10,17,UPI,Bengaluru,Android
TXN100675,C1246,M535,2488.3,14,20,Credit Card,Hyderabad,Android
TXN100676,C1387,M568,1385.96,11,8,UPI,Bengaluru,iOS
TXN100677,C1215,M536,2641.8,16,24,Net Banking,Delhi,iOS
TXN100678,C1314,M511,3054.68,9,8,Debit Card,Chennai,Android
TXN100679,C1412,M539,9593.83,17,27,Credit Card,Mumbai,iOS
TXN100680,C1338,M553,4950.63,16,17,UPI,Hyderabad,POS Terminal
TXN100681,C1389,M501,1313.71,13,30,UPI,Kolkata,iOS
TXN100682,C1376,M549,1210.06,19,1,Net Banking,Ahmedabad,iOS
TXN100683,C1480,M540,2503.93,11,7,UPI,Chennai,Android
TXN100684,C1432,M544,3384.6,13,23,Net Banking,Bengaluru,POS Terminal
TXN100685,C1167,M508,3492.73,8,26,Net Banking,Pune,Web
TXN100686,C1338,M561,6420.52,18,14,Net Banking,Hyderabad,Android
TXN100687,C1192,M546,6006.77,16,21,UPI,Kolkata,POS Terminal
TXN100688,C1452,M504,3006.56,19,24,Debit Card,Bengaluru,Web
TXN100689,C1282,M575,3029.68,14,6,Credit Card,Kolkata,Web
TXN100690,C1335,M500,2414.48,18,17,UPI,Pune,POS Terminal
TXN100691,C1389,M543,1926.65,15,14,Credit Card,Kolkata,Web
TXN100692,C1487,M521,885.9,11,7,UPI,Bengaluru,Web
TXN100693,C1012,M537,1003.54,12,15,Net Banking,Ahmedabad,POS Terminal
TXN100694,C1239,M518,2840.64,12,8,Credit Card,Chennai,POS Terminal
TXN100695,C1319,M579,2688.48,14,28,Net Banking,Chennai,POS Terminal
TXN100696,C1445,M530,3651.83,10,24,UPI,Kolkata,Android
TXN100697,C1482,M566,1478.3,20,16,UPI,Delhi,POS Terminal
TXN100698,C1146,M541,941.73,12,10,Debit Card,Mumbai,Android
TXN100699,C1203,M525,977.99,16,29,Credit Card,Delhi,Android
TXN100700,C1079,M512,2667.73,15,9,UPI,Bengaluru,POS Terminal
TXN100701,C1378,M557,1121.01,14,19,UPI,Delhi,Web
TXN100702,C1042,M517,75579.24,4,30,Debit Card,Ahmedabad,Android
TXN100703,C1457,M566,2371.42,8,2,Debit Card,Hyderabad,Android
TXN100704,C1088,M502,3019.87,19,8,Debit Card,Hyderabad,Web
TXN100705,C1147,M554,930.69,20,30,Net Banking,Kolkata,Web
TXN100706,C1094,M557,2425.88,13,11,Debit Card,Kolkata,iOS
TXN100707,C1451,M562,1378.35,17,4,Debit Card,Bengaluru,iOS
TXN100708,C1427,M551,3733.22,15,18,Credit Card,Pune,Android
TXN100709,C1150,M523,1533.78,12,18,Net Banking,Mumbai,POS Terminal
TXN100710,C1001,M571,5191.8,15,2,Net Banking,Pune,Android
TXN100711,C1375,M508,886.12,16,5,UPI,Delhi,Android
TXN100712,C1021,M536,5234.22,9,14,Credit Card,Kolkata,Android
TXN100713,C1370,M552,3009.4,10,13,Debit Card,Delhi,Web
TXN100714,C1312,M579,963.63,16,8,Net Banking,Mumbai,Web
TXN100715,C1484,M523,1502.68,13,25,UPI,Bengaluru,POS Terminal
TXN100716,C1327,M520,1514.55,15,11,Credit Card,Delhi,iOS
TXN100717,C1006,M539,1227.16,11,22,Debit Card,Chennai,POS Terminal
TXN100718,C1205,M561,3963.61,18,8,Credit Card,Bengaluru,Web
TXN100719,C1439,M569,1268.71,11,15,Credit Card,Ahmedabad,POS Terminal
TXN100720,C1374,M568,3005.29,10,6,Debit Card,Delhi,Web
TXN100721,C1450,M513,118972.96,5,17,UPI,Pune,Android
TXN100722,C1113,M541,4372.7,11,11,Debit Card,Delhi,iOS
TXN100723,C1271,M549,2067.17,13,25,Net Banking,Mumbai,Web
TXN100724,C1082,M560,1743.47,10,26,Debit Card,Bengaluru,Web
TXN100725,C1178,M503,1523.03,20,7,Credit Card,Pune,iOS
TXN100726,C1209,M571,5654.89,12,2,UPI,Bengaluru,Android
TXN100727,C1499,M574,3621.12,12,3,Debit Card,Delhi,Android
TXN100728,C1463,M516,1444.27,13,18,Net Banking,Mumbai,POS Terminal
TXN100729,C1327,M556,1708.5,15,25,UPI,Delhi,Android
TXN100730,C1123,M547,3243.44,23,24,Credit Card,Pune,Web
TXN100731,C1480,M543,2010.67,19,21,Debit Card,Chennai,Web
TXN100732,C1112,M544,2579.36,15,20,UPI,Hyderabad,POS Terminal
TXN100733,C1011,M579,2096.22,11,23,UPI,Delhi,iOS
TXN100734,C1125,M532,146078.88,2,30,Credit Card,Kolkata,Web
TXN100735,C1052,M530,3961.77,17,14,UPI,Delhi,Android
TXN100736,C1330,M546,1382.54,14,9,UPI,Ahmedabad,Android
TXN100737,C1388,M505,1966.23,9,8,Net Banking,Ahmedabad,Web
TXN100738,C1282,M571,1646.66,12,24,UPI,Kolkata,Web
TXN100739,C1139,M570,1260.12,15,27,Debit Card,Ahmedabad,Android
TXN100740,C1400,M533,1213.54,19,18,Net Banking,Pune,POS Terminal
TXN100741,C1389,M552,1596.11,16,12,Net Banking,Kolkata,Web
TXN100742,C1096,M513,1953.33,16,12,Debit Card,Bengaluru,Web
TXN100743,C1004,M515,2678.87,10,10,Net Banking,Kolkata,iOS
TXN100744,C1056,M542,2929.84,15,9,Credit Card,Pune,POS Terminal
TXN100745,C1411,M572,2046.99,6,2,Credit Card,Hyderabad,iOS
TXN100746,C1333,M573,810.72,23,24,Debit Card,Ahmedabad,Web
TXN100747,C1068,M511,1390.86,9,21,UPI,Bengaluru,Android
TXN100748,C1117,M569,2187.55,9,11,Net Banking,Bengaluru,Android
TXN100749,C1375,M518,1267.01,15,22,Debit Card,Delhi,Web
TXN100750,C1058,M540,2780.33,11,10,Net Banking,Hyderabad,Web
TXN100751,C1032,M552,871.89,18,25,Credit Card,Ahmedabad,iOS
TXN100752,C1317,M528,1947.64,19,8,Credit Card,Mumbai,Android
TXN100753,C1049,M569,1913.98,11,5,Debit Card,Delhi,Android
TXN100754,C1367,M558,3421.91,18,22,Net Banking,Chennai,iOS
TXN100755,C1488,M563,3506.55,10,5,Credit Card,Kolkata,POS Terminal
TXN100756,C1018,M523,9401.17,9,9,Net Banking,Chennai,Android
TXN100757,C1213,M515,6322.28,13,11,Credit Card,Mumbai,iOS
TXN100758,C1196,M551,50396.93,1,12,Credit Card,Mumbai,POS Terminal
TXN100759,C1378,M579,1049.38,16,5,Credit Card,Delhi,Android
TXN100760,C1449,M505,3995.22,10,6,Credit Card,Chennai,Web
TXN100761,C1477,M536,1101.21,22,1,UPI,Ahmedabad,iOS
TXN100762,C1046,M503,643.09,20,16,Debit Card,Delhi,POS Terminal
TXN100763,C1166,M537,774.99,16,24,Net Banking,Hyderabad,iOS
TXN100764,C1451,M540,953.92,11,14,Credit Card,Bengaluru,POS Terminal
TXN100765,C1288,M513,4457.32,13,24,Credit Card,Chennai,POS Terminal
TXN100766,C1140,M570,8613.28,14,14,Credit Card,Ahmedabad,Android
TXN100767,C1083,M550,3969.84,14,24,Debit Card,Mumbai,POS Terminal
TXN100768,C1181,M564,3677.33,13,13,Net Banking,Ahmedabad,iOS
TXN100769,C1390,M551,3174.88,13,30,Debit Card,Mumbai,iOS
TXN100770,C1078,M529,2234.84,9,12,Debit Card,Bengaluru,Android
TXN100771,C1214,M556,2157.19,17,23,Credit Card,Delhi,Web
TXN100772,C1013,M578,2890.82,13,7,Net Banking,Bengaluru,POS Terminal
TXN100773,C1214,M529,1883.82,10,6,Credit Card,Chennai,POS Terminal
TXN100774,C1402,M541,2761.63,16,23,Debit Card,Delhi,Android
TXN100775,C1127,M510,3251.27,14,9,UPI,Pune,Android
TXN100776,C1309,M526,6050.34,11,21,UPI,Mumbai,Android
TXN100777,C1476,M523,1933.91,19,16,Debit Card,Chennai,POS Terminal
TXN100778,C1247,M538,1568.33,9,9,Credit Card,Hyderabad,iOS
TXN100779,C1403,M571,1361.29,15,14,Credit Card,Mumbai,Web
TXN100780,C1028,M517,2825.25,16,9,Net Banking,Hyderabad,iOS
TXN100781,C1279,M576,4061.98,20,4,Net Banking,Hyderabad,Android
TXN100782,C1337,M544,436.35,18,9,UPI,Delhi,POS Terminal
TXN100783,C1318,M511,2521.59,10,8,Credit Card,Pune,iOS
TXN100784,C1201,M548,5862.93,17,14,Debit Card,Chennai,Web
TXN100785,C1360,M530,1821.21,11,27,Credit Card,Hyderabad,Android
TXN100786,C1056,M521,3243.77,16,5,Credit Card,Pune,Web
TXN100787,C1391,M543,2418.65,8,16,Debit Card,Bengaluru,POS Terminal
TXN100788,C1217,M563,116262.75,3,10,UPI,Bengaluru,Android
TXN100789,C1061,M576,2639.89,15,27,Debit Card,Ahmedabad,Android
TXN100790,C1156,M524,2544.24,18,3,Credit Card,Chennai,Android
TXN100791,C1201,M550,4562.03,14,9,Debit Card,Chennai,Web
TXN100792,C1016,M506,3138.34,18,3,Net Banking,Mumbai,POS Terminal
TXN100793,C1321,M505,547.22,13,19,Net Banking,Bengaluru,Android
TXN100794,C1005,M523,1101.08,15,19,Net Banking,Pune,iOS
TXN100795,C1057,M518,3037.01,16,1,Net Banking,Pune,Android
TXN100796,C1324,M508,1672.33,12,22,Debit Card,Mumbai,Android
TXN100797,C1411,M535,2589.02,8,19,UPI,Hyderabad,Android
TXN100798,C1317,M539,1112.29,12,26,UPI,Hyderabad,iOS
TXN100799,C1168,M523,3131.36,14,15,Net Banking,Mumbai,iOS
TXN100800,C1452,M547,3506.87,19,19,Credit Card,Bengaluru,POS Terminal
TXN100801,C1081,M562,1245.46,17,25,Debit Card,Hyderabad,Web
TXN100802,C1473,M568,1180.79,15,7,Credit Card,Bengaluru,Android
TXN100803,C1467,M552,789.32,15,30,Net Banking,Kolkata,Web
TXN100804,C1424,M553,954.15,16,24,Debit Card,Delhi,Web
TXN100805,C1432,M541,4592.91,16,1,Net Banking,Bengaluru,Android
TXN100806,C1218,M544,1041.28,11,24,Debit Card,Pune,Android
TXN100807,C1176,M513,5125.39,17,16,Net Banking,Ahmedabad,iOS
TXN100808,C1203,M528,1575.23,7,8,UPI,Delhi,POS Terminal
TXN100809,C1070,M505,3339.79,12,12,Debit Card,Ahmedabad,iOS
TXN100810,C1386,M506,1859.56,12,28,UPI,Mumbai,Web
TXN100811,C1265,M536,4954.24,15,30,Net Banking,Delhi,Android
TXN100812,C1097,M552,2067.05,10,24,Debit Card,Delhi,Web
TXN100813,C1344,M517,64038.33,2,6,Credit Card,Pune,iOS
TXN100814,C1290,M537,1484.41,7,10,Credit Card,Chennai,Web
TXN100815,C1207,M558,2510.02,14,14,Debit Card,Pune,Android
TXN100816,C1001,M500,6833.78,16,5,UPI,Pune,POS Terminal
TXN100817,C1123,M567,3249.48,8,4,Net Banking,Pune,Web
TXN100818,C1279,M543,3161.9,11,27,UPI,Hyderabad,POS Terminal
TXN100819,C1073,M546,944.35,10,25,UPI,Bengaluru,Web
TXN100820,C1165,M534,894.77,14,23,Debit Card,Hyderabad,Android
TXN100821,C1021,M559,5652.75,21,28,Credit Card,Kolkata,Android
TXN100822,C1153,M551,1266.7,18,14,Net Banking,Chennai,POS Terminal
TXN100823,C1426,M507,1319.96,11,17,UPI,Mumbai,Android
TXN100824,C1438,M579,1608.94,13,27,Credit Card,Mumbai,POS Terminal
TXN100825,C1294,M540,1452.6,11,1,UPI,Ahmedabad,iOS
TXN100826,C1218,M502,550.06,15,17,Debit Card,Pune,POS Terminal
TXN100827,C1156,M568,3110.29,18,20,Debit Card,Chennai,Web
TXN100828,C1494,M513,1662.25,11,9,UPI,Ahmedabad,POS Terminal
TXN100829,C1229,M525,2272.92,21,16,Credit Card,Delhi,POS Terminal
TXN100830,C1019,M569,52008.74,2,3,UPI,Mumbai,Web
TXN100831,C1474,M557,3034.7,7,10,Net Banking,Bengaluru,Android
TXN100832,C1040,M539,3446.44,16,17,UPI,Kolkata,Android
TXN100833,C1437,M550,2184.43,17,16,Net Banking,Hyderabad,iOS
TXN100834,C1147,M504,1013.11,14,30,UPI,Kolkata,Android
TXN100835,C1107,M576,2470.16,10,1,Net Banking,Chennai,iOS
TXN100836,C1402,M531,914.81,22,19,Credit Card,Delhi,iOS
TXN100837,C1083,M579,2554.82,15,29,UPI,Mumbai,iOS
TXN100838,C1482,M500,1970.23,10,15,UPI,Delhi,Android
TXN100839,C1366,M576,4162.74,20,27,Net Banking,Pune,Web
TXN100840,C1321,M553,627.81,15,7,Debit Card,Bengaluru,Android
TXN100841,C1413,M510,3940.38,9,8,Credit Card,Pune,Web
TXN100842,C1308,M552,826.13,14,4,Debit Card,Hyderabad,Android
TXN100843,C1289,M507,2839.41,16,12,Debit Card,Pune,iOS
TXN100844,C1405,M524,3329.99,19,2,UPI,Kolkata,Web
TXN100845,C1322,M539,408.1,13,7,UPI,Ahmedabad,Android
TXN100846,C1133,M531,3422.24,11,25,UPI,Bengaluru,Android
TXN100847,C1206,M527,647.85,18,26,Debit Card,Kolkata,POS Terminal
TXN100848,C1282,M577,1795.76,16,6,Credit Card,Kolkata,Web
TXN100849,C1265,M502,4121.24,13,30,Net Banking,Delhi,iOS
TXN100850,C1072,M578,1429.5,16,2,Net Banking,Delhi,iOS
TXN100851,C1480,M561,1885.58,14,25,Net Banking,Chennai,Web
TXN100852,C1351,M526,2570.68,15,7,Credit Card,Bengaluru,Android
TXN100853,C1047,M544,2360.78,14,25,Debit Card,Hyderabad,iOS
TXN100854,C1325,M524,3478.77,10,27,Debit Card,Bengaluru,Android
TXN100855,C1232,M560,3686.77,16,2,Credit Card,Pune,POS Terminal
TXN100856,C1442,M543,1317.57,18,26,UPI,Hyderabad,iOS
TXN100857,C1099,M545,2432.47,15,4,Credit Card,Kolkata,Android
TXN100858,C1058,M513,2537.54,11,16,Debit Card,Hyderabad,iOS
TXN100859,C1257,M507,1792.44,10,6,Net Banking,Delhi,Android
TXN100860,C1412,M547,8686.25,7,10,Net Banking,Mumbai,POS Terminal
TXN100861,C1451,M513,1002.33,20,23,Net Banking,Bengaluru,POS Terminal
TXN100862,C1064,M564,1172.42,20,14,UPI,Mumbai,POS Terminal
TXN100863,C1082,M579,1838.41,20,3,UPI,Bengaluru,Android
TXN100864,C1153,M506,1670.19,12,14,Credit Card,Chennai,iOS
TXN100865,C1472,M578,1983.73,17,29,Net Banking,Delhi,iOS
TXN100866,C1265,M548,64452.2,2,26,UPI,Pune,Android
TXN100867,C1308,M554,928.37,16,11,Debit Card,Hyderabad,POS Terminal
TXN100868,C1078,M512,2265.88,15,11,Credit Card,Bengaluru,POS Terminal
TXN100869,C1314,M572,2492.49,9,21,Debit Card,Chennai,Web
TXN100870,C1149,M555,1139.75,15,11,Debit Card,Kolkata,Android
TXN100871,C1434,M555,3493.17,14,4,Net Banking,Chennai,POS Terminal
TXN100872,C1047,M514,1960.08,17,5,Debit Card,Hyderabad,Web
TXN100873,C1404,M556,1966.18,18,6,Net Banking,Bengaluru,POS Terminal
TXN100874,C1378,M557,1168.29,10,22,Credit Card,Delhi,iOS
TXN100875,C1247,M534,1895.47,10,14,Debit Card,Hyderabad,Web
TXN100876,C1277,M515,1440.62,23,7,Net Banking,Bengaluru,Android
TXN100877,C1355,M507,1493.19,6,6,Debit Card,Mumbai,iOS
TXN100878,C1097,M544,2878.91,13,14,UPI,Delhi,iOS
TXN100879,C1413,M539,2746.21,18,22,UPI,Pune,Web
TXN100880,C1024,M553,3030.16,8,16,Debit Card,Chennai,iOS
TXN100881,C1492,M513,1928.22,12,4,UPI,Chennai,Web
TXN100882,C1283,M558,6191.72,6,18,Credit Card,Hyderabad,Android
TXN100883,C1448,M552,2083.32,10,26,UPI,Delhi,POS Terminal
TXN100884,C1368,M526,2544.33,13,7,Credit Card,Delhi,iOS
TXN100885,C1300,M546,395.2,14,23,Net Banking,Chennai,Android
TXN100886,C1067,M579,412.28,11,27,Credit Card,Ahmedabad,POS Terminal
TXN100887,C1006,M505,1218.15,7,19,Net Banking,Kolkata,Web
TXN100888,C1304,M554,2261.02,20,14,UPI,Pune,Web
TXN100889,C1136,M543,1757.04,22,15,Net Banking,Delhi,Android
TXN100890,C1163,M517,4867.77,8,21,UPI,Bengaluru,POS Terminal
TXN100891,C1082,M515,3198.25,20,6,Net Banking,Bengaluru,Web
TXN100892,C1384,M511,2085.54,18,10,Credit Card,Mumbai,POS Terminal
TXN100893,C1137,M519,1266.22,14,25,Debit Card,Mumbai,Web
TXN100894,C1419,M544,2643.1,17,3,Debit Card,Kolkata,POS Terminal
TXN100895,C1072,M563,2078.28,13,13,Debit Card,Delhi,Android
TXN100896,C1236,M558,3538.59,15,19,Net Banking,Ahmedabad,Android
TXN100897,C1045,M521,1624.65,17,21,Debit Card,Hyderabad,iOS
TXN100898,C1105,M546,2220.27,12,18,UPI,Delhi,iOS
TXN100899,C1415,M528,1361.96,17,3,UPI,Pune,Android
TXN100900,C1287,M544,4154.76,10,22,Credit Card,Mumbai,iOS
TXN100901,C1261,M576,2325.68,18,3,Net Banking,Chennai,Web
TXN100902,C1175,M508,5384.79,13,17,Credit Card,Kolkata,iOS
TXN100903,C1165,M523,969.42,15,23,Debit Card,Hyderabad,iOS
TXN100904,C1144,M514,3773.12,15,7,Net Banking,Pune,POS Terminal
TXN100905,C1329,M535,1731.91,12,2,Credit Card,Kolkata,Web
TXN100906,C1369,M512,453.44,11,5,UPI,Bengaluru,Android
TXN100907,C1282,M543,2198.51,15,9,Debit Card,Kolkata,Web
TXN100908,C1053,M570,662.01,19,29,Debit Card,Ahmedabad,POS Terminal
TXN100909,C1177,M571,5137.68,19,3,Debit Card,Hyderabad,iOS
TXN100910,C1418,M577,2054.32,16,8,Credit Card,Pune,Web
TXN100911,C1243,M575,80341.22,2,4,Debit Card,Pune,POS Terminal
TXN100912,C1340,M535,1628.12,17,3,UPI,Delhi,Android
TXN100913,C1126,M560,1859.84,15,18,Debit Card,Delhi,iOS
TXN100914,C1408,M539,79757.61,5,30,Credit Card,Chennai,POS Terminal
TXN100915,C1411,M526,1891.19,18,15,Credit Card,Hyderabad,POS Terminal
TXN100916,C1366,M500,2958.91,12,29,Debit Card,Pune,POS Terminal
TXN100917,C1270,M533,3988.82,12,25,Debit Card,Hyderabad,Android
TXN100918,C1131,M567,2575.42,20,11,Credit Card,Bengaluru,Android
TXN100919,C1092,M520,3626.18,14,5,UPI,Kolkata,POS Terminal
TXN100920,C1378,M532,1043.59,13,25,UPI,Delhi,Web
TXN100921,C1072,M506,1659.68,7,16,Debit Card,Delhi,Android
TXN100922,C1410,M564,1404.17,15,24,Debit Card,Chennai,Web
TXN100923,C1409,M502,1933.62,18,19,Debit Card,Kolkata,Web
TXN100924,C1402,M550,2577.76,11,4,Credit Card,Delhi,POS Terminal
TXN100925,C1247,M578,1885.21,15,28,Net Banking,Hyderabad,POS Terminal
TXN100926,C1347,M553,2485.64,16,22,Net Banking,Pune,iOS
TXN100927,C1272,M579,1894.44,6,11,Credit Card,Pune,Android
TXN100928,C1042,M573,3768.11,16,26,Debit Card,Delhi,Android
TXN100929,C1376,M558,1061.05,18,12,Net Banking,Ahmedabad,Android
TXN100930,C1040,M505,5082.84,11,5,Credit Card,Kolkata,POS Terminal
TXN100931,C1169,M528,2781.84,13,10,Credit Card,Bengaluru,Android
TXN100932,C1433,M516,2908.38,19,10,UPI,Pune,POS Terminal
TXN100933,C1211,M559,3219.6,17,19,Credit Card,Kolkata,Android
TXN100934,C1492,M521,34975.19,4,5,Debit Card,Hyderabad,Web
TXN100935,C1167,M523,3762.5,18,5,UPI,Pune,POS Terminal
TXN100936,C1038,M550,3873.15,13,25,Net Banking,Chennai,iOS
TXN100937,C1368,M549,3801.15,16,4,Credit Card,Delhi,iOS
TXN100938,C1244,M510,3551.25,14,24,UPI,Mumbai,Android
TXN100939,C1150,M555,1073.26,17,4,Credit Card,Mumbai,Web
TXN100940,C1110,M570,4292.01,14,26,Credit Card,Mumbai,Web
TXN100941,C1479,M541,1803.5,18,2,UPI,Delhi,Android
TXN100942,C1435,M538,36036.2,5,3,Net Banking,Ahmedabad,iOS
TXN100943,C1046,M568,431.88,17,29,Credit Card,Delhi,Android
TXN100944,C1062,M547,2666.38,10,4,Debit Card,Kolkata,Web
TXN100945,C1224,M556,1536.45,14,8,Net Banking,Delhi,Android
TXN100946,C1365,M520,1495.21,20,9,Net Banking,Delhi,Android
TXN100947,C1068,M519,2195.76,9,28,Credit Card,Bengaluru,Android
TXN100948,C1298,M514,1846.2,11,28,Net Banking,Pune,Web
TXN100949,C1431,M568,2556.33,13,22,UPI,Mumbai,iOS
TXN100950,C1289,M576,3539.29,17,30,UPI,Pune,POS Terminal
TXN100951,C1295,M550,1529.07,16,8,Net Banking,Pune,Android
TXN100952,C1202,M575,3926.63,17,12,Credit Card,Kolkata,POS Terminal
TXN100953,C1060,M561,2006.66,13,10,Debit Card,Ahmedabad,POS Terminal
TXN100954,C1433,M536,4123.67,21,5,Credit Card,Pune,iOS
TXN100955,C1450,M505,5954.27,16,5,Credit Card,Ahmedabad,iOS
TXN100956,C1317,M570,1217.67,14,24,Credit Card,Mumbai,Web
TXN100957,C1313,M525,4667.41,12,15,Net Banking,Mumbai,POS Terminal
TXN100958,C1160,M507,1726.57,15,20,Net Banking,Kolkata,POS Terminal
TXN100959,C1330,M572,1781.33,15,29,Credit Card,Ahmedabad,Android
TXN100960,C1015,M503,2555.87,15,3,Debit Card,Chennai,Android
TXN100961,C1337,M520,363.27,23,26,Credit Card,Delhi,iOS
TXN100962,C1093,M530,1752.81,16,2,Debit Card,Chennai,iOS
TXN100963,C1303,M520,1868.69,12,15,Credit Card,Hyderabad,iOS
TXN100964,C1137,M524,1275.16,14,13,Debit Card,Mumbai,Web
TXN100965,C1337,M514,176.04,14,28,Credit Card,Delhi,POS Terminal
TXN100966,C1037,M534,1522.21,18,24,UPI,Chennai,Web
TXN100967,C1126,M548,1694.03,15,12,Net Banking,Delhi,POS Terminal
TXN100968,C1274,M542,1085.19,10,14,Credit Card,Mumbai,iOS
TXN100969,C1163,M540,4360.48,15,12,Net Banking,Bengaluru,Web
TXN100970,C1442,M536,1394.75,18,15,Credit Card,Hyderabad,Web
TXN100971,C1318,M556,1903.09,17,21,Net Banking,Pune,POS Terminal
TXN100972,C1076,M541,2851.81,17,28,UPI,Mumbai,POS Terminal
TXN100973,C1173,M546,3112.17,15,22,Net Banking,Hyderabad,Web
TXN100974,C1386,M560,3278.87,9,30,UPI,Mumbai,Android
TXN100975,C1457,M513,1425.98,19,29,Net Banking,Hyderabad,POS Terminal
TXN100976,C1357,M567,3543.1,17,25,Credit Card,Pune,POS Terminal
TXN100977,C1320,M552,866.05,12,30,Debit Card,Chennai,Web
TXN100978,C1375,M533,1163.28,14,13,Net Banking,Delhi,iOS
TXN100979,C1090,M575,4048.22,14,3,UPI,Pune,Android
TXN100980,C1237,M523,1160.63,7,15,UPI,Pune,iOS
TXN100981,C1263,M519,2959.58,21,20,Net Banking,Kolkata,Web
TXN100982,C1178,M568,2240.44,13,28,UPI,Bengaluru,iOS
TXN100983,C1493,M529,2450.23,12,18,UPI,Mumbai,iOS
TXN100984,C1489,M506,1902.47,17,6,UPI,Delhi,Web
TXN100985,C1208,M535,1155.29,16,15,UPI,Bengaluru,POS Terminal
TXN100986,C1072,M537,1179.69,10,29,Net Banking,Delhi,iOS
TXN100987,C1389,M579,1761.63,21,25,Credit Card,Kolkata,Web
TXN100988,C1106,M551,1463.84,13,12,Credit Card,Delhi,Web
TXN100989,C1344,M514,3101.55,22,2,UPI,Delhi,Web
TXN100990,C1294,M545,1805.77,15,5,Debit Card,Ahmedabad,iOS
TXN100991,C1368,M522,3221.72,17,26,Net Banking,Delhi,POS Terminal
TXN100992,C1443,M511,55539.11,5,17,Net Banking,Hyderabad,iOS
TXN100993,C1283,M543,8066.76,12,13,Debit Card,Hyderabad,iOS
TXN100994,C1352,M514,2411.42,17,28,Net Banking,Chennai,Android
TXN100995,C1181,M548,2933.62,19,13,Debit Card,Ahmedabad,iOS
TXN100996,C1036,M520,1783.06,18,4,Credit Card,Mumbai,Web
TXN100997,C1136,M514,1795.21,23,16,Credit Card,Delhi,Web
TXN100998,C1337,M513,427.2,15,8,Credit Card,Delhi,Android
TXN100999,C1055,M541,4913.04,6,3,Credit Card,Ahmedabad,Android
TXN101000,C1186,M579,1712.54,19,20,UPI,Mumbai,Android
TXN101001,C1340,M514,2042.47,11,2,UPI,Delhi,Android
TXN101002,C1257,M562,2013.3,8,25,Net Banking,Delhi,iOS
TXN101003,C1444,M567,3170.6,18,21,Debit Card,Ahmedabad,iOS
TXN101004,C1057,M526,4890.49,15,3,Debit Card,Pune,Web
TXN101005,C1362,M552,3768.18,12,11,UPI,Pune,iOS
TXN101006,C1122,M551,2180.86,12,11,Debit Card,Pune,Android
TXN101007,C1187,M562,57577.17,1,10,Credit Card,Pune,POS Terminal
TXN101008,C1229,M572,4055.51,18,28,Debit Card,Delhi,Android
TXN101009,C1167,M552,4786.43,15,23,Credit Card,Pune,Android
TXN101010,C1419,M556,3566.69,18,11,Net Banking,Kolkata,POS Terminal
TXN101011,C1113,M551,5159.35,23,17,Debit Card,Delhi,POS Terminal
TXN101012,C1251,M542,3245.79,11,25,Credit Card,Bengaluru,Android
TXN101013,C1106,M506,1760.59,20,7,Net Banking,Delhi,iOS
TXN101014,C1036,M541,1720.25,20,29,Net Banking,Mumbai,Web
TXN101015,C1334,M503,3313.32,15,1,Net Banking,Hyderabad,POS Terminal
TXN101016,C1091,M568,1892.31,14,20,Debit Card,Hyderabad,Web
TXN101017,C1017,M504,1110.64,13,15,Credit Card,Pune,iOS
TXN101018,C1353,M574,2102.79,9,7,UPI,Kolkata,Android
TXN101019,C1062,M579,2706.15,14,4,UPI,Kolkata,iOS
TXN101020,C1149,M540,3248.18,12,23,Credit Card,Kolkata,iOS
TXN101021,C1138,M503,3201.08,11,3,Net Banking,Kolkata,Web
TXN101022,C1185,M501,2872.25,6,20,UPI,Hyderabad,iOS
TXN101023,C1184,M566,5166.21,12,28,Debit Card,Bengaluru,POS Terminal
TXN101024,C1204,M520,1778.2,9,3,Net Banking,Pune,Android
TXN101025,C1259,M569,3528.99,18,29,UPI,Bengaluru,POS Terminal
TXN101026,C1213,M542,6855.59,13,20,Credit Card,Ahmedabad,iOS
TXN101027,C1255,M568,494.27,14,28,UPI,Kolkata,Web
TXN101028,C1134,M508,2750.2,17,10,Debit Card,Ahmedabad,Web
TXN101029,C1060,M527,2472.53,9,29,Credit Card,Ahmedabad,POS Terminal
TXN101030,C1362,M525,3755.56,19,3,UPI,Pune,POS Terminal
TXN101031,C1309,M502,5274.76,20,26,UPI,Mumbai,Web
TXN101032,C1087,M572,2313.25,6,30,UPI,Bengaluru,POS Terminal
TXN101033,C1323,M548,1858.8,14,26,Net Banking,Kolkata,iOS
TXN101034,C1475,M516,3047.38,20,5,Net Banking,Kolkata,Android
TXN101035,C1206,M562,960.69,14,20,Debit Card,Kolkata,Android
TXN101036,C1128,M554,1426.99,8,19,UPI,Mumbai,Android
TXN101037,C1310,M522,1841.85,11,21,Debit Card,Delhi,Web
TXN101038,C1002,M533,2057.4,12,10,Credit Card,Kolkata,Web
TXN101039,C1461,M568,2121.41,11,9,Debit Card,Bengaluru,Web
TXN101040,C1421,M514,2036.72,14,11,Net Banking,Pune,Android
TXN101041,C1241,M546,1567.78,13,1,UPI,Mumbai,POS Terminal
TXN101042,C1120,M502,1935.65,7,30,Net Banking,Hyderabad,Web
TXN101043,C1384,M527,2484.99,18,30,Credit Card,Delhi,Web
TXN101044,C1101,M502,2979.17,11,20,Net Banking,Delhi,iOS
TXN101045,C1037,M503,1571.98,12,13,UPI,Chennai,Web
TXN101046,C1340,M530,1436.14,16,23,Net Banking,Delhi,Web
TXN101047,C1495,M544,3206.25,14,4,UPI,Kolkata,Android
TXN101048,C1412,M558,8251.93,17,24,Debit Card,Mumbai,Android
TXN101049,C1132,M544,5639.58,17,23,UPI,Mumbai,iOS
TXN101050,C1496,M574,3131.13,13,21,Debit Card,Hyderabad,Android
TXN101051,C1201,M536,4556.48,14,10,Credit Card,Chennai,POS Terminal
TXN101052,C1347,M564,4556.78,20,4,Credit Card,Pune,POS Terminal
TXN101053,C1020,M508,1591.19,12,8,Net Banking,Pune,Android
TXN101054,C1241,M516,3155.17,21,17,Credit Card,Mumbai,Web
TXN101055,C1454,M564,1167.86,14,2,UPI,Hyderabad,iOS
TXN101056,C1450,M502,5813.88,17,21,Net Banking,Chennai,Web
TXN101057,C1108,M525,1093.42,14,26,Net Banking,Delhi,Web
TXN101058,C1302,M552,3768.24,9,7,Debit Card,Bengaluru,iOS
TXN101059,C1083,M530,3590.4,20,25,UPI,Chennai,Android
TXN101060,C1082,M525,1855.06,21,3,UPI,Bengaluru,iOS
TXN101061,C1290,M522,1416.76,11,21,Debit Card,Chennai,POS Terminal
TXN101062,C1451,M529,881.18,20,11,UPI,Bengaluru,Web
TXN101063,C1068,M509,2217.37,13,18,Credit Card,Bengaluru,POS Terminal
TXN101064,C1128,M571,1435.02,16,6,Debit Card,Mumbai,iOS
TXN101065,C1195,M563,5215.09,23,22,Credit Card,Kolkata,Android
TXN101066,C1139,M521,1124.28,12,20,UPI,Ahmedabad,iOS
TXN101067,C1443,M514,4126.67,21,14,Net Banking,Kolkata,POS Terminal
TXN101068,C1282,M555,2974.03,12,13,UPI,Bengaluru,POS Terminal
TXN101069,C1311,M573,2033.28,15,2,Credit Card,Kolkata,Web
TXN101070,C1233,M519,2469.23,6,16,Net Banking,Chennai,Web
TXN101071,C1022,M546,1900.43,18,24,UPI,Mumbai,Web
TXN101072,C1152,M552,3046.85,11,8,UPI,Bengaluru,Web
TXN101073,C1276,M552,1820.23,13,15,Net Banking,Mumbai,Android
TXN101074,C1060,M500,2637.34,8,13,Debit Card,Ahmedabad,iOS
TXN101075,C1318,M501,3130.18,16,1,Debit Card,Pune,iOS
TXN101076,C1377,M557,3500.16,12,2,Credit Card,Chennai,iOS
TXN101077,C1051,M518,324.28,14,4,Net Banking,Bengaluru,Android
TXN101078,C1343,M561,2474.11,11,13,UPI,Hyderabad,iOS
TXN101079,C1152,M577,1853.3,11,30,Credit Card,Mumbai,iOS
TXN101080,C1236,M571,3490.84,11,12,Net Banking,Ahmedabad,Android
TXN101081,C1310,M511,2594.44,13,12,UPI,Delhi,Web
TXN101082,C1301,M525,745.91,13,1,Debit Card,Pune,Web
TXN101083,C1031,M526,1138.78,14,6,Debit Card,Delhi,Android
TXN101084,C1054,M528,329.4,14,11,UPI,Mumbai,Android
TXN101085,C1351,M514,2486.39,15,16,Debit Card,Bengaluru,Web
TXN101086,C1388,M545,1893.74,15,2,Debit Card,Ahmedabad,Android
TXN101087,C1035,M500,2473.0,10,3,UPI,Hyderabad,iOS
TXN101088,C1109,M559,1999.34,9,11,Debit Card,Bengaluru,POS Terminal
TXN101089,C1489,M556,1651.91,23,9,UPI,Delhi,POS Terminal
TXN101090,C1176,M502,5100.47,22,7,Net Banking,Ahmedabad,iOS
TXN101091,C1361,M517,3335.4,11,4,Credit Card,Ahmedabad,Android
TXN101092,C1313,M551,4050.05,15,28,Net Banking,Mumbai,Web
TXN101093,C1294,M559,2113.26,12,10,UPI,Ahmedabad,POS Terminal
TXN101094,C1335,M533,1668.66,10,1,Credit Card,Pune,POS Terminal
TXN101095,C1096,M559,2085.48,13,13,Net Banking,Bengaluru,iOS
TXN101096,C1368,M525,3275.47,15,4,UPI,Delhi,Web
TXN101097,C1212,M571,2928.23,6,26,UPI,Ahmedabad,POS Terminal
TXN101098,C1316,M518,647.87,14,13,Net Banking,Kolkata,iOS
TXN101099,C1136,M521,1819.9,17,22,UPI,Delhi,Web
TXN101100,C1005,M532,1123.75,15,24,UPI,Pune,Android
TXN101101,C1498,M537,862.37,12,11,Net Banking,Kolkata,iOS
TXN101102,C1108,M534,1766.04,13,25,UPI,Delhi,POS Terminal
TXN101103,C1034,M566,1498.68,16,15,Net Banking,Kolkata,iOS
TXN101104,C1038,M509,3117.62,10,13,Credit Card,Chennai,iOS
TXN101105,C1149,M514,1957.0,17,4,Debit Card,Kolkata,POS Terminal
TXN101106,C1424,M510,1088.59,10,6,UPI,Delhi,Android
TXN101107,C1117,M523,1342.9,20,2,Credit Card,Bengaluru,POS Terminal
TXN101108,C1260,M576,681.2,20,2,Credit Card,Kolkata,POS Terminal
TXN101109,C1425,M503,2956.3,19,6,UPI,Bengaluru,Android
TXN101110,C1086,M512,7748.19,11,25,Net Banking,Delhi,POS Terminal
TXN101111,C1464,M572,4333.35,13,3,UPI,Ahmedabad,Web
TXN101112,C1075,M556,3151.83,19,20,Net Banking,Mumbai,Web
TXN101113,C1470,M536,1980.73,17,27,UPI,Pune,POS Terminal
TXN101114,C1463,M547,1596.57,20,25,Credit Card,Mumbai,Web
TXN101115,C1450,M570,6615.07,10,25,UPI,Chennai,iOS
TXN101116,C1413,M500,3169.33,7,11,UPI,Pune,Web
TXN101117,C1312,M559,1114.87,23,15,Debit Card,Mumbai,Web
TXN101118,C1382,M511,2824.4,13,29,Credit Card,Kolkata,iOS
TXN101119,C1213,M520,5676.51,7,21,UPI,Mumbai,Web
TXN101120,C1456,M510,8355.93,15,9,Credit Card,Chennai,POS Terminal
TXN101121,C1284,M543,1383.27,8,21,Net Banking,Mumbai,iOS
TXN101122,C1238,M557,2764.33,15,21,UPI,Mumbai,iOS
TXN101123,C1164,M543,1646.38,11,7,UPI,Mumbai,POS Terminal
TXN101124,C1086,M577,6657.18,15,15,Credit Card,Delhi,POS Terminal
TXN101125,C1140,M533,7974.95,8,22,Credit Card,Ahmedabad,POS Terminal
TXN101126,C1159,M524,1786.56,15,10,Credit Card,Mumbai,Web
TXN101127,C1045,M503,1836.8,6,11,Credit Card,Hyderabad,Web
TXN101128,C1371,M563,1739.37,18,23,Debit Card,Pune,Web
TXN101129,C1494,M515,1739.41,15,26,Credit Card,Ahmedabad,POS Terminal
TXN101130,C1111,M509,1660.13,15,2,UPI,Kolkata,Android
TXN101131,C1406,M565,1500.27,14,14,UPI,Mumbai,Web
TXN101132,C1044,M534,3179.51,17,16,Net Banking,Pune,Android
TXN101133,C1400,M505,1262.91,14,9,Credit Card,Pune,iOS
TXN101134,C1246,M518,1640.32,17,22,Credit Card,Hyderabad,POS Terminal
TXN101135,C1103,M558,4762.61,12,25,Credit Card,Pune,POS Terminal
TXN101136,C1084,M552,5471.9,15,16,Credit Card,Mumbai,iOS
TXN101137,C1449,M507,5051.95,16,1,Credit Card,Chennai,Web
TXN101138,C1484,M577,1644.4,22,2,UPI,Chennai,Web
TXN101139,C1133,M509,3047.48,13,7,Debit Card,Bengaluru,Web
TXN101140,C1107,M566,3081.42,21,12,Net Banking,Chennai,Android
TXN101141,C1017,M537,1069.47,18,18,Credit Card,Pune,iOS
TXN101142,C1093,M528,1581.14,18,6,Credit Card,Ahmedabad,Android
TXN101143,C1149,M514,3072.52,23,2,Credit Card,Kolkata,Web
TXN101144,C1245,M522,1759.44,16,14,Credit Card,Kolkata,Android
TXN101145,C1288,M545,3820.0,17,16,Debit Card,Chennai,iOS
TXN101146,C1413,M527,2443.25,18,10,Debit Card,Pune,Web
TXN101147,C1208,M525,1329.37,11,5,UPI,Bengaluru,Android
TXN101148,C1125,M509,6882.77,19,22,Net Banking,Hyderabad,iOS
TXN101149,C1234,M546,1632.39,15,16,Credit Card,Bengaluru,Web
TXN101150,C1415,M503,1335.9,15,7,Credit Card,Pune,Web
TXN101151,C1425,M554,2584.97,17,15,UPI,Bengaluru,POS Terminal
TXN101152,C1498,M565,1446.16,23,13,Net Banking,Kolkata,Web
TXN101153,C1461,M566,2637.06,14,17,Net Banking,Bengaluru,POS Terminal
TXN101154,C1121,M506,2853.1,11,18,UPI,Mumbai,Web
TXN101155,C1137,M554,1595.12,12,18,Credit Card,Mumbai,Android
TXN101156,C1494,M579,1265.54,20,17,Debit Card,Ahmedabad,Android
TXN101157,C1114,M530,2189.72,14,3,UPI,Pune,Web
TXN101158,C1419,M573,1726.1,9,12,Credit Card,Kolkata,Web
TXN101159,C1161,M518,4526.01,9,6,Credit Card,Pune,POS Terminal
TXN101160,C1200,M527,2514.85,21,12,Credit Card,Kolkata,Android
TXN101161,C1233,M527,2224.12,11,11,UPI,Chennai,Android
TXN101162,C1027,M518,1471.42,11,9,UPI,Pune,Web
TXN101163,C1010,M519,4142.45,16,19,UPI,Hyderabad,POS Terminal
TXN101164,C1205,M512,6137.54,10,28,Credit Card,Bengaluru,Web
TXN101165,C1166,M576,989.98,12,19,UPI,Hyderabad,Android
TXN101166,C1246,M542,1726.65,18,2,Credit Card,Hyderabad,Android
TXN101167,C1046,M510,650.41,17,13,Debit Card,Delhi,Android
TXN101168,C1245,M547,1321.87,15,18,Debit Card,Pune,Android
TXN101169,C1126,M514,1959.98,23,23,Debit Card,Delhi,Web
TXN101170,C1146,M516,905.36,18,4,Net Banking,Mumbai,Android
TXN101171,C1117,M553,1761.04,9,22,Net Banking,Bengaluru,Web
TXN101172,C1398,M549,1718.25,20,24,UPI,Bengaluru,Android
TXN101173,C1381,M527,1672.82,12,14,Net Banking,Ahmedabad,Android
TXN101174,C1411,M503,2562.35,20,14,Credit Card,Hyderabad,iOS
TXN101175,C1151,M521,3150.41,9,5,Net Banking,Bengaluru,POS Terminal
TXN101176,C1071,M538,1454.52,17,29,UPI,Hyderabad,iOS
TXN101177,C1362,M533,4309.56,15,19,Debit Card,Pune,iOS
TXN101178,C1136,M543,1943.21,18,2,Credit Card,Delhi,Android
TXN101179,C1174,M541,4044.7,21,16,Debit Card,Chennai,POS Terminal
TXN101180,C1288,M539,4919.19,12,6,Credit Card,Chennai,iOS
TXN101181,C1445,M511,3805.26,20,11,UPI,Kolkata,iOS
TXN101182,C1480,M501,2069.5,17,12,Credit Card,Kolkata,Web
TXN101183,C1018,M527,88796.48,4,24,Net Banking,Hyderabad,POS Terminal
TXN101184,C1194,M573,2888.54,9,13,Debit Card,Mumbai,iOS
TXN101185,C1329,M566,3100.97,15,27,Credit Card,Ahmedabad,iOS
TXN101186,C1423,M570,4005.58,12,29,Net Banking,Delhi,Web
TXN101187,C1174,M571,6401.31,11,10,Credit Card,Chennai,Android
TXN101188,C1489,M575,2102.76,16,14,Net Banking,Delhi,iOS
TXN101189,C1448,M509,53927.18,4,4,Net Banking,Bengaluru,POS Terminal
TXN101190,C1412,M556,9833.39,20,2,Net Banking,Mumbai,Web
TXN101191,C1433,M536,4392.43,10,19,Debit Card,Pune,POS Terminal
TXN101192,C1353,M576,2016.21,17,19,Debit Card,Kolkata,POS Terminal
TXN101193,C1498,M563,1469.3,13,15,Debit Card,Kolkata,POS Terminal
TXN101194,C1140,M578,6968.03,7,9,Net Banking,Ahmedabad,Web
TXN101195,C1245,M539,2114.71,15,26,Debit Card,Pune,POS Terminal
TXN101196,C1384,M559,1704.56,21,4,Credit Card,Mumbai,iOS
TXN101197,C1417,M547,3130.94,10,22,Net Banking,Bengaluru,Web
TXN101198,C1092,M518,4057.97,16,13,Credit Card,Kolkata,iOS
TXN101199,C1431,M571,2941.95,16,9,Debit Card,Mumbai,Android
TXN101200,C1238,M532,3055.15,18,12,Credit Card,Mumbai,iOS
TXN101201,C1204,M543,46850.16,5,14,Debit Card,Delhi,POS Terminal
TXN101202,C1047,M536,2617.48,13,26,Credit Card,Hyderabad,Android
TXN101203,C1432,M535,2376.61,15,24,UPI,Bengaluru,POS Terminal
TXN101204,C1244,M520,2683.38,9,29,Credit Card,Mumbai,Web
TXN101205,C1319,M501,4246.64,9,12,Net Banking,Chennai,Web
TXN101206,C1316,M530,706.47,21,25,Debit Card,Kolkata,Android
TXN101207,C1412,M529,5300.86,19,22,Net Banking,Mumbai,iOS
TXN101208,C1294,M575,1865.5,16,30,UPI,Ahmedabad,POS Terminal
TXN101209,C1127,M543,2878.61,15,13,UPI,Pune,iOS
TXN101210,C1343,M511,2852.15,17,18,Net Banking,Hyderabad,POS Terminal
TXN101211,C1281,M550,428.51,17,5,Debit Card,Mumbai,POS Terminal
TXN101212,C1016,M548,4468.13,7,26,Debit Card,Mumbai,iOS
TXN101213,C1070,M523,3685.14,12,19,Credit Card,Ahmedabad,Web
TXN101214,C1268,M523,951.4,18,3,Credit Card,Delhi,Web
TXN101215,C1324,M559,1156.95,15,26,UPI,Mumbai,Android
TXN101216,C1281,M510,480.15,12,28,Net Banking,Mumbai,iOS
TXN101217,C1304,M512,2476.3,12,17,Credit Card,Pune,Web
TXN101218,C1450,M571,3771.36,16,27,Credit Card,Chennai,Web
TXN101219,C1006,M573,1691.96,21,20,Credit Card,Chennai,POS Terminal
TXN101220,C1313,M571,3642.0,16,29,UPI,Mumbai,POS Terminal
TXN101221,C1304,M563,2035.95,10,7,Credit Card,Pune,Web
TXN101222,C1102,M519,5074.97,10,3,Credit Card,Ahmedabad,Android
TXN101223,C1308,M571,1282.93,6,7,Debit Card,Hyderabad,Web
TXN101224,C1192,M572,5067.42,15,6,UPI,Kolkata,Android
TXN101225,C1240,M570,3439.93,20,14,Debit Card,Hyderabad,Android
TXN101226,C1061,M577,4360.23,21,28,UPI,Ahmedabad,POS Terminal
TXN101227,C1016,M527,4196.52,12,1,Debit Card,Mumbai,Android
TXN101228,C1170,M501,2957.69,9,14,Debit Card,Hyderabad,iOS
TXN101229,C1024,M542,3488.29,15,21,Debit Card,Chennai,iOS
TXN101230,C1250,M507,1896.22,18,27,Debit Card,Kolkata,POS Terminal
TXN101231,C1252,M512,4196.09,23,22,Credit Card,Pune,Web
TXN101232,C1386,M534,2021.26,15,11,Net Banking,Mumbai,iOS
TXN101233,C1206,M522,521.35,17,9,Credit Card,Kolkata,iOS
TXN101234,C1028,M545,2024.77,16,10,Credit Card,Hyderabad,Web
TXN101235,C1116,M514,1437.97,11,22,Debit Card,Pune,POS Terminal
TXN101236,C1490,M501,3543.15,14,11,UPI,Hyderabad,Android
TXN101237,C1415,M560,1032.62,9,24,UPI,Pune,Android
TXN101238,C1281,M575,500.52,7,18,Net Banking,Mumbai,Web
TXN101239,C1379,M563,1573.74,7,17,Debit Card,Bengaluru,Web
TXN101240,C1143,M551,1643.0,11,14,Debit Card,Ahmedabad,iOS
TXN101241,C1024,M535,3659.28,20,17,Net Banking,Chennai,Android
TXN101242,C1309,M566,6009.98,15,30,Credit Card,Mumbai,POS Terminal
TXN101243,C1155,M568,5343.37,13,7,Debit Card,Pune,iOS
TXN101244,C1072,M566,1341.55,11,8,Net Banking,Delhi,Android
TXN101245,C1119,M546,5089.4,15,8,Credit Card,Delhi,POS Terminal
TXN101246,C1311,M501,44711.79,4,28,Credit Card,Ahmedabad,Android
TXN101247,C1320,M543,767.58,16,19,Debit Card,Chennai,iOS
TXN101248,C1092,M563,4399.05,15,5,UPI,Kolkata,POS Terminal
TXN101249,C1085,M577,4102.81,11,7,Net Banking,Ahmedabad,Android
TXN101250,C1335,M527,33541.58,1,30,UPI,Ahmedabad,Android
TXN101251,C1424,M553,1057.46,10,13,Net Banking,Delhi,Android
TXN101252,C1498,M573,2120.22,13,15,Debit Card,Kolkata,iOS
TXN101253,C1363,M566,3758.05,12,14,Credit Card,Pune,iOS
TXN101254,C1434,M535,2204.22,13,25,Credit Card,Pune,POS Terminal
TXN101255,C1117,M562,2667.75,15,21,UPI,Bengaluru,Web
TXN101256,C1232,M524,2084.44,14,15,Credit Card,Pune,Android
TXN101257,C1198,M547,604.89,14,29,UPI,Delhi,Android
TXN101258,C1205,M538,4906.55,18,14,Debit Card,Bengaluru,Android
TXN101259,C1412,M546,7624.67,11,13,Net Banking,Mumbai,iOS
TXN101260,C1338,M520,5844.64,20,20,Debit Card,Hyderabad,Android
TXN101261,C1146,M529,1072.28,14,4,Credit Card,Bengaluru,POS Terminal
TXN101262,C1449,M530,3715.62,19,22,Debit Card,Chennai,iOS
TXN101263,C1424,M525,1048.2,14,9,Debit Card,Delhi,iOS
TXN101264,C1428,M521,2112.89,16,14,Credit Card,Chennai,iOS
TXN101265,C1270,M520,8718.13,17,29,Credit Card,Hyderabad,iOS
TXN101266,C1386,M500,3029.87,8,17,UPI,Mumbai,Web
TXN101267,C1138,M536,4060.64,18,1,Net Banking,Kolkata,iOS
TXN101268,C1180,M576,1704.65,9,1,Debit Card,Kolkata,Web
TXN101269,C1429,M545,32823.45,1,4,Debit Card,Ahmedabad,iOS
TXN101270,C1029,M508,2220.44,18,20,Credit Card,Ahmedabad,iOS
TXN101271,C1056,M516,2016.98,14,27,Net Banking,Pune,Android
TXN101272,C1231,M546,2148.56,17,8,Debit Card,Pune,iOS
TXN101273,C1145,M558,2240.31,17,30,UPI,Hyderabad,POS Terminal
TXN101274,C1434,M553,4315.19,12,5,UPI,Chennai,POS Terminal
TXN101275,C1383,M511,1307.5,16,14,Credit Card,Kolkata,POS Terminal
TXN101276,C1047,M563,2032.76,19,26,Debit Card,Hyderabad,Android
TXN101277,C1193,M505,1557.94,20,20,UPI,Ahmedabad,iOS
TXN101278,C1223,M552,1833.76,15,24,Debit Card,Ahmedabad,POS Terminal
TXN101279,C1135,M515,705.22,16,23,Credit Card,Hyderabad,POS Terminal
TXN101280,C1021,M504,4988.32,6,14,Credit Card,Kolkata,POS Terminal
TXN101281,C1005,M572,1213.11,13,22,Net Banking,Pune,Web
TXN101282,C1203,M545,1256.86,17,2,Debit Card,Delhi,Web
TXN101283,C1238,M513,3081.94,10,21,UPI,Mumbai,Web
TXN101284,C1184,M543,5372.87,8,29,Credit Card,Bengaluru,POS Terminal
TXN101285,C1359,M562,4171.84,16,12,Debit Card,Pune,POS Terminal
TXN101286,C1291,M551,2233.27,6,18,Debit Card,Delhi,iOS
TXN101287,C1334,M525,3674.19,14,6,UPI,Hyderabad,POS Terminal
TXN101288,C1219,M552,3780.98,13,9,Credit Card,Chennai,POS Terminal
TXN101289,C1115,M528,2132.85,18,9,Net Banking,Delhi,POS Terminal
TXN101290,C1312,M518,1223.58,19,22,Debit Card,Mumbai,POS Terminal
TXN101291,C1048,M546,2572.96,19,4,Credit Card,Kolkata,Android
TXN101292,C1172,M507,2486.41,15,10,Net Banking,Kolkata,iOS
TXN101293,C1081,M522,1974.75,6,12,Credit Card,Hyderabad,POS Terminal
TXN101294,C1321,M534,23986.83,1,25,Credit Card,Chennai,Android
TXN101295,C1332,M552,1866.03,15,21,Debit Card,Hyderabad,Web
TXN101296,C1044,M557,2179.7,13,8,Debit Card,Pune,Android
TXN101297,C1334,M504,3250.48,20,28,UPI,Hyderabad,Web
TXN101298,C1019,M515,2736.17,20,25,UPI,Hyderabad,Android
TXN101299,C1447,M516,2758.82,16,21,Credit Card,Delhi,Android
TXN101300,C1220,M531,3871.73,15,22,Debit Card,Kolkata,Android
TXN101301,C1122,M551,4349.7,21,20,Credit Card,Pune,Web
TXN101302,C1233,M519,3168.09,22,16,Debit Card,Chennai,Web
TXN101303,C1220,M565,3070.06,17,12,Net Banking,Kolkata,Web
TXN101304,C1322,M500,445.97,13,17,Debit Card,Ahmedabad,POS Terminal
TXN101305,C1338,M557,5332.0,13,17,Credit Card,Hyderabad,Web
TXN101306,C1002,M543,2972.71,11,21,UPI,Kolkata,Android
TXN101307,C1181,M505,2990.21,14,19,Debit Card,Ahmedabad,Web
TXN101308,C1205,M549,4687.8,18,7,Credit Card,Bengaluru,iOS
TXN101309,C1319,M571,2968.92,7,29,Net Banking,Chennai,POS Terminal
TXN101310,C1039,M519,4265.97,12,20,UPI,Pune,Android
TXN101311,C1058,M513,3139.41,19,4,UPI,Hyderabad,iOS
TXN101312,C1438,M504,1238.48,20,20,Net Banking,Mumbai,Web
TXN101313,C1061,M540,42149.04,3,22,Debit Card,Delhi,Android
TXN101314,C1131,M539,2861.26,18,9,Net Banking,Bengaluru,Web
TXN101315,C1059,M533,3339.91,14,28,Credit Card,Ahmedabad,Android
TXN101316,C1371,M579,1948.28,17,12,Net Banking,Pune,POS Terminal
TXN101317,C1330,M544,1931.82,6,13,UPI,Ahmedabad,Android
TXN101318,C1121,M570,3933.9,12,9,Debit Card,Mumbai,Web
TXN101319,C1478,M579,3911.13,15,29,Credit Card,Hyderabad,Web
TXN101320,C1106,M570,1449.16,14,11,Debit Card,Delhi,Android
TXN101321,C1095,M526,3866.24,9,5,Net Banking,Pune,iOS
TXN101322,C1346,M577,2128.17,6,29,Net Banking,Hyderabad,POS Terminal
TXN101323,C1413,M577,2685.21,7,27,Credit Card,Pune,Android
TXN101324,C1234,M543,1561.55,12,29,Net Banking,Bengaluru,POS Terminal
TXN101325,C1385,M532,4390.64,17,8,Debit Card,Pune,Web
TXN101326,C1061,M532,3452.62,15,20,Net Banking,Ahmedabad,POS Terminal
TXN101327,C1255,M543,454.03,20,12,Debit Card,Kolkata,POS Terminal
TXN101328,C1048,M519,2010.01,14,24,Net Banking,Kolkata,Web
TXN101329,C1392,M535,641.51,15,16,Credit Card,Kolkata,POS Terminal
TXN101330,C1347,M506,2731.64,13,10,Debit Card,Pune,iOS
TXN101331,C1158,M531,3737.46,18,15,Credit Card,Ahmedabad,iOS
TXN101332,C1123,M566,3400.28,15,25,UPI,Pune,Android
TXN101333,C1481,M538,1924.84,14,12,UPI,Delhi,Android
TXN101334,C1316,M523,520.55,21,24,Net Banking,Kolkata,iOS
TXN101335,C1206,M569,943.47,14,24,Debit Card,Kolkata,Android
TXN101336,C1047,M553,1858.39,12,14,Net Banking,Hyderabad,POS Terminal
TXN101337,C1408,M537,5179.16,19,25,Credit Card,Ahmedabad,Web
TXN101338,C1419,M573,3011.21,22,13,Net Banking,Delhi,Android
TXN101339,C1135,M579,24580.57,5,16,UPI,Pune,Android
TXN101340,C1200,M574,2625.32,10,10,Credit Card,Kolkata,iOS
TXN101341,C1249,M531,1828.8,18,30,UPI,Hyderabad,Web
TXN101342,C1313,M544,2932.59,21,8,Credit Card,Mumbai,Android
TXN101343,C1356,M560,1247.61,13,20,Credit Card,Mumbai,Android
TXN101344,C1367,M569,3745.63,16,14,UPI,Chennai,Web
TXN101345,C1428,M552,2858.39,12,5,Net Banking,Ahmedabad,Web
TXN101346,C1317,M550,1555.37,18,26,UPI,Mumbai,Web
TXN101347,C1294,M575,1892.46,9,6,Debit Card,Ahmedabad,Android
TXN101348,C1479,M555,2134.96,17,21,Credit Card,Delhi,iOS
TXN101349,C1313,M526,2429.59,12,9,Debit Card,Mumbai,POS Terminal
TXN101350,C1499,M537,2954.78,19,13,UPI,Delhi,Android
TXN101351,C1208,M561,1516.87,17,29,UPI,Bengaluru,Android
TXN101352,C1354,M517,4087.24,13,13,Net Banking,Hyderabad,Web
TXN101353,C1484,M563,2273.32,16,2,Credit Card,Chennai,Web
TXN101354,C1210,M576,5484.3,18,22,Net Banking,Delhi,POS Terminal
TXN101355,C1191,M529,2460.8,11,13,Credit Card,Pune,Android
TXN101356,C1043,M548,5504.31,12,26,UPI,Chennai,Web
TXN101357,C1028,M540,2361.01,10,2,Debit Card,Hyderabad,Android
TXN101358,C1058,M512,4002.13,12,27,Credit Card,Ahmedabad,Web
TXN101359,C1070,M533,2613.05,15,15,Credit Card,Ahmedabad,POS Terminal
TXN101360,C1091,M524,2129.18,15,24,Debit Card,Hyderabad,iOS
TXN101361,C1264,M565,1807.95,13,24,UPI,Pune,POS Terminal
TXN101362,C1382,M517,4070.03,14,21,UPI,Kolkata,Android
TXN101363,C1219,M504,5117.84,14,12,UPI,Chennai,Android
TXN101364,C1389,M518,1632.0,11,10,Net Banking,Kolkata,Web
TXN101365,C1412,M541,8080.54,14,24,UPI,Mumbai,Android
TXN101366,C1441,M517,1904.0,11,21,Debit Card,Delhi,Android
TXN101367,C1400,M531,1452.01,20,4,Net Banking,Pune,Android
TXN101368,C1399,M520,2414.95,17,25,UPI,Mumbai,Web
TXN101369,C1214,M509,1525.66,16,8,Credit Card,Delhi,POS Terminal
TXN101370,C1478,M536,2751.62,16,4,Credit Card,Bengaluru,Web
TXN101371,C1386,M548,3244.72,16,2,Credit Card,Mumbai,Android
TXN101372,C1276,M512,1568.37,9,18,Debit Card,Mumbai,iOS
TXN101373,C1063,M554,2554.39,14,18,Debit Card,Delhi,iOS
TXN101374,C1345,M516,1104.43,12,14,Credit Card,Hyderabad,POS Terminal
TXN101375,C1291,M508,1927.58,10,27,Net Banking,Delhi,POS Terminal
TXN101376,C1489,M543,2530.1,18,28,UPI,Delhi,POS Terminal
TXN101377,C1484,M577,2546.41,14,30,UPI,Chennai,POS Terminal
TXN101378,C1244,M545,4136.47,16,29,UPI,Mumbai,POS Terminal
TXN101379,C1469,M507,3377.73,15,29,UPI,Pune,Android
TXN101380,C1061,M536,3144.93,20,10,Credit Card,Ahmedabad,iOS
TXN101381,C1425,M518,2424.84,21,12,UPI,Bengaluru,Android
TXN101382,C1331,M562,998.9,13,8,Debit Card,Chennai,POS Terminal
TXN101383,C1169,M545,2734.15,12,22,UPI,Bengaluru,Web
TXN101384,C1444,M570,2759.87,15,17,Net Banking,Ahmedabad,iOS
TXN101385,C1268,M525,1208.19,7,12,UPI,Delhi,iOS
TXN101386,C1266,M545,2265.71,21,29,Net Banking,Hyderabad,Android
TXN101387,C1053,M545,539.39,13,26,Credit Card,Ahmedabad,Android
TXN101388,C1015,M574,2471.41,17,20,Net Banking,Chennai,Web
TXN101389,C1007,M513,3830.27,16,3,UPI,Pune,iOS
TXN101390,C1103,M562,5726.71,8,10,Net Banking,Pune,iOS
TXN101391,C1058,M571,3983.35,10,11,Credit Card,Hyderabad,iOS
TXN101392,C1312,M502,1302.93,16,14,Credit Card,Mumbai,POS Terminal
TXN101393,C1039,M527,4618.62,13,7,UPI,Pune,iOS
TXN101394,C1236,M528,84623.31,4,26,Credit Card,Bengaluru,Android
TXN101395,C1442,M517,1371.67,18,5,Net Banking,Hyderabad,Web
TXN101396,C1385,M534,65714.36,1,1,Debit Card,Kolkata,POS Terminal
TXN101397,C1093,M576,1498.47,11,12,Credit Card,Chennai,POS Terminal
TXN101398,C1221,M575,6027.34,14,16,Net Banking,Chennai,iOS
TXN101399,C1203,M546,1529.67,15,6,Credit Card,Delhi,Web
TXN101400,C1137,M504,1615.25,16,20,UPI,Mumbai,Android
TXN101401,C1299,M574,917.64,19,10,UPI,Ahmedabad,Android
TXN101402,C1394,M558,2722.17,13,15,Credit Card,Kolkata,Android
TXN101403,C1206,M574,1076.61,14,15,Debit Card,Kolkata,Web
TXN101404,C1335,M558,1658.22,9,6,Debit Card,Pune,Web
TXN101405,C1080,M546,1368.71,14,23,Net Banking,Pune,iOS
TXN101406,C1217,M512,4585.24,21,25,Net Banking,Mumbai,Web
TXN101407,C1001,M577,80745.75,1,1,Credit Card,Hyderabad,Web
TXN101408,C1177,M532,3478.85,7,6,Net Banking,Hyderabad,iOS
TXN101409,C1395,M561,2004.62,10,13,Credit Card,Mumbai,POS Terminal
TXN101410,C1370,M578,3552.96,18,11,Credit Card,Ahmedabad,Android
TXN101411,C1345,M515,1019.09,7,24,Credit Card,Hyderabad,POS Terminal
TXN101412,C1278,M543,1441.93,16,20,UPI,Pune,Android
TXN101413,C1145,M557,2088.75,18,26,Credit Card,Hyderabad,POS Terminal
TXN101414,C1317,M505,1531.25,14,25,Credit Card,Mumbai,Web
TXN101415,C1223,M514,1293.21,11,20,Debit Card,Ahmedabad,POS Terminal
TXN101416,C1368,M503,2999.81,18,20,Net Banking,Delhi,POS Terminal
TXN101417,C1383,M555,1481.99,14,12,Credit Card,Ahmedabad,iOS
TXN101418,C1061,M563,3199.9,17,14,Credit Card,Ahmedabad,Web
TXN101419,C1293,M567,2297.99,13,9,Credit Card,Pune,Web
TXN101420,C1238,M533,2688.72,14,13,Credit Card,Ahmedabad,Android
TXN101421,C1194,M555,2120.65,12,4,Credit Card,Mumbai,iOS
TXN101422,C1165,M531,1098.09,10,9,Debit Card,Hyderabad,Web
TXN101423,C1450,M508,3639.01,18,1,UPI,Pune,POS Terminal
TXN101424,C1221,M562,88569.91,2,8,UPI,Delhi,POS Terminal
TXN101425,C1060,M571,1695.66,6,2,Debit Card,Ahmedabad,POS Terminal
TXN101426,C1128,M577,1513.53,19,24,Credit Card,Mumbai,Web
TXN101427,C1477,M532,867.04,6,21,Debit Card,Ahmedabad,Web
TXN101428,C1172,M520,2422.53,11,13,Credit Card,Kolkata,Android
TXN101429,C1479,M554,1841.87,9,13,Net Banking,Delhi,Android
TXN101430,C1155,M575,3132.81,13,30,UPI,Mumbai,Web
TXN101431,C1404,M556,2279.23,17,1,UPI,Bengaluru,POS Terminal
TXN101432,C1377,M501,2716.79,18,1,Net Banking,Chennai,iOS
TXN101433,C1109,M512,2462.27,21,29,Net Banking,Bengaluru,Android
TXN101434,C1268,M503,929.61,22,6,UPI,Delhi,Web
TXN101435,C1410,M549,1010.47,7,16,Net Banking,Chennai,POS Terminal
TXN101436,C1355,M547,1729.42,15,17,Net Banking,Mumbai,Android
TXN101437,C1390,M577,2956.44,7,13,Credit Card,Mumbai,Android
TXN101438,C1277,M529,1733.1,15,18,Net Banking,Bengaluru,Web
TXN101439,C1073,M528,1722.08,18,27,Credit Card,Bengaluru,POS Terminal
TXN101440,C1486,M507,4029.09,17,30,Net Banking,Bengaluru,Android
TXN101441,C1436,M511,3589.9,11,3,Debit Card,Chennai,Android
TXN101442,C1462,M540,3416.49,18,15,Credit Card,Mumbai,Web
TXN101443,C1206,M525,819.42,19,27,Credit Card,Kolkata,Android
TXN101444,C1387,M549,1695.6,16,27,UPI,Delhi,Web
TXN101445,C1479,M501,36249.65,1,2,Net Banking,Mumbai,Web
TXN101446,C1278,M554,1810.65,19,25,Credit Card,Pune,Web
TXN101447,C1374,M555,2212.88,10,26,Debit Card,Delhi,Android
TXN101448,C1325,M513,2634.32,17,28,Debit Card,Bengaluru,iOS
TXN101449,C1471,M505,9764.96,12,6,UPI,Chennai,POS Terminal
TXN101450,C1339,M560,4214.78,16,25,Net Banking,Hyderabad,POS Terminal
TXN101451,C1356,M511,1392.87,11,21,Credit Card,Mumbai,POS Terminal
TXN101452,C1339,M512,4999.64,22,20,UPI,Hyderabad,iOS
TXN101453,C1203,M518,1438.82,15,28,Net Banking,Delhi,Android
TXN101454,C1160,M543,2281.58,10,14,Net Banking,Chennai,Android
TXN101455,C1027,M558,1103.32,18,18,UPI,Pune,POS Terminal
TXN101456,C1391,M536,2338.6,18,4,Debit Card,Mumbai,Web
TXN101457,C1256,M524,1859.62,13,8,UPI,Bengaluru,POS Terminal
TXN101458,C1164,M515,2878.72,9,2,UPI,Chennai,iOS
TXN101459,C1062,M537,2756.62,16,28,Debit Card,Kolkata,iOS
TXN101460,C1021,M542,4513.19,22,24,UPI,Kolkata,Android
TXN101461,C1069,M513,840.24,19,2,UPI,Ahmedabad,Web
TXN101462,C1380,M505,1395.87,13,17,Credit Card,Pune,Android
TXN101463,C1404,M522,3014.43,17,4,Credit Card,Bengaluru,Android
TXN101464,C1095,M559,2986.95,18,23,Credit Card,Pune,iOS
TXN101465,C1162,M511,1408.22,16,16,Credit Card,Bengaluru,Android
TXN101466,C1078,M512,3017.47,14,2,Debit Card,Bengaluru,iOS
TXN101467,C1004,M505,2123.34,13,27,Debit Card,Kolkata,Android
TXN101468,C1315,M562,1675.93,18,19,Credit Card,Kolkata,iOS
TXN101469,C1119,M537,5092.02,19,28,UPI,Ahmedabad,iOS
TXN101470,C1301,M549,22855.66,2,6,UPI,Delhi,POS Terminal
TXN101471,C1177,M551,3800.03,23,2,UPI,Hyderabad,iOS
TXN101472,C1175,M539,5814.41,13,9,Credit Card,Kolkata,iOS
TXN101473,C1389,M507,1970.24,14,6,Net Banking,Kolkata,Web
TXN101474,C1216,M560,3025.06,17,6,Net Banking,Hyderabad,iOS
TXN101475,C1055,M507,2752.32,13,28,Net Banking,Ahmedabad,Web
TXN101476,C1365,M533,2180.4,10,8,UPI,Bengaluru,Web
TXN101477,C1186,M578,1478.02,16,1,Debit Card,Mumbai,Android
TXN101478,C1231,M559,1724.45,18,16,Credit Card,Pune,iOS
TXN101479,C1254,M556,2506.17,17,10,Credit Card,Chennai,Android
TXN101480,C1412,M545,6101.26,17,19,UPI,Mumbai,Android
TXN101481,C1454,M521,1379.51,8,18,Net Banking,Hyderabad,iOS
TXN101482,C1103,M539,3214.62,15,30,Net Banking,Pune,iOS
TXN101483,C1076,M544,3999.28,17,16,Net Banking,Mumbai,POS Terminal
TXN101484,C1229,M554,2235.28,16,1,Credit Card,Delhi,Android
TXN101485,C1401,M550,995.03,14,27,UPI,Mumbai,Android
TXN101486,C1257,M504,2306.48,12,28,Net Banking,Delhi,POS Terminal
TXN101487,C1263,M512,3516.14,17,15,Credit Card,Pune,iOS
TXN101488,C1330,M527,1625.35,16,16,UPI,Ahmedabad,POS Terminal
TXN101489,C1480,M579,2844.92,16,11,UPI,Chennai,Web
TXN101490,C1181,M561,2621.63,13,6,UPI,Ahmedabad,Web
TXN101491,C1380,M523,1824.23,12,14,UPI,Pune,Android
TXN101492,C1255,M506,403.98,13,16,UPI,Kolkata,POS Terminal
TXN101493,C1037,M537,1117.73,20,4,Debit Card,Chennai,Web
TXN101494,C1175,M536,7179.21,9,22,Debit Card,Kolkata,Android
TXN101495,C1026,M567,2871.45,17,8,UPI,Pune,iOS
TXN101496,C1275,M541,3084.41,18,23,Debit Card,Kolkata,Android
TXN101497,C1139,M504,1211.81,10,28,UPI,Ahmedabad,Web
TXN101498,C1298,M563,2377.18,17,19,Net Banking,Pune,Web
TXN101499,C1444,M549,2520.69,16,19,UPI,Ahmedabad,Web
TXN101500,C1286,M514,2776.76,17,22,Debit Card,Ahmedabad,iOS
TXN101501,C1090,M572,2809.73,7,1,Debit Card,Pune,POS Terminal
TXN101502,C1479,M552,2503.16,18,3,Net Banking,Pune,iOS
TXN101503,C1060,M524,2206.98,7,8,UPI,Ahmedabad,iOS
TXN101504,C1457,M508,3671.71,13,13,Debit Card,Hyderabad,Web
TXN101505,C1450,M537,6774.19,18,19,Credit Card,Chennai,iOS
TXN101506,C1364,M521,1731.37,16,1,Debit Card,Chennai,iOS
TXN101507,C1346,M548,1525.09,7,29,UPI,Hyderabad,iOS
TXN101508,C1162,M567,1370.11,16,13,Credit Card,Bengaluru,POS Terminal
TXN101509,C1350,M514,2355.26,20,10,Debit Card,Ahmedabad,Android
TXN101510,C1142,M564,1292.75,19,29,Debit Card,Chennai,Web
TXN101511,C1399,M553,1482.09,12,30,Debit Card,Mumbai,Web
TXN101512,C1252,M529,3412.17,8,16,Debit Card,Pune,Web
TXN101513,C1268,M519,19868.79,1,28,Debit Card,Bengaluru,iOS
TXN101514,C1368,M532,3355.69,19,9,UPI,Delhi,POS Terminal
TXN101515,C1290,M576,1655.36,19,2,Debit Card,Chennai,iOS
TXN101516,C1499,M506,2726.21,21,23,Net Banking,Chennai,iOS
TXN101517,C1458,M507,2067.18,11,8,Credit Card,Pune,Android
TXN101518,C1186,M527,1383.09,15,3,Debit Card,Mumbai,Android
TXN101519,C1404,M544,2001.02,8,29,Debit Card,Bengaluru,POS Terminal
TXN101520,C1498,M572,1215.99,13,30,UPI,Kolkata,Android
TXN101521,C1437,M579,2309.41,22,23,UPI,Delhi,POS Terminal
TXN101522,C1458,M573,1742.57,9,26,Credit Card,Pune,iOS
TXN101523,C1413,M510,2750.26,10,20,UPI,Pune,iOS
TXN101524,C1303,M530,1996.67,9,2,Net Banking,Pune,Web
TXN101525,C1290,M511,1930.28,11,4,Credit Card,Chennai,Android
TXN101526,C1085,M577,3455.0,14,16,Net Banking,Ahmedabad,iOS
TXN101527,C1165,M550,575.63,20,8,Debit Card,Hyderabad,Android
TXN101528,C1414,M543,3202.65,10,15,UPI,Kolkata,POS Terminal
TXN101529,C1461,M549,2624.56,13,16,Debit Card,Bengaluru,Android
TXN101530,C1407,M516,1354.29,18,18,Net Banking,Pune,iOS
TXN101531,C1113,M534,6775.48,14,22,Debit Card,Delhi,POS Terminal
TXN101532,C1432,M500,3871.52,17,10,UPI,Bengaluru,Android
TXN101533,C1479,M528,2166.83,17,19,UPI,Delhi,Android
TXN101534,C1355,M550,2491.84,18,14,UPI,Mumbai,iOS
TXN101535,C1415,M563,1632.94,6,19,Debit Card,Pune,iOS
TXN101536,C1182,M503,2448.31,12,22,UPI,Pune,POS Terminal
TXN101537,C1206,M527,764.54,14,14,Credit Card,Kolkata,Android
TXN101538,C1255,M515,642.22,7,3,Credit Card,Kolkata,Web
TXN101539,C1234,M562,1926.49,11,14,UPI,Bengaluru,POS Terminal
TXN101540,C1441,M575,1334.15,12,2,Credit Card,Delhi,Web
TXN101541,C1354,M552,2377.48,10,29,Net Banking,Mumbai,Web
TXN101542,C1002,M516,2630.92,13,2,UPI,Kolkata,POS Terminal
TXN101543,C1207,M539,67129.75,5,3,Debit Card,Mumbai,POS Terminal
TXN101544,C1196,M512,1929.86,11,2,Credit Card,Kolkata,POS Terminal
TXN101545,C1340,M551,1703.59,9,29,Credit Card,Delhi,POS Terminal
TXN101546,C1124,M557,4760.58,18,6,Credit Card,Mumbai,iOS
TXN101547,C1137,M536,36409.13,3,4,Credit Card,Pune,Web
TXN101548,C1338,M578,6590.77,12,1,Net Banking,Hyderabad,iOS
TXN101549,C1024,M575,2031.58,15,3,Net Banking,Chennai,Android
TXN101550,C1067,M560,656.15,13,16,Net Banking,Ahmedabad,iOS
TXN101551,C1060,M578,2535.39,15,15,Credit Card,Ahmedabad,POS Terminal
TXN101552,C1028,M533,2742.93,18,26,Net Banking,Hyderabad,Web
TXN101553,C1382,M569,4749.09,11,29,Debit Card,Kolkata,Web
TXN101554,C1018,M516,6976.82,17,11,Net Banking,Chennai,Web
TXN101555,C1170,M519,3469.74,17,30,Credit Card,Hyderabad,Web
TXN101556,C1449,M572,3593.1,23,19,UPI,Chennai,POS Terminal
TXN101557,C1073,M558,1526.67,20,4,Credit Card,Bengaluru,Web
TXN101558,C1060,M568,2642.26,15,22,UPI,Ahmedabad,Android
TXN101559,C1426,M532,1384.28,12,1,Net Banking,Mumbai,Android
TXN101560,C1152,M577,2396.27,17,2,Net Banking,Mumbai,Android
TXN101561,C1275,M516,2255.87,15,10,UPI,Kolkata,Android
TXN101562,C1047,M556,1850.82,7,3,Debit Card,Hyderabad,iOS
TXN101563,C1210,M500,5202.56,11,21,Credit Card,Delhi,Web
TXN101564,C1342,M512,2487.89,18,27,Debit Card,Delhi,Web
TXN101565,C1407,M526,998.32,14,28,Credit Card,Pune,Android
TXN101566,C1138,M569,2264.65,14,23,Credit Card,Kolkata,Android
TXN101567,C1109,M558,1759.37,15,17,Debit Card,Bengaluru,POS Terminal
TXN101568,C1481,M505,1642.27,18,12,Debit Card,Delhi,POS Terminal
TXN101569,C1182,M522,3550.33,12,29,UPI,Pune,POS Terminal
TXN101570,C1027,M509,1829.62,18,2,Net Banking,Pune,Android
TXN101571,C1196,M550,2540.38,12,13,Net Banking,Pune,POS Terminal
TXN101572,C1190,M518,1457.7,20,4,UPI,Hyderabad,iOS
TXN101573,C1314,M550,2349.6,19,15,UPI,Chennai,iOS
TXN101574,C1388,M567,1360.76,11,26,Net Banking,Pune,Android
TXN101575,C1050,M541,4831.42,22,17,Debit Card,Delhi,Web
TXN101576,C1148,M556,3628.9,20,11,Net Banking,Delhi,iOS
TXN101577,C1267,M567,3125.34,17,1,Credit Card,Chennai,POS Terminal
TXN101578,C1049,M537,2368.5,15,27,UPI,Delhi,Android
TXN101579,C1387,M561,25444.18,2,25,Net Banking,Kolkata,Android
TXN101580,C1245,M506,1887.04,15,22,Debit Card,Pune,Android
TXN101581,C1112,M570,3668.51,20,2,Net Banking,Hyderabad,Web
TXN101582,C1169,M549,3036.74,16,10,UPI,Bengaluru,POS Terminal
TXN101583,C1467,M551,1888.69,16,7,Credit Card,Kolkata,POS Terminal
TXN101584,C1165,M525,821.68,11,26,Debit Card,Hyderabad,POS Terminal
TXN101585,C1408,M525,4512.86,9,30,Debit Card,Ahmedabad,iOS
TXN101586,C1013,M518,2833.35,23,22,Credit Card,Bengaluru,POS Terminal
TXN101587,C1202,M508,4064.86,10,11,Debit Card,Kolkata,POS Terminal
TXN101588,C1287,M560,3199.09,9,22,Debit Card,Mumbai,Web
TXN101589,C1394,M519,1867.17,18,24,Net Banking,Kolkata,POS Terminal
TXN101590,C1188,M549,1761.9,18,26,Debit Card,Bengaluru,iOS
TXN101591,C1401,M579,640.1,18,29,UPI,Mumbai,Web
TXN101592,C1154,M521,4994.08,16,19,Credit Card,Mumbai,iOS
TXN101593,C1054,M512,294.29,18,10,UPI,Mumbai,Web
TXN101594,C1181,M511,3709.28,12,2,Credit Card,Ahmedabad,POS Terminal
TXN101595,C1209,M509,5659.42,11,14,Debit Card,Bengaluru,POS Terminal
TXN101596,C1375,M564,942.85,8,25,Credit Card,Delhi,Android
TXN101597,C1470,M529,2421.79,8,21,Debit Card,Pune,Web
TXN101598,C1074,M507,3390.03,11,29,Debit Card,Hyderabad,Android
TXN101599,C1276,M520,2267.98,10,22,Credit Card,Mumbai,POS Terminal
TXN101600,C1427,M521,3576.69,11,27,Debit Card,Pune,POS Terminal
TXN101601,C1132,M517,4633.25,17,7,UPI,Mumbai,Web
TXN101602,C1342,M565,3053.78,11,13,Credit Card,Delhi,Android
TXN101603,C1424,M547,975.21,12,2,Credit Card,Delhi,POS Terminal
TXN101604,C1058,M543,2211.33,15,27,Credit Card,Hyderabad,Android
TXN101605,C1344,M508,4421.99,12,6,Debit Card,Delhi,Web
TXN101606,C1488,M566,5387.24,18,28,UPI,Kolkata,Web
TXN101607,C1181,M553,2861.39,9,1,Credit Card,Ahmedabad,Web
TXN101608,C1457,M525,2292.49,12,25,Debit Card,Hyderabad,Web
TXN101609,C1405,M525,2318.61,14,28,Net Banking,Kolkata,POS Terminal
TXN101610,C1338,M533,4111.44,15,22,Net Banking,Hyderabad,POS Terminal
TXN101611,C1320,M507,953.95,11,11,Net Banking,Chennai,Web
TXN101612,C1063,M509,2228.01,6,7,UPI,Delhi,Android
TXN101613,C1326,M547,3711.63,15,28,Debit Card,Hyderabad,Android
TXN101614,C1259,M554,2879.24,16,5,Debit Card,Bengaluru,POS Terminal
TXN101615,C1192,M553,3688.96,16,18,Net Banking,Kolkata,iOS
TXN101616,C1142,M577,673.98,17,20,UPI,Chennai,iOS
TXN101617,C1103,M539,4294.31,10,12,Debit Card,Ahmedabad,iOS
TXN101618,C1459,M514,63257.09,4,21,Net Banking,Kolkata,POS Terminal
TXN101619,C1405,M517,2982.21,11,27,UPI,Kolkata,Web
TXN101620,C1213,M522,5522.19,7,26,Net Banking,Mumbai,POS Terminal
TXN101621,C1241,M561,1928.56,17,18,Credit Card,Mumbai,Web
TXN101622,C1430,M545,1013.4,15,9,Credit Card,Chennai,Web
TXN101623,C1208,M538,1409.07,13,2,UPI,Bengaluru,Web
TXN101624,C1092,M514,3356.55,13,18,Debit Card,Kolkata,POS Terminal
TXN101625,C1429,M552,1070.84,16,2,Net Banking,Mumbai,Android
TXN101626,C1141,M563,2920.62,14,2,Credit Card,Kolkata,Android
TXN101627,C1433,M562,4469.96,20,21,Net Banking,Pune,POS Terminal
TXN101628,C1403,M579,1509.04,20,14,UPI,Mumbai,Android
TXN101629,C1433,M515,2973.02,11,7,UPI,Delhi,iOS
TXN101630,C1111,M569,33111.27,4,1,Debit Card,Hyderabad,iOS
TXN101631,C1416,M565,421.88,9,30,Debit Card,Mumbai,Android
TXN101632,C1374,M512,2240.69,15,28,Net Banking,Delhi,Android
TXN101633,C1058,M546,3295.88,16,9,Credit Card,Hyderabad,Android
TXN101634,C1042,M508,3337.38,16,27,Credit Card,Delhi,Android
TXN101635,C1206,M562,995.16,17,30,Credit Card,Kolkata,Android
TXN101636,C1267,M533,3931.65,12,22,Debit Card,Chennai,POS Terminal
TXN101637,C1295,M528,767.7,13,12,Credit Card,Pune,iOS
TXN101638,C1117,M536,2513.91,12,1,UPI,Bengaluru,Web
TXN101639,C1019,M542,2169.61,17,1,UPI,Hyderabad,POS Terminal
TXN101640,C1221,M563,6519.19,17,9,Credit Card,Chennai,Web
TXN101641,C1165,M523,1076.59,16,16,Debit Card,Hyderabad,Android
TXN101642,C1130,M570,1319.9,11,25,Credit Card,Ahmedabad,Web
TXN101643,C1155,M533,3368.6,13,17,UPI,Mumbai,POS Terminal
TXN101644,C1183,M547,1233.42,16,30,Credit Card,Mumbai,Android
TXN101645,C1089,M511,4015.61,13,1,Net Banking,Pune,Android
TXN101646,C1093,M522,1714.16,8,5,UPI,Chennai,POS Terminal
TXN101647,C1012,M578,1453.41,12,16,Net Banking,Bengaluru,Web
TXN101648,C1460,M512,2364.6,18,5,Debit Card,Chennai,POS Terminal
TXN101649,C1321,M544,953.67,14,7,Net Banking,Bengaluru,Web
TXN101650,C1292,M564,2036.74,18,20,UPI,Hyderabad,Web
TXN101651,C1432,M546,3468.59,23,26,Credit Card,Pune,POS Terminal
TXN101652,C1229,M557,3461.8,14,17,Debit Card,Delhi,Android
TXN101653,C1321,M504,595.5,15,6,Debit Card,Bengaluru,iOS
TXN101654,C1291,M576,2467.54,17,26,Net Banking,Delhi,Android
TXN101655,C1437,M504,2278.55,19,29,Debit Card,Mumbai,POS Terminal
TXN101656,C1025,M559,2662.17,19,3,Net Banking,Chennai,POS Terminal
TXN101657,C1074,M520,3351.11,13,7,Credit Card,Hyderabad,POS Terminal
TXN101658,C1455,M523,1272.04,13,14,UPI,Mumbai,Web
TXN101659,C1363,M517,4493.42,14,17,Credit Card,Pune,Android
TXN101660,C1423,M520,1622.76,7,14,UPI,Delhi,iOS
TXN101661,C1298,M553,2433.84,16,20,Net Banking,Pune,POS Terminal
TXN101662,C1149,M509,3525.53,15,26,Debit Card,Kolkata,POS Terminal
TXN101663,C1147,M523,983.99,15,12,UPI,Kolkata,iOS
TXN101664,C1007,M559,3857.76,17,9,Net Banking,Pune,Android
TXN101665,C1028,M556,2901.5,10,26,Debit Card,Hyderabad,Android
TXN101666,C1295,M522,1495.52,20,30,Debit Card,Pune,POS Terminal
TXN101667,C1473,M521,1023.87,21,6,Net Banking,Bengaluru,POS Terminal
TXN101668,C1413,M567,2176.2,17,2,Debit Card,Pune,iOS
TXN101669,C1208,M533,1867.75,14,6,Net Banking,Bengaluru,Web
TXN101670,C1127,M569,3158.77,19,9,Debit Card,Pune,Web
TXN101671,C1339,M527,4698.5,11,11,Credit Card,Hyderabad,Android
TXN101672,C1115,M538,1759.2,15,1,UPI,Mumbai,POS Terminal
TXN101673,C1438,M541,1101.54,13,12,Net Banking,Mumbai,POS Terminal
TXN101674,C1143,M522,1768.64,13,5,Net Banking,Ahmedabad,Web
TXN101675,C1429,M569,1004.77,9,13,Credit Card,Mumbai,POS Terminal
TXN101676,C1317,M579,1794.54,15,24,Debit Card,Mumbai,Web
TXN101677,C1234,M501,1591.3,20,15,UPI,Bengaluru,Android
TXN101678,C1006,M523,1725.63,15,13,UPI,Chennai,Web
TXN101679,C1463,M516,1319.99,10,23,Net Banking,Mumbai,iOS
TXN101680,C1044,M564,1581.94,19,26,UPI,Pune,Android
TXN101681,C1442,M569,1150.41,13,2,Credit Card,Hyderabad,iOS
TXN101682,C1238,M568,30466.83,1,24,UPI,Delhi,POS Terminal
TXN101683,C1439,M559,2028.88,15,9,UPI,Ahmedabad,Web
TXN101684,C1431,M549,1581.04,17,26,UPI,Mumbai,iOS
TXN101685,C1154,M511,4379.21,14,30,Net Banking,Mumbai,POS Terminal
TXN101686,C1180,M546,971.53,13,24,UPI,Kolkata,iOS
TXN101687,C1214,M566,2072.34,13,28,Debit Card,Delhi,iOS
TXN101688,C1087,M564,2921.68,14,22,UPI,Bengaluru,iOS
TXN101689,C1255,M526,638.93,13,25,Debit Card,Kolkata,iOS
TXN101690,C1072,M547,1835.35,15,8,UPI,Delhi,Android
TXN101691,C1418,M561,2644.8,10,4,Net Banking,Pune,Android
TXN101692,C1178,M543,2066.11,15,29,UPI,Bengaluru,iOS
TXN101693,C1211,M518,2688.63,19,15,Net Banking,Kolkata,POS Terminal
TXN101694,C1292,M558,3103.35,15,28,Credit Card,Hyderabad,iOS
TXN101695,C1233,M507,1855.26,14,22,Credit Card,Chennai,Web
TXN101696,C1464,M554,2708.76,10,5,Credit Card,Ahmedabad,Android
TXN101697,C1238,M546,2506.69,19,10,UPI,Mumbai,Android
TXN101698,C1222,M501,1930.13,20,9,Debit Card,Pune,Web
TXN101699,C1118,M538,67087.08,5,27,Credit Card,Mumbai,Web
TXN101700,C1312,M544,993.29,14,4,Credit Card,Mumbai,Android
TXN101701,C1263,M531,2383.49,16,1,UPI,Pune,Web
TXN101702,C1206,M564,713.56,8,30,Net Banking,Kolkata,Android
TXN101703,C1094,M537,2695.14,16,11,Net Banking,Delhi,POS Terminal
TXN101704,C1372,M576,4827.8,10,25,Credit Card,Kolkata,POS Terminal
TXN101705,C1221,M510,69031.26,5,11,UPI,Ahmedabad,iOS
TXN101706,C1365,M509,2072.87,13,9,Debit Card,Bengaluru,Android
TXN101707,C1275,M558,2891.01,16,23,Net Banking,Kolkata,Web
TXN101708,C1379,M554,1376.0,18,5,UPI,Hyderabad,Android
TXN101709,C1230,M519,1118.8,18,27,Debit Card,Pune,iOS
TXN101710,C1308,M516,1392.86,16,23,Debit Card,Hyderabad,iOS
TXN101711,C1118,M567,2407.83,21,25,UPI,Mumbai,Android
TXN101712,C1267,M504,3086.33,22,19,UPI,Chennai,iOS
TXN101713,C1432,M559,4249.08,17,21,Debit Card,Chennai,iOS
TXN101714,C1272,M522,1905.33,13,3,Net Banking,Pune,Android
TXN101715,C1063,M545,2621.78,13,8,Credit Card,Delhi,iOS
TXN101716,C1297,M551,2937.25,20,16,UPI,Kolkata,POS Terminal
TXN101717,C1349,M509,4131.38,16,27,UPI,Hyderabad,Android
TXN101718,C1412,M545,7697.53,15,17,UPI,Mumbai,iOS
TXN101719,C1402,M527,2719.62,9,4,Debit Card,Delhi,Web
TXN101720,C1493,M542,2232.05,17,23,Credit Card,Mumbai,Android
TXN101721,C1010,M525,3776.69,17,15,Net Banking,Hyderabad,POS Terminal
TXN101722,C1097,M554,1662.3,17,13,UPI,Delhi,Web
TXN101723,C1433,M547,4045.2,15,30,UPI,Mumbai,Web
TXN101724,C1070,M528,3428.25,23,9,Net Banking,Ahmedabad,POS Terminal
TXN101725,C1363,M526,4358.99,19,10,Credit Card,Pune,Web
TXN101726,C1057,M517,4913.67,15,27,Debit Card,Pune,POS Terminal
TXN101727,C1289,M559,2406.87,11,2,Net Banking,Pune,POS Terminal
TXN101728,C1250,M573,2253.82,14,30,UPI,Kolkata,iOS
TXN101729,C1275,M568,3295.06,10,25,UPI,Kolkata,Android
TXN101730,C1049,M573,3059.53,10,30,Debit Card,Delhi,Android
TXN101731,C1357,M520,2986.46,6,6,UPI,Pune,Web
TXN101732,C1215,M523,3255.04,12,23,Debit Card,Delhi,Web
TXN101733,C1393,M502,29083.84,2,20,Net Banking,Mumbai,iOS
TXN101734,C1415,M561,1381.44,14,5,Net Banking,Pune,Android
TXN101735,C1051,M501,220.07,18,17,Net Banking,Ahmedabad,Android
TXN101736,C1270,M565,117059.33,3,4,Net Banking,Ahmedabad,iOS
TXN101737,C1484,M541,2309.13,14,8,Credit Card,Chennai,POS Terminal
TXN101738,C1083,M533,3981.23,14,22,Credit Card,Mumbai,POS Terminal
TXN101739,C1386,M541,2435.56,14,23,Debit Card,Mumbai,Android
TXN101740,C1292,M519,4435.33,12,1,Net Banking,Hyderabad,Web
TXN101741,C1125,M567,8968.25,7,23,Debit Card,Hyderabad,Web
TXN101742,C1295,M544,1339.34,16,22,Debit Card,Pune,Android
TXN101743,C1071,M574,2001.48,10,4,Credit Card,Ahmedabad,Web
TXN101744,C1295,M541,1418.34,11,18,Credit Card,Pune,Android
TXN101745,C1235,M546,2564.48,19,28,UPI,Ahmedabad,Android
TXN101746,C1055,M504,4743.46,16,13,Net Banking,Ahmedabad,iOS
TXN101747,C1406,M548,38468.07,1,18,Debit Card,Delhi,iOS
TXN101748,C1359,M536,4354.34,14,23,Debit Card,Pune,Android
TXN101749,C1394,M533,2806.88,16,3,UPI,Kolkata,Web
TXN101750,C1109,M572,3021.52,14,18,UPI,Bengaluru,iOS
TXN101751,C1191,M569,1090.12,16,10,Credit Card,Pune,Web
TXN101752,C1391,M517,2072.59,18,19,UPI,Bengaluru,Android
TXN101753,C1092,M577,4186.37,12,26,UPI,Delhi,Web
TXN101754,C1349,M518,1653.29,14,2,Debit Card,Hyderabad,Android
TXN101755,C1055,M577,4587.64,11,14,UPI,Ahmedabad,Web
TXN101756,C1059,M539,2701.55,18,27,Net Banking,Ahmedabad,Android
TXN101757,C1137,M516,1554.11,15,30,Debit Card,Mumbai,iOS
TXN101758,C1038,M559,3416.1,14,19,Debit Card,Chennai,iOS
TXN101759,C1027,M541,1252.52,15,5,Debit Card,Pune,Web
TXN101760,C1048,M571,1973.1,13,26,UPI,Kolkata,POS Terminal
TXN101761,C1419,M564,2894.86,12,16,UPI,Kolkata,Web
TXN101762,C1124,M552,60412.13,5,26,Debit Card,Pune,POS Terminal
TXN101763,C1012,M506,1651.01,13,10,Credit Card,Ahmedabad,iOS
TXN101764,C1479,M504,1705.15,23,5,Net Banking,Delhi,POS Terminal
TXN101765,C1035,M523,2432.8,13,14,Credit Card,Hyderabad,iOS
TXN101766,C1100,M527,3300.72,21,7,Debit Card,Mumbai,Android
TXN101767,C1281,M561,408.71,19,10,Net Banking,Mumbai,iOS
TXN101768,C1085,M516,3692.03,15,11,Credit Card,Ahmedabad,Android
TXN101769,C1003,M519,1013.88,12,19,Net Banking,Ahmedabad,iOS
TXN101770,C1222,M502,3065.97,15,11,Net Banking,Pune,POS Terminal
TXN101771,C1337,M536,429.61,15,3,Net Banking,Chennai,Android
TXN101772,C1447,M514,4166.43,10,7,Net Banking,Delhi,POS Terminal
TXN101773,C1165,M550,896.32,18,14,UPI,Hyderabad,Android
TXN101774,C1382,M547,2378.6,20,6,Debit Card,Kolkata,Android
TXN101775,C1343,M507,2031.31,20,22,Net Banking,Hyderabad,Web
TXN101776,C1382,M512,2734.9,18,20,UPI,Kolkata,POS Terminal
TXN101777,C1375,M547,984.05,22,27,Credit Card,Delhi,Android
TXN101778,C1470,M502,2175.51,10,13,Credit Card,Pune,iOS
TXN101779,C1277,M564,1503.95,13,14,UPI,Bengaluru,iOS
TXN101780,C1129,M572,2493.84,20,30,Credit Card,Ahmedabad,iOS
TXN101781,C1030,M530,3378.49,8,20,Credit Card,Delhi,Android
TXN101782,C1374,M525,2368.79,15,30,UPI,Delhi,Web
TXN101783,C1010,M555,4157.09,6,15,UPI,Hyderabad,Android
TXN101784,C1475,M533,3993.62,10,18,UPI,Kolkata,Web
TXN101785,C1301,M508,759.34,12,11,UPI,Pune,Web
TXN101786,C1095,M561,3551.03,19,22,Credit Card,Pune,iOS
TXN101787,C1189,M512,3620.92,14,10,Net Banking,Pune,iOS
TXN101788,C1452,M568,3351.21,8,11,UPI,Bengaluru,iOS
TXN101789,C1191,M540,2265.01,19,19,Debit Card,Pune,Android
TXN101790,C1485,M576,2504.85,16,22,Net Banking,Kolkata,iOS
TXN101791,C1265,M500,5333.44,12,15,Credit Card,Delhi,iOS
TXN101792,C1423,M546,2589.92,16,28,Net Banking,Delhi,POS Terminal
TXN101793,C1127,M503,3798.43,12,3,Credit Card,Bengaluru,Android
TXN101794,C1237,M562,1313.41,7,3,UPI,Pune,Android
TXN101795,C1407,M551,1694.86,16,1,Credit Card,Pune,Web
TXN101796,C1354,M509,2242.74,15,15,UPI,Mumbai,Web
TXN101797,C1427,M527,2845.08,13,13,Credit Card,Pune,Android
TXN101798,C1111,M505,2020.26,10,15,UPI,Kolkata,Android
TXN101799,C1315,M526,1684.77,22,21,Credit Card,Kolkata,Web
TXN101800,C1445,M511,2545.58,17,18,Debit Card,Kolkata,iOS
TXN101801,C1342,M561,3594.61,16,26,UPI,Delhi,POS Terminal
TXN101802,C1144,M551,66476.0,4,28,UPI,Ahmedabad,Web
TXN101803,C1064,M547,1788.17,13,18,Debit Card,Mumbai,iOS
TXN101804,C1246,M566,41656.09,3,9,UPI,Ahmedabad,Web
TXN101805,C1222,M545,1745.98,12,18,Net Banking,Mumbai,POS Terminal
TXN101806,C1478,M573,3938.06,11,11,Net Banking,Hyderabad,iOS
TXN101807,C1489,M514,38774.78,2,18,Credit Card,Bengaluru,Web
TXN101808,C1312,M570,991.79,11,6,Net Banking,Mumbai,iOS
TXN101809,C1438,M535,1335.97,13,26,Credit Card,Kolkata,Web
TXN101810,C1105,M513,2428.85,17,27,Credit Card,Delhi,Android
TXN101811,C1180,M577,1660.33,14,17,Net Banking,Kolkata,POS Terminal
TXN101812,C1183,M502,1124.85,16,24,Debit Card,Pune,Web
TXN101813,C1225,M566,1308.67,14,29,Debit Card,Kolkata,POS Terminal
TXN101814,C1264,M518,1980.31,20,17,Credit Card,Pune,Android
TXN101815,C1277,M575,2042.26,15,9,Debit Card,Bengaluru,POS Terminal
TXN101816,C1396,M553,5179.71,11,20,UPI,Chennai,POS Terminal
TXN101817,C1088,M568,2543.86,13,28,Debit Card,Hyderabad,POS Terminal
TXN101818,C1175,M509,6695.26,14,3,UPI,Kolkata,Web
TXN101819,C1017,M532,858.19,16,23,Net Banking,Pune,Android
TXN101820,C1370,M512,2647.21,18,24,Credit Card,Ahmedabad,Web
TXN101821,C1459,M550,3170.79,11,12,Credit Card,Chennai,Web
TXN101822,C1423,M531,2416.74,11,30,Credit Card,Delhi,Android
TXN101823,C1400,M574,966.05,12,21,Debit Card,Pune,Android
TXN101824,C1398,M523,2320.12,18,3,Credit Card,Bengaluru,Android
TXN101825,C1105,M534,2321.73,19,30,Debit Card,Delhi,iOS
TXN101826,C1270,M569,8771.38,10,4,Credit Card,Hyderabad,Web
TXN101827,C1462,M539,2985.01,11,10,UPI,Mumbai,POS Terminal
TXN101828,C1318,M553,51730.82,5,22,Debit Card,Bengaluru,iOS
TXN101829,C1166,M543,1313.25,12,28,UPI,Hyderabad,iOS
TXN101830,C1012,M561,1078.6,8,5,UPI,Ahmedabad,iOS
TXN101831,C1336,M567,2829.88,6,20,Net Banking,Ahmedabad,iOS
TXN101832,C1031,M532,1171.81,10,3,Net Banking,Bengaluru,Android
TXN101833,C1392,M576,751.24,12,22,UPI,Pune,Android
TXN101834,C1039,M555,4193.32,12,7,Credit Card,Pune,POS Terminal
TXN101835,C1147,M535,875.62,20,2,Net Banking,Kolkata,iOS
TXN101836,C1217,M553,3090.47,15,6,Net Banking,Mumbai,iOS
TXN101837,C1218,M518,753.61,19,19,UPI,Pune,Android
TXN101838,C1468,M542,3623.75,13,10,UPI,Kolkata,Android
TXN101839,C1081,M511,1838.56,7,8,UPI,Hyderabad,iOS
TXN101840,C1332,M510,2112.18,21,16,Debit Card,Hyderabad,iOS
TXN101841,C1207,M569,3232.97,15,30,Debit Card,Ahmedabad,Android
TXN101842,C1200,M511,3484.34,13,2,Debit Card,Kolkata,Android
TXN101843,C1446,M540,3853.41,14,16,Debit Card,Delhi,Web
TXN101844,C1331,M524,942.66,19,21,Debit Card,Chennai,Web
TXN101845,C1427,M502,2513.92,13,14,Debit Card,Pune,POS Terminal
TXN101846,C1037,M502,1630.55,21,24,Net Banking,Chennai,Web
TXN101847,C1210,M527,5688.66,9,25,Debit Card,Delhi,POS Terminal
TXN101848,C1443,M522,3379.07,20,13,Credit Card,Kolkata,POS Terminal
TXN101849,C1326,M547,4593.64,17,23,Debit Card,Hyderabad,Web
TXN101850,C1248,M566,3276.01,12,9,UPI,Chennai,iOS
TXN101851,C1226,M541,3764.04,18,30,Credit Card,Delhi,Android
TXN101852,C1047,M539,1564.41,16,9,Debit Card,Hyderabad,POS Terminal
TXN101853,C1017,M505,1357.99,13,8,Debit Card,Pune,iOS
TXN101854,C1399,M519,1531.08,16,7,UPI,Mumbai,Web
TXN101855,C1438,M510,1799.32,16,16,UPI,Mumbai,Web
TXN101856,C1294,M526,1682.55,18,6,UPI,Ahmedabad,iOS
TXN101857,C1195,M520,6049.06,12,29,Credit Card,Ahmedabad,POS Terminal
TXN101858,C1186,M512,1848.34,15,28,Credit Card,Mumbai,POS Terminal
TXN101859,C1344,M534,3377.24,13,29,Credit Card,Delhi,iOS
TXN101860,C1223,M546,1620.76,19,11,Net Banking,Ahmedabad,POS Terminal
TXN101861,C1317,M527,1778.79,13,19,Net Banking,Mumbai,Android
TXN101862,C1487,M520,1364.9,17,8,Net Banking,Bengaluru,Web
TXN101863,C1396,M517,3892.52,16,19,Credit Card,Chennai,Web
TXN101864,C1364,M530,1314.86,6,15,Net Banking,Chennai,POS Terminal
TXN101865,C1336,M559,2624.58,13,11,Net Banking,Ahmedabad,iOS
TXN101866,C1496,M536,3694.06,11,9,UPI,Hyderabad,Android
TXN101867,C1228,M520,927.02,10,16,UPI,Delhi,POS Terminal
TXN101868,C1389,M513,1958.04,14,25,Net Banking,Kolkata,iOS
TXN101869,C1466,M559,3724.88,18,13,Net Banking,Kolkata,POS Terminal
TXN101870,C1076,M522,3611.73,12,10,Net Banking,Delhi,iOS
TXN101871,C1187,M528,3554.7,13,10,Net Banking,Hyderabad,iOS
TXN101872,C1345,M546,1017.86,19,30,UPI,Hyderabad,Web
TXN101873,C1269,M529,34496.24,1,25,UPI,Ahmedabad,Android
TXN101874,C1094,M537,2128.72,10,20,Net Banking,Delhi,iOS
TXN101875,C1309,M526,6768.36,14,9,UPI,Mumbai,POS Terminal
TXN101876,C1131,M514,1282.33,11,28,Debit Card,Bengaluru,POS Terminal
TXN101877,C1038,M558,4899.89,23,2,UPI,Chennai,iOS
TXN101878,C1071,M502,2308.81,21,1,UPI,Hyderabad,Android
TXN101879,C1280,M509,3931.42,19,8,Net Banking,Chennai,Web
TXN101880,C1332,M578,2530.5,11,16,Debit Card,Hyderabad,iOS
TXN101881,C1159,M579,2279.08,15,22,Credit Card,Mumbai,POS Terminal
TXN101882,C1186,M516,1155.92,16,29,UPI,Mumbai,POS Terminal
TXN101883,C1485,M510,2337.31,12,11,Debit Card,Kolkata,iOS
TXN101884,C1190,M547,1918.14,21,26,Debit Card,Hyderabad,Web
TXN101885,C1421,M504,1687.88,14,9,Net Banking,Pune,POS Terminal
TXN101886,C1119,M568,4211.96,12,25,Debit Card,Ahmedabad,Web
TXN101887,C1219,M563,2087.22,17,19,Net Banking,Chennai,POS Terminal
TXN101888,C1052,M513,4085.47,10,18,Debit Card,Delhi,Web
TXN101889,C1221,M549,5575.39,21,29,Credit Card,Chennai,iOS
TXN101890,C1450,M525,6069.4,16,7,Credit Card,Chennai,Web
TXN101891,C1411,M571,2650.95,8,21,Net Banking,Hyderabad,iOS
TXN101892,C1130,M568,899.5,9,29,Credit Card,Ahmedabad,Web
TXN101893,C1236,M506,3198.46,18,10,UPI,Ahmedabad,iOS
TXN101894,C1245,M515,2499.61,15,6,Net Banking,Pune,POS Terminal
TXN101895,C1225,M554,1999.06,8,21,Debit Card,Mumbai,Web
TXN101896,C1207,M577,2869.88,14,4,UPI,Ahmedabad,iOS
TXN101897,C1405,M555,3482.16,20,1,Net Banking,Kolkata,Android
TXN101898,C1095,M503,2910.42,21,4,Net Banking,Pune,POS Terminal
TXN101899,C1421,M547,2228.79,22,26,Net Banking,Pune,Web
TXN101900,C1199,M516,1614.63,16,29,Net Banking,Delhi,Web
TXN101901,C1246,M535,1646.35,18,29,Debit Card,Hyderabad,Android
TXN101902,C1071,M569,2261.57,17,29,Debit Card,Hyderabad,iOS
TXN101903,C1317,M579,1506.72,15,3,Credit Card,Bengaluru,Android
TXN101904,C1184,M537,3412.89,18,3,Net Banking,Bengaluru,Android
TXN101905,C1005,M561,1246.94,15,14,Credit Card,Pune,iOS
TXN101906,C1205,M547,5641.86,15,5,UPI,Bengaluru,Web
TXN101907,C1031,M509,1580.96,13,1,Debit Card,Delhi,Web
TXN101908,C1098,M535,2135.37,16,11,Net Banking,Bengaluru,Web
TXN101909,C1393,M528,48110.43,2,6,Debit Card,Hyderabad,Android
TXN101910,C1386,M577,3917.55,9,2,UPI,Mumbai,iOS
TXN101911,C1255,M503,465.8,11,13,Credit Card,Kolkata,Web
TXN101912,C1186,M543,1351.81,16,1,Debit Card,Mumbai,iOS
TXN101913,C1075,M555,2236.82,17,27,Debit Card,Mumbai,Android
TXN101914,C1176,M541,3912.2,15,8,Net Banking,Ahmedabad,Web
TXN101915,C1314,M512,2126.25,13,10,Debit Card,Chennai,POS Terminal
TXN101916,C1286,M545,2526.75,16,15,Net Banking,Ahmedabad,Android
TXN101917,C1348,M532,1235.61,14,3,Credit Card,Mumbai,iOS
TXN101918,C1254,M520,4237.89,16,30,Net Banking,Chennai,POS Terminal
TXN101919,C1324,M579,1441.8,8,6,Credit Card,Mumbai,POS Terminal
TXN101920,C1189,M578,5242.22,12,2,UPI,Pune,POS Terminal
TXN101921,C1307,M556,83099.96,2,21,Credit Card,Pune,Web
TXN101922,C1344,M568,4997.65,12,25,Credit Card,Delhi,Web
TXN101923,C1126,M569,991.52,21,23,UPI,Delhi,Web
TXN101924,C1424,M566,1094.58,17,20,UPI,Delhi,POS Terminal
TXN101925,C1286,M547,3357.66,17,3,Debit Card,Ahmedabad,Web
TXN101926,C1253,M575,999.64,8,9,Credit Card,Hyderabad,POS Terminal
TXN101927,C1212,M532,2394.95,13,20,Net Banking,Hyderabad,Android
TXN101928,C1249,M535,3125.65,23,5,UPI,Hyderabad,Android
TXN101929,C1083,M532,3145.84,23,6,UPI,Mumbai,iOS
TXN101930,C1486,M530,3826.47,17,10,Debit Card,Bengaluru,Web
TXN101931,C1382,M520,3637.79,12,21,Credit Card,Kolkata,POS Terminal
TXN101932,C1405,M526,2829.06,13,9,Debit Card,Kolkata,POS Terminal
TXN101933,C1387,M571,1509.03,21,1,Net Banking,Delhi,iOS
TXN101934,C1012,M561,1620.6,19,27,Credit Card,Ahmedabad,Android
TXN101935,C1044,M525,2578.63,16,16,UPI,Pune,iOS
TXN101936,C1126,M565,1758.29,9,6,Net Banking,Chennai,POS Terminal
TXN101937,C1425,M511,2138.86,17,16,Debit Card,Hyderabad,POS Terminal
TXN101938,C1113,M521,6220.13,16,20,Credit Card,Delhi,Android
TXN101939,C1432,M516,2773.85,18,20,Net Banking,Bengaluru,Web
TXN101940,C1275,M506,1954.45,13,3,UPI,Kolkata,iOS
TXN101941,C1499,M567,4224.84,18,14,Debit Card,Delhi,Web
TXN101942,C1204,M536,2333.4,15,21,Debit Card,Pune,Android
TXN101943,C1336,M537,1866.18,18,8,UPI,Ahmedabad,iOS
TXN101944,C1437,M510,2030.09,13,20,Credit Card,Mumbai,iOS
TXN101945,C1419,M500,3220.45,17,23,Credit Card,Kolkata,Web
TXN101946,C1480,M524,2660.42,16,14,Debit Card,Pune,POS Terminal
TXN101947,C1384,M541,1936.41,14,24,UPI,Mumbai,Web
TXN101948,C1398,M551,2779.08,15,15,Credit Card,Bengaluru,Web
TXN101949,C1460,M523,1705.58,15,21,Net Banking,Chennai,POS Terminal
TXN101950,C1272,M552,1661.13,10,10,Credit Card,Pune,iOS
TXN101951,C1407,M555,1722.28,15,17,Credit Card,Pune,POS Terminal
TXN101952,C1057,M562,4875.58,15,8,Debit Card,Pune,POS Terminal
TXN101953,C1327,M507,2101.23,15,26,Debit Card,Delhi,Android
TXN101954,C1497,M558,2995.84,23,19,Debit Card,Chennai,Web
TXN101955,C1218,M544,793.84,18,4,Credit Card,Pune,Web
TXN101956,C1108,M526,1839.62,15,10,UPI,Delhi,Android
TXN101957,C1278,M551,3171.13,17,23,UPI,Pune,POS Terminal
TXN101958,C1173,M517,2615.01,7,25,UPI,Ahmedabad,iOS
TXN101959,C1327,M515,1523.84,18,4,Net Banking,Delhi,iOS
TXN101960,C1263,M565,3194.44,16,29,Debit Card,Pune,Android
TXN101961,C1314,M504,1688.85,10,20,Credit Card,Chennai,POS Terminal
TXN101962,C1473,M502,992.29,12,22,Credit Card,Bengaluru,Web
TXN101963,C1110,M579,1932.85,19,25,UPI,Mumbai,POS Terminal
TXN101964,C1186,M569,1632.67,15,4,Net Banking,Mumbai,iOS
TXN101965,C1268,M506,930.47,15,10,Credit Card,Delhi,Web
TXN101966,C1422,M549,984.5,11,24,UPI,Pune,POS Terminal
TXN101967,C1228,M513,958.94,11,3,Debit Card,Delhi,Web
TXN101968,C1496,M537,3239.25,22,18,Net Banking,Hyderabad,Android
TXN101969,C1155,M578,5580.75,12,14,Net Banking,Mumbai,POS Terminal
TXN101970,C1472,M546,2601.08,21,20,UPI,Delhi,POS Terminal
TXN101971,C1188,M532,1819.39,19,14,Debit Card,Bengaluru,iOS
TXN101972,C1271,M542,2779.22,16,29,Net Banking,Ahmedabad,Android
TXN101973,C1374,M528,3017.77,15,20,Credit Card,Delhi,iOS
TXN101974,C1001,M556,5928.6,6,23,Net Banking,Pune,Web
TXN101975,C1245,M504,2140.15,15,14,Credit Card,Pune,POS Terminal
TXN101976,C1209,M559,6835.74,16,7,Debit Card,Bengaluru,Web
TXN101977,C1400,M569,1352.02,14,9,Net Banking,Pune,iOS
TXN101978,C1285,M501,4563.8,11,26,Net Banking,Mumbai,POS Terminal
TXN101979,C1358,M569,3898.71,17,2,Credit Card,Hyderabad,iOS
TXN101980,C1012,M542,1311.33,12,20,Net Banking,Ahmedabad,Web
TXN101981,C1095,M503,3093.63,13,3,Debit Card,Pune,Web
TXN101982,C1497,M555,3632.88,14,12,UPI,Delhi,Android
TXN101983,C1220,M558,3675.84,9,19,Debit Card,Kolkata,Web
TXN101984,C1237,M508,1093.09,12,16,UPI,Pune,POS Terminal
TXN101985,C1093,M502,1671.39,12,7,Credit Card,Chennai,Web
TXN101986,C1337,M547,291.88,16,12,UPI,Delhi,iOS
TXN101987,C1268,M542,992.68,14,10,UPI,Delhi,POS Terminal
TXN101988,C1170,M500,2984.9,11,22,Net Banking,Hyderabad,POS Terminal
TXN101989,C1468,M556,4448.27,10,3,Credit Card,Kolkata,Android
TXN101990,C1093,M552,1384.46,12,8,Net Banking,Chennai,Android
TXN101991,C1148,M515,3561.48,7,24,Credit Card,Pune,iOS
TXN101992,C1111,M550,2026.82,6,7,Net Banking,Kolkata,POS Terminal
TXN101993,C1054,M574,403.63,11,9,UPI,Mumbai,iOS
TXN101994,C1336,M554,2726.99,12,30,Debit Card,Ahmedabad,Android
TXN101995,C1423,M500,3011.22,16,19,UPI,Delhi,iOS
TXN101996,C1466,M527,3106.64,17,5,Net Banking,Kolkata,iOS
TXN101997,C1115,M552,2470.59,12,22,Credit Card,Delhi,Android
TXN101998,C1142,M557,1008.53,17,9,Debit Card,Chennai,POS Terminal
TXN101999,C1200,M572,2156.42,13,16,UPI,Kolkata,iOS
TXN102000,C1179,M559,7678.9,11,20,Credit Card,Delhi,iOS
TXN102001,C1201,M558,6319.22,18,21,Net Banking,Chennai,POS Terminal
TXN102002,C1363,M521,3623.79,9,9,Debit Card,Pune,Android
TXN102003,C1478,M507,2321.02,17,12,Credit Card,Hyderabad,POS Terminal
TXN102004,C1052,M548,3943.21,18,27,Debit Card,Delhi,Android
TXN102005,C1470,M541,2642.45,23,20,UPI,Pune,iOS
TXN102006,C1383,M526,1063.06,12,15,Debit Card,Ahmedabad,POS Terminal
TXN102007,C1179,M538,8677.02,13,18,Debit Card,Delhi,Web
TXN102008,C1413,M524,3403.86,10,9,UPI,Chennai,Web
TXN102009,C1416,M537,591.59,15,27,Net Banking,Chennai,iOS
TXN102010,C1312,M523,1268.9,18,28,Debit Card,Ahmedabad,iOS
TXN102011,C1307,M523,6456.24,12,3,UPI,Bengaluru,Web
TXN102012,C1136,M559,2058.37,13,11,Credit Card,Delhi,POS Terminal
TXN102013,C1181,M549,3389.87,12,6,Credit Card,Ahmedabad,POS Terminal
TXN102014,C1366,M565,3437.97,12,9,Credit Card,Pune,POS Terminal
TXN102015,C1000,M513,1416.91,14,3,Net Banking,Ahmedabad,Android
TXN102016,C1043,M552,4133.05,20,24,UPI,Chennai,Web
TXN102017,C1226,M531,73202.39,3,9,UPI,Hyderabad,Web
TXN102018,C1330,M547,1415.05,13,3,UPI,Ahmedabad,Android
TXN102019,C1097,M538,1997.79,14,19,UPI,Bengaluru,iOS
TXN102020,C1207,M539,2796.95,16,4,Net Banking,Pune,Android
TXN102021,C1264,M541,2147.85,10,13,Net Banking,Pune,POS Terminal
TXN102022,C1287,M576,6714.71,22,17,Credit Card,Mumbai,iOS
TXN102023,C1270,M575,131419.49,1,2,UPI,Delhi,iOS
TXN102024,C1139,M507,1117.29,8,30,Credit Card,Ahmedabad,Web
TXN102025,C1480,M578,2614.06,13,16,Debit Card,Chennai,Android
TXN102026,C1236,M525,3873.98,17,1,Debit Card,Ahmedabad,iOS
TXN102027,C1461,M511,1975.54,14,3,Credit Card,Bengaluru,Android
TXN102028,C1440,M542,75527.12,5,16,Net Banking,Kolkata,iOS
TXN102029,C1391,M550,3309.92,12,6,Debit Card,Ahmedabad,POS Terminal
TXN102030,C1071,M562,1465.65,12,8,Credit Card,Hyderabad,Android
TXN102031,C1154,M548,5142.19,15,5,UPI,Mumbai,POS Terminal
TXN102032,C1189,M526,4433.25,20,8,Credit Card,Pune,Android
TXN102033,C1267,M508,2607.32,10,22,UPI,Chennai,iOS
TXN102034,C1320,M538,703.23,21,1,Debit Card,Chennai,Android
TXN102035,C1106,M564,1739.36,13,19,Credit Card,Delhi,iOS
TXN102036,C1231,M570,3206.28,16,30,UPI,Pune,iOS
TXN102037,C1041,M570,3545.97,19,2,Net Banking,Delhi,Android
TXN102038,C1189,M506,3561.48,14,6,Credit Card,Pune,Web
TXN102039,C1370,M571,3226.47,21,24,Net Banking,Ahmedabad,POS Terminal
TXN102040,C1138,M579,4950.24,12,6,Credit Card,Kolkata,Android
TXN102041,C1102,M566,5553.68,19,20,Net Banking,Ahmedabad,iOS
TXN102042,C1170,M509,5809.85,13,20,Credit Card,Hyderabad,iOS
TXN102043,C1350,M570,2032.62,14,9,Net Banking,Ahmedabad,POS Terminal
TXN102044,C1272,M552,1283.39,13,1,Debit Card,Pune,iOS
TXN102045,C1480,M556,2569.52,15,2,UPI,Chennai,Android
TXN102046,C1415,M526,1106.22,18,20,Debit Card,Delhi,Web
TXN102047,C1220,M553,3528.86,15,19,Net Banking,Bengaluru,Web
TXN102048,C1212,M503,1581.98,23,16,UPI,Hyderabad,POS Terminal
TXN102049,C1340,M522,1706.6,19,9,Net Banking,Delhi,iOS
TXN102050,C1423,M547,2998.34,15,5,Credit Card,Hyderabad,POS Terminal
TXN102051,C1406,M541,1485.43,7,24,Net Banking,Mumbai,POS Terminal
TXN102052,C1055,M502,3246.17,16,20,Debit Card,Ahmedabad,iOS
TXN102053,C1389,M502,2135.89,23,11,UPI,Ahmedabad,Web
TXN102054,C1341,M527,1869.54,11,20,Net Banking,Ahmedabad,iOS
TXN102055,C1433,M562,4258.81,13,14,UPI,Pune,POS Terminal
TXN102056,C1101,M530,3071.47,16,26,Debit Card,Delhi,iOS
TXN102057,C1420,M509,3431.39,12,13,UPI,Pune,POS Terminal
TXN102058,C1492,M548,1424.94,16,27,UPI,Chennai,iOS
TXN102059,C1191,M520,2438.65,19,3,Credit Card,Pune,iOS
TXN102060,C1498,M552,1282.16,19,25,UPI,Kolkata,POS Terminal
TXN102061,C1309,M575,8020.12,9,26,Net Banking,Mumbai,Web
TXN102062,C1199,M553,2137.89,18,2,UPI,Delhi,Web
TXN102063,C1232,M556,2439.46,19,27,Debit Card,Pune,Web
TXN102064,C1432,M519,4310.27,15,16,UPI,Bengaluru,POS Terminal
TXN102065,C1226,M548,3905.99,14,28,Credit Card,Delhi,POS Terminal
TXN102066,C1370,M506,3586.56,16,11,Debit Card,Ahmedabad,Android
TXN102067,C1138,M528,3067.04,15,3,Net Banking,Kolkata,Web
TXN102068,C1343,M547,2615.62,11,15,Debit Card,Hyderabad,iOS
TXN102069,C1304,M512,54936.49,2,3,UPI,Delhi,Android
TXN102070,C1148,M502,2940.14,15,27,Debit Card,Pune,POS Terminal
TXN102071,C1114,M501,45222.24,4,27,Net Banking,Ahmedabad,iOS
TXN102072,C1449,M515,5195.36,12,19,Net Banking,Chennai,POS Terminal
TXN102073,C1062,M505,2592.77,15,4,Debit Card,Kolkata,iOS
TXN102074,C1103,M544,3726.05,13,21,Debit Card,Pune,Android
TXN102075,C1338,M570,6825.98,17,22,Credit Card,Hyderabad,iOS
TXN102076,C1358,M504,3766.32,14,5,Net Banking,Hyderabad,iOS
TXN102077,C1155,M555,4642.1,11,9,Credit Card,Mumbai,Android
TXN102078,C1272,M570,1999.19,23,7,UPI,Pune,POS Terminal
TXN102079,C1005,M531,1147.95,15,23,Net Banking,Pune,Web
TXN102080,C1146,M548,1038.91,17,23,Net Banking,Mumbai,POS Terminal
TXN102081,C1183,M512,831.14,14,13,Credit Card,Pune,POS Terminal
TXN102082,C1485,M529,1929.55,18,28,UPI,Kolkata,POS Terminal
TXN102083,C1027,M524,26060.04,4,27,Debit Card,Bengaluru,iOS
TXN102084,C1449,M559,5922.39,9,23,Net Banking,Chennai,Web
TXN102085,C1037,M558,1554.89,20,18,Credit Card,Chennai,iOS
TXN102086,C1118,M527,3417.16,14,24,Net Banking,Pune,iOS
TXN102087,C1292,M557,4363.05,16,15,Credit Card,Hyderabad,POS Terminal
TXN102088,C1370,M519,3481.22,15,12,Credit Card,Ahmedabad,iOS
TXN102089,C1243,M533,4322.69,10,10,Credit Card,Kolkata,POS Terminal
TXN102090,C1067,M504,20008.42,3,17,Net Banking,Delhi,Android
TXN102091,C1213,M559,2013.61,12,6,Debit Card,Mumbai,Web
TXN102092,C1217,M542,4509.46,15,28,Debit Card,Mumbai,POS Terminal
TXN102093,C1176,M556,5269.03,20,11,Credit Card,Ahmedabad,POS Terminal
TXN102094,C1298,M556,31849.76,4,3,Debit Card,Ahmedabad,iOS
TXN102095,C1163,M574,5031.23,17,6,Debit Card,Bengaluru,POS Terminal
TXN102096,C1057,M553,5658.42,12,22,Net Banking,Pune,Web
TXN102097,C1268,M544,1249.46,14,24,Debit Card,Delhi,POS Terminal
TXN102098,C1307,M536,4490.73,18,20,UPI,Bengaluru,iOS
TXN102099,C1057,M547,4753.2,17,12,Credit Card,Pune,Android
TXN102100,C1287,M553,4717.78,11,3,UPI,Mumbai,Web
TXN102101,C1464,M547,2989.07,10,2,Net Banking,Ahmedabad,POS Terminal
TXN102102,C1104,M505,2818.98,6,28,Net Banking,Delhi,Android
TXN102103,C1227,M533,4406.86,10,22,UPI,Bengaluru,Web
TXN102104,C1246,M562,2468.28,17,3,Net Banking,Kolkata,Web
TXN102105,C1187,M577,2423.12,13,13,Debit Card,Hyderabad,POS Terminal
TXN102106,C1493,M547,2823.69,11,20,UPI,Mumbai,Web
TXN102107,C1082,M522,2035.66,17,9,Debit Card,Bengaluru,iOS
TXN102108,C1185,M512,2275.14,18,23,Debit Card,Hyderabad,Android
TXN102109,C1251,M546,3588.54,16,30,Net Banking,Bengaluru,POS Terminal
TXN102110,C1354,M543,1939.18,18,17,Net Banking,Mumbai,iOS
TXN102111,C1237,M531,1133.95,22,14,UPI,Pune,iOS
TXN102112,C1359,M525,4368.17,19,20,Net Banking,Pune,Android
TXN102113,C1183,M552,1184.17,19,27,Credit Card,Pune,Web
TXN102114,C1283,M513,8395.42,15,8,Net Banking,Pune,Android
TXN102115,C1384,M551,2134.77,10,26,Credit Card,Mumbai,iOS
TXN102116,C1425,M535,3140.12,17,4,Net Banking,Bengaluru,POS Terminal
TXN102117,C1209,M507,5638.28,18,1,Net Banking,Bengaluru,iOS
TXN102118,C1303,M539,1582.3,13,10,Debit Card,Hyderabad,Web
TXN102119,C1295,M521,1245.17,9,13,UPI,Pune,POS Terminal
TXN102120,C1096,M515,2060.04,15,2,Credit Card,Bengaluru,iOS
TXN102121,C1446,M559,3267.17,14,5,UPI,Delhi,iOS
TXN102122,C1459,M559,2514.77,17,6,Net Banking,Chennai,POS Terminal
TXN102123,C1455,M509,1295.5,21,1,Net Banking,Mumbai,POS Terminal
TXN102124,C1471,M524,6237.76,19,5,Net Banking,Chennai,iOS
TXN102125,C1207,M530,3298.83,10,24,UPI,Pune,iOS
TXN102126,C1369,M520,601.63,10,15,UPI,Bengaluru,iOS
TXN102127,C1387,M532,1578.93,20,8,Debit Card,Ahmedabad,POS Terminal
TXN102128,C1421,M530,1618.23,18,18,Debit Card,Pune,iOS
TXN102129,C1491,M520,6498.74,7,25,Debit Card,Mumbai,Android
TXN102130,C1410,M535,1453.41,17,18,Credit Card,Chennai,iOS
TXN102131,C1136,M564,1807.65,13,4,UPI,Delhi,Web
TXN102132,C1366,M503,4164.59,17,26,Debit Card,Pune,POS Terminal
TXN102133,C1399,M567,2021.88,22,20,UPI,Mumbai,Web
TXN102134,C1183,M503,1208.29,13,20,Net Banking,Pune,Android
TXN102135,C1075,M508,1778.81,10,7,UPI,Mumbai,iOS
TXN102136,C1286,M529,3310.46,10,8,Debit Card,Ahmedabad,POS Terminal
TXN102137,C1471,M544,7096.02,11,29,Credit Card,Chennai,Android
TXN102138,C1374,M503,3273.5,15,24,Debit Card,Delhi,Android
TXN102139,C1141,M568,1961.29,20,20,UPI,Kolkata,Web
TXN102140,C1236,M522,3483.87,14,13,Net Banking,Ahmedabad,Web
TXN102141,C1024,M515,3267.33,9,4,Net Banking,Chennai,POS Terminal
TXN102142,C1289,M521,2297.03,18,22,UPI,Pune,Android
TXN102143,C1066,M571,2771.25,18,25,Credit Card,Ahmedabad,iOS
TXN102144,C1249,M547,2381.18,17,21,Debit Card,Mumbai,Web
TXN102145,C1407,M561,1158.0,18,18,UPI,Pune,iOS
TXN102146,C1117,M559,2433.86,8,13,UPI,Bengaluru,iOS
TXN102147,C1489,M579,1470.46,9,14,UPI,Delhi,POS Terminal
TXN102148,C1072,M504,1538.88,18,9,UPI,Hyderabad,Android
TXN102149,C1281,M579,464.34,15,12,Debit Card,Mumbai,Android
TXN102150,C1403,M506,1772.72,15,9,Debit Card,Mumbai,iOS
TXN102151,C1447,M550,3594.01,18,27,Debit Card,Delhi,POS Terminal
TXN102152,C1359,M564,4954.95,11,1,Debit Card,Pune,Web
TXN102153,C1009,M508,1334.54,17,9,Debit Card,Bengaluru,Web
TXN102154,C1210,M544,5673.09,10,7,Credit Card,Delhi,Web
TXN102155,C1322,M546,458.8,9,1,Net Banking,Ahmedabad,Web
TXN102156,C1151,M566,3845.39,12,2,Net Banking,Bengaluru,iOS
TXN102157,C1004,M523,1684.05,17,18,Debit Card,Kolkata,Web
TXN102158,C1194,M509,2394.57,10,8,Net Banking,Mumbai,Web
TXN102159,C1441,M572,1156.55,7,1,UPI,Hyderabad,Android
TXN102160,C1282,M576,3188.66,12,27,Net Banking,Kolkata,Web
TXN102161,C1463,M547,1587.28,14,3,Debit Card,Mumbai,Android
TXN102162,C1112,M534,4059.66,11,29,Credit Card,Hyderabad,Web
TXN102163,C1270,M553,5626.48,16,1,Net Banking,Hyderabad,Android
TXN102164,C1162,M570,1565.0,18,21,UPI,Bengaluru,iOS
TXN102165,C1459,M515,1774.81,11,20,Credit Card,Chennai,Web
TXN102166,C1104,M552,30742.15,1,3,Net Banking,Mumbai,POS Terminal
TXN102167,C1180,M539,1606.07,9,8,UPI,Kolkata,POS Terminal
TXN102168,C1043,M519,4426.5,10,12,UPI,Chennai,Android
TXN102169,C1281,M568,289.66,20,7,Debit Card,Mumbai,Web
TXN102170,C1174,M544,2959.12,14,20,Credit Card,Chennai,iOS
TXN102171,C1161,M505,4115.16,18,1,Net Banking,Pune,iOS
TXN102172,C1470,M568,2328.27,6,23,Credit Card,Pune,iOS
TXN102173,C1350,M548,3045.44,11,3,UPI,Ahmedabad,iOS
TXN102174,C1433,M538,4092.79,17,21,Debit Card,Pune,Web
TXN102175,C1339,M501,4217.77,23,12,UPI,Hyderabad,iOS
TXN102176,C1139,M538,829.56,20,8,Net Banking,Ahmedabad,Web
TXN102177,C1470,M520,1554.16,21,9,Credit Card,Pune,iOS
TXN102178,C1131,M539,2671.71,21,15,Net Banking,Bengaluru,POS Terminal
TXN102179,C1086,M553,106218.71,3,26,Net Banking,Kolkata,Web
TXN102180,C1175,M511,6647.49,15,11,UPI,Kolkata,iOS
TXN102181,C1182,M536,2834.72,19,26,Net Banking,Pune,iOS
TXN102182,C1367,M537,3311.32,14,23,Net Banking,Chennai,Android
TXN102183,C1128,M514,1283.67,17,6,Net Banking,Mumbai,iOS
TXN102184,C1245,M506,1940.4,18,5,Debit Card,Pune,POS Terminal
TXN102185,C1088,M577,1963.39,10,5,Net Banking,Hyderabad,Web
TXN102186,C1065,M549,28658.4,5,16,Credit Card,Delhi,Android
TXN102187,C1157,M564,3782.2,10,15,UPI,Hyderabad,iOS
TXN102188,C1386,M566,1985.71,23,29,Debit Card,Mumbai,iOS
TXN102189,C1377,M543,3362.12,13,11,Credit Card,Chennai,Android
TXN102190,C1148,M530,2674.81,17,20,Debit Card,Pune,Web
TXN102191,C1472,M542,3527.31,6,23,Net Banking,Delhi,POS Terminal
TXN102192,C1339,M576,3800.51,8,17,UPI,Hyderabad,Android
TXN102193,C1432,M547,3782.63,14,30,Credit Card,Bengaluru,Android
TXN102194,C1115,M560,2004.06,15,28,Debit Card,Delhi,iOS
TXN102195,C1213,M574,4951.26,15,19,Credit Card,Mumbai,POS Terminal
TXN102196,C1468,M509,2942.08,17,22,UPI,Kolkata,Web
TXN102197,C1445,M528,4417.99,12,26,UPI,Delhi,Web
TXN102198,C1480,M547,2786.7,12,17,Net Banking,Chennai,POS Terminal
TXN102199,C1371,M561,2128.72,19,15,Debit Card,Pune,Android
TXN102200,C1293,M512,2586.12,13,13,Credit Card,Delhi,POS Terminal
TXN102201,C1252,M543,3116.65,18,23,UPI,Kolkata,Android
TXN102202,C1142,M546,1132.59,11,18,Net Banking,Chennai,iOS
TXN102203,C1249,M563,2200.79,6,23,Debit Card,Hyderabad,POS Terminal
TXN102204,C1365,M552,2048.43,20,16,Net Banking,Bengaluru,POS Terminal
TXN102205,C1435,M576,2643.71,15,30,Net Banking,Hyderabad,iOS
TXN102206,C1462,M575,3525.39,14,20,Net Banking,Mumbai,Android
TXN102207,C1301,M543,680.5,17,25,Net Banking,Pune,Android
TXN102208,C1024,M527,3224.9,11,21,Net Banking,Mumbai,POS Terminal
TXN102209,C1276,M501,1673.73,20,1,Net Banking,Mumbai,POS Terminal
TXN102210,C1471,M556,4630.58,16,28,Net Banking,Chennai,Web
TXN102211,C1376,M556,1188.86,10,27,Net Banking,Ahmedabad,Android
TXN102212,C1377,M533,3859.31,8,20,Net Banking,Chennai,iOS
TXN102213,C1388,M557,2422.42,15,27,Debit Card,Ahmedabad,Android
TXN102214,C1069,M551,642.11,20,13,Debit Card,Hyderabad,Web
TXN102215,C1112,M528,2231.14,19,4,Net Banking,Hyderabad,Web
TXN102216,C1362,M534,4372.93,13,12,Credit Card,Pune,POS Terminal
TXN102217,C1111,M574,1330.65,12,15,UPI,Kolkata,Web
TXN102218,C1363,M547,5475.9,16,20,UPI,Bengaluru,Web
TXN102219,C1302,M532,6297.67,14,12,Credit Card,Bengaluru,Web
TXN102220,C1470,M574,2665.16,22,19,UPI,Pune,iOS
TXN102221,C1451,M572,1056.63,7,19,Debit Card,Bengaluru,POS Terminal
TXN102222,C1090,M577,3795.76,14,26,Net Banking,Pune,Web
TXN102223,C1017,M508,1577.65,13,15,Debit Card,Pune,iOS
TXN102224,C1148,M547,3798.18,11,21,Credit Card,Pune,POS Terminal
TXN102225,C1475,M566,3996.65,17,5,Debit Card,Kolkata,POS Terminal
TXN102226,C1226,M535,4716.18,17,11,UPI,Delhi,iOS
TXN102227,C1213,M570,5706.03,22,18,UPI,Mumbai,Web
TXN102228,C1359,M543,66699.0,2,10,Credit Card,Chennai,Web
TXN102229,C1150,M559,1279.56,14,28,Net Banking,Mumbai,POS Terminal
TXN102230,C1191,M562,2426.1,13,26,Debit Card,Kolkata,iOS
TXN102231,C1450,M504,3599.86,15,13,UPI,Chennai,POS Terminal
TXN102232,C1039,M575,3811.71,7,25,UPI,Pune,iOS
TXN102233,C1241,M539,2414.22,10,19,Net Banking,Chennai,Web
TXN102234,C1137,M518,1331.45,10,20,UPI,Mumbai,POS Terminal
TXN102235,C1344,M546,4195.71,15,15,Debit Card,Delhi,iOS
TXN102236,C1179,M564,7994.48,16,18,UPI,Delhi,Android
TXN102237,C1496,M566,3395.36,13,8,Debit Card,Hyderabad,Android
TXN102238,C1199,M517,1944.13,16,23,UPI,Delhi,iOS
TXN102239,C1202,M549,2689.69,14,3,Debit Card,Kolkata,iOS
TXN102240,C1060,M529,2880.65,13,11,UPI,Ahmedabad,iOS
TXN102241,C1191,M565,3467.18,21,27,Debit Card,Kolkata,Android
TXN102242,C1004,M504,1914.75,17,5,Credit Card,Kolkata,iOS
TXN102243,C1377,M541,4594.91,17,12,Credit Card,Chennai,Web
TXN102244,C1236,M504,3233.08,15,1,Credit Card,Ahmedabad,Android
TXN102245,C1180,M549,1467.69,10,28,UPI,Kolkata,iOS
TXN102246,C1310,M557,3532.63,15,6,Net Banking,Mumbai,Android
TXN102247,C1036,M578,1612.08,15,26,Net Banking,Mumbai,Android
TXN102248,C1055,M507,3087.65,17,6,Debit Card,Ahmedabad,Android
TXN102249,C1442,M530,1496.85,12,12,Net Banking,Hyderabad,Web
TXN102250,C1236,M511,3262.73,19,21,UPI,Ahmedabad,Web
TXN102251,C1357,M520,2778.09,14,25,Debit Card,Pune,POS Terminal
TXN102252,C1348,M561,1460.6,11,15,Debit Card,Mumbai,Web
TXN102253,C1196,M532,2959.32,15,4,UPI,Pune,Android
TXN102254,C1072,M525,1083.75,13,18,Debit Card,Delhi,iOS
TXN102255,C1058,M539,3509.46,14,12,Net Banking,Hyderabad,POS Terminal
TXN102256,C1239,M564,3060.49,16,7,Credit Card,Chennai,Android
TXN102257,C1001,M558,5573.53,13,5,Net Banking,Pune,iOS
TXN102258,C1448,M514,2209.05,18,23,UPI,Delhi,POS Terminal
TXN102259,C1359,M500,6001.09,22,23,Credit Card,Pune,POS Terminal
TXN102260,C1187,M510,3538.57,15,23,Credit Card,Hyderabad,iOS
TXN102261,C1306,M554,705.55,15,3,Net Banking,Bengaluru,POS Terminal
TXN102262,C1029,M501,1532.69,7,29,Credit Card,Ahmedabad,Web
TXN102263,C1266,M564,51424.01,3,5,Net Banking,Delhi,iOS
TXN102264,C1475,M543,3439.07,20,29,Net Banking,Kolkata,iOS
TXN102265,C1107,M515,2948.54,18,17,Net Banking,Bengaluru,Web
TXN102266,C1331,M521,896.99,11,6,UPI,Chennai,iOS
TXN102267,C1422,M517,983.39,18,20,Credit Card,Pune,Web
TXN102268,C1089,M546,4492.54,12,2,UPI,Pune,POS Terminal
TXN102269,C1204,M529,2543.74,18,19,UPI,Bengaluru,Android
TXN102270,C1378,M509,981.03,14,15,Net Banking,Delhi,iOS
TXN102271,C1455,M557,1495.0,17,3,Credit Card,Kolkata,Web
TXN102272,C1446,M561,3526.31,15,30,Debit Card,Delhi,Android
TXN102273,C1447,M579,3658.28,8,1,Debit Card,Delhi,Android
TXN102274,C1444,M505,2907.54,10,23,Net Banking,Ahmedabad,Web
TXN102275,C1380,M566,25132.86,1,26,Net Banking,Chennai,iOS
TXN102276,C1437,M540,3102.08,11,30,UPI,Mumbai,iOS
TXN102277,C1219,M542,3036.26,20,19,Credit Card,Chennai,iOS
TXN102278,C1377,M576,2266.41,17,7,Net Banking,Chennai,POS Terminal
TXN102279,C1093,M517,1791.28,15,26,UPI,Mumbai,iOS
TXN102280,C1456,M557,6339.3,23,10,Debit Card,Chennai,Web
TXN102281,C1102,M559,5671.9,15,28,UPI,Ahmedabad,Android
TXN102282,C1222,M526,1745.32,12,9,UPI,Pune,iOS
TXN102283,C1185,M567,1903.34,6,29,Net Banking,Hyderabad,POS Terminal
TXN102284,C1468,M521,3978.14,9,16,Net Banking,Kolkata,Web
TXN102285,C1183,M523,1098.83,14,15,Debit Card,Pune,Web
TXN102286,C1494,M539,1178.74,17,13,Credit Card,Pune,POS Terminal
TXN102287,C1161,M573,2789.18,11,22,Debit Card,Pune,iOS
TXN102288,C1246,M565,1798.4,16,8,Credit Card,Hyderabad,iOS
TXN102289,C1030,M539,2756.05,10,27,Credit Card,Delhi,Android
TXN102290,C1051,M505,237.75,13,11,Net Banking,Bengaluru,Web
TXN102291,C1344,M517,4018.9,11,1,Debit Card,Delhi,Web
TXN102292,C1075,M529,3078.26,7,24,UPI,Mumbai,Android
TXN102293,C1384,M520,1767.1,16,8,UPI,Mumbai,iOS
TXN102294,C1438,M561,1675.69,15,12,Debit Card,Mumbai,iOS
TXN102295,C1277,M509,36514.38,4,19,Credit Card,Delhi,iOS
TXN102296,C1039,M512,4732.41,9,6,Debit Card,Pune,iOS
TXN102297,C1100,M575,3073.37,13,16,Net Banking,Mumbai,Android
TXN102298,C1110,M508,3228.07,15,30,UPI,Mumbai,POS Terminal
TXN102299,C1384,M567,35851.56,1,30,UPI,Pune,POS Terminal
TXN102300,C1320,M538,917.39,6,14,Credit Card,Chennai,Web
TXN102301,C1248,M523,5063.99,18,22,Net Banking,Chennai,iOS
TXN102302,C1190,M533,1840.71,13,7,Debit Card,Hyderabad,Android
TXN102303,C1489,M560,1536.49,14,3,Net Banking,Delhi,POS Terminal
TXN102304,C1181,M540,3060.18,8,10,UPI,Ahmedabad,POS Terminal
TXN102305,C1425,M504,2930.44,13,1,Net Banking,Ahmedabad,Android
TXN102306,C1404,M578,1552.95,13,29,Debit Card,Bengaluru,Web
TXN102307,C1334,M549,2705.42,8,25,Debit Card,Hyderabad,Android
TXN102308,C1208,M503,1391.23,12,6,Debit Card,Bengaluru,Web
TXN102309,C1021,M550,5587.52,18,5,Credit Card,Kolkata,iOS
TXN102310,C1165,M551,1106.76,20,15,UPI,Hyderabad,Web
TXN102311,C1098,M538,2514.43,14,18,Credit Card,Bengaluru,iOS
TXN102312,C1492,M507,2432.22,13,4,UPI,Chennai,iOS
TXN102313,C1207,M544,2858.3,15,5,UPI,Pune,iOS
TXN102314,C1007,M527,5621.29,19,10,Debit Card,Pune,Android
TXN102315,C1189,M526,3535.09,11,4,Debit Card,Pune,POS Terminal
TXN102316,C1174,M564,6486.83,11,10,UPI,Chennai,Android
TXN102317,C1272,M533,1306.05,16,20,Debit Card,Pune,Android
TXN102318,C1016,M561,2352.72,12,27,Debit Card,Delhi,POS Terminal
TXN102319,C1089,M561,4020.1,17,22,Debit Card,Pune,POS Terminal
TXN102320,C1140,M537,9642.39,17,4,Net Banking,Ahmedabad,POS Terminal
TXN102321,C1144,M525,4751.49,20,29,Credit Card,Pune,POS Terminal
TXN102322,C1165,M523,1109.87,7,12,Net Banking,Hyderabad,iOS
TXN102323,C1336,M538,2226.31,15,9,Net Banking,Ahmedabad,POS Terminal
TXN102324,C1495,M520,2618.52,13,28,Credit Card,Kolkata,Android
TXN102325,C1077,M546,2216.37,6,2,Net Banking,Pune,iOS
TXN102326,C1428,M547,2261.78,12,5,UPI,Chennai,Android
TXN102327,C1261,M512,2553.26,14,30,Debit Card,Chennai,iOS
TXN102328,C1162,M502,2319.92,13,16,Net Banking,Bengaluru,iOS
TXN102329,C1365,M531,2275.57,10,19,Net Banking,Bengaluru,Web
TXN102330,C1013,M534,3731.4,22,24,Debit Card,Bengaluru,iOS
TXN102331,C1238,M518,2862.1,12,14,Debit Card,Mumbai,Web
TXN102332,C1071,M513,1762.69,14,15,Credit Card,Hyderabad,Web
TXN102333,C1444,M547,2031.63,14,19,UPI,Ahmedabad,iOS
TXN102334,C1142,M567,1474.91,10,24,Debit Card,Chennai,POS Terminal
TXN102335,C1309,M544,7353.31,18,24,Net Banking,Mumbai,POS Terminal
TXN102336,C1282,M518,1916.51,12,18,Credit Card,Kolkata,Android
TXN102337,C1268,M563,1166.41,11,11,Credit Card,Delhi,Android
TXN102338,C1240,M565,46309.89,4,13,Debit Card,Mumbai,Web
TXN102339,C1414,M578,2268.51,16,10,Net Banking,Kolkata,iOS
TXN102340,C1244,M565,4182.84,13,29,Debit Card,Mumbai,iOS
TXN102341,C1162,M574,1948.07,10,7,Credit Card,Bengaluru,iOS
TXN102342,C1059,M544,1684.59,12,27,Net Banking,Ahmedabad,Web
TXN102343,C1005,M573,632.88,11,22,Net Banking,Pune,iOS
TXN102344,C1196,M566,3081.51,8,27,Credit Card,Pune,Android
TXN102345,C1469,M568,3781.25,12,1,UPI,Pune,POS Terminal
TXN102346,C1057,M502,5258.01,9,18,Net Banking,Pune,Web
TXN102347,C1304,M537,2257.51,11,4,Credit Card,Pune,POS Terminal
TXN102348,C1406,M576,1434.92,12,16,Net Banking,Mumbai,Web
TXN102349,C1216,M541,2788.47,15,18,Net Banking,Hyderabad,POS Terminal
TXN102350,C1417,M539,3853.06,13,21,Credit Card,Bengaluru,Web
TXN102351,C1025,M549,3389.11,15,19,Net Banking,Chennai,POS Terminal
TXN102352,C1302,M534,4302.94,16,15,UPI,Bengaluru,Android
TXN102353,C1004,M523,2028.12,7,22,Credit Card,Kolkata,Android
TXN102354,C1473,M516,1267.1,13,25,Credit Card,Bengaluru,Web
TXN102355,C1019,M539,2204.74,21,30,Net Banking,Hyderabad,Android
TXN102356,C1389,M573,1698.02,8,10,UPI,Kolkata,POS Terminal
TXN102357,C1197,M565,1303.89,19,7,UPI,Pune,Android
TXN102358,C1058,M543,3045.68,10,30,Debit Card,Hyderabad,Android
TXN102359,C1447,M522,2443.71,23,21,Credit Card,Delhi,POS Terminal
TXN102360,C1241,M505,3315.37,6,1,Net Banking,Mumbai,POS Terminal
TXN102361,C1145,M565,2460.9,21,1,Net Banking,Hyderabad,iOS
TXN102362,C1387,M520,1498.79,13,1,Debit Card,Delhi,iOS
TXN102363,C1272,M534,1332.32,20,19,Net Banking,Pune,Web
TXN102364,C1248,M528,3140.46,11,7,UPI,Chennai,Web
TXN102365,C1013,M506,1346.63,11,15,Credit Card,Bengaluru,iOS
TXN102366,C1461,M552,1196.9,13,13,UPI,Bengaluru,POS Terminal
TXN102367,C1012,M536,1860.19,16,9,Credit Card,Ahmedabad,Web
TXN102368,C1390,M522,3608.81,16,14,Debit Card,Mumbai,POS Terminal
TXN102369,C1383,M507,1025.46,14,6,Credit Card,Ahmedabad,iOS
TXN102370,C1043,M575,4271.2,12,7,UPI,Chennai,iOS
TXN102371,C1374,M547,2476.12,13,14,Net Banking,Delhi,Web
TXN102372,C1398,M509,1779.75,11,11,Credit Card,Bengaluru,iOS
TXN102373,C1018,M578,9951.91,13,3,Debit Card,Chennai,Web
TXN102374,C1062,M523,2266.39,16,11,Debit Card,Kolkata,Android
TXN102375,C1490,M546,4070.3,18,8,Net Banking,Hyderabad,POS Terminal
TXN102376,C1238,M552,2292.18,16,26,Debit Card,Mumbai,POS Terminal
TXN102377,C1491,M538,4962.23,6,6,UPI,Mumbai,POS Terminal
TXN102378,C1418,M566,2298.01,14,3,Credit Card,Pune,Android
TXN102379,C1336,M565,1940.71,21,29,Credit Card,Ahmedabad,iOS
TXN102380,C1418,M505,2587.54,17,12,UPI,Pune,iOS
TXN102381,C1402,M520,2767.38,15,18,Debit Card,Delhi,Android
TXN102382,C1403,M572,1344.0,10,25,UPI,Mumbai,Android
TXN102383,C1099,M573,50706.15,5,11,Credit Card,Hyderabad,iOS
TXN102384,C1162,M535,1735.27,12,7,Credit Card,Bengaluru,Android
TXN102385,C1415,M502,1288.95,16,30,Credit Card,Mumbai,iOS
TXN102386,C1121,M577,3300.27,15,10,Credit Card,Mumbai,Android
TXN102387,C1431,M541,2503.42,22,16,Net Banking,Mumbai,Android
TXN102388,C1043,M544,4031.08,17,26,Credit Card,Chennai,iOS
TXN102389,C1359,M543,3793.3,10,16,Debit Card,Pune,iOS
TXN102390,C1407,M532,1654.04,17,15,UPI,Pune,iOS
TXN102391,C1316,M559,422.37,16,13,Debit Card,Kolkata,iOS
TXN102392,C1380,M569,1184.77,17,25,Credit Card,Bengaluru,Web
TXN102393,C1144,M576,42485.68,4,4,Debit Card,Bengaluru,Web
TXN102394,C1326,M525,2922.01,17,4,Net Banking,Hyderabad,iOS
TXN102395,C1362,M520,4912.37,19,6,UPI,Pune,POS Terminal
TXN102396,C1049,M501,2188.55,6,18,Credit Card,Delhi,POS Terminal
TXN102397,C1064,M546,46786.33,3,26,Debit Card,Kolkata,Web
TXN102398,C1354,M529,2486.34,11,1,Net Banking,Mumbai,Android
TXN102399,C1287,M526,3606.39,23,30,Net Banking,Mumbai,iOS
TXN102400,C1163,M570,2403.68,16,10,Net Banking,Bengaluru,Web
TXN102401,C1140,M519,9437.24,21,3,UPI,Ahmedabad,POS Terminal
TXN102402,C1453,M549,1926.99,12,28,Debit Card,Delhi,iOS
TXN102403,C1313,M522,4468.25,11,14,Debit Card,Mumbai,Android
TXN102404,C1127,M512,71615.77,5,11,UPI,Kolkata,Android
TXN102405,C1397,M503,5272.6,12,5,Net Banking,Bengaluru,POS Terminal
TXN102406,C1420,M513,3170.56,22,2,Credit Card,Pune,POS Terminal
TXN102407,C1367,M519,2966.05,11,9,Debit Card,Chennai,iOS
TXN102408,C1462,M512,3188.2,14,29,Credit Card,Mumbai,Web
TXN102409,C1238,M502,2827.59,16,29,Net Banking,Mumbai,iOS
TXN102410,C1323,M577,1494.79,9,17,UPI,Kolkata,iOS
TXN102411,C1295,M546,1217.63,12,29,Credit Card,Bengaluru,Android
TXN102412,C1186,M502,1561.08,6,19,Debit Card,Mumbai,iOS
TXN102413,C1207,M500,2579.27,12,21,Debit Card,Pune,Web
TXN102414,C1219,M523,4105.25,11,17,UPI,Chennai,iOS
TXN102415,C1399,M534,1799.29,14,20,Net Banking,Mumbai,POS Terminal
TXN102416,C1189,M513,5099.03,18,10,Debit Card,Pune,iOS
TXN102417,C1387,M566,2037.78,19,17,Debit Card,Delhi,POS Terminal
TXN102418,C1428,M512,3000.02,18,11,UPI,Chennai,Android
TXN102419,C1345,M546,774.05,15,27,Credit Card,Hyderabad,Android
TXN102420,C1283,M549,7024.49,11,28,Net Banking,Hyderabad,Android
TXN102421,C1351,M577,2871.22,18,27,Credit Card,Bengaluru,Android
TXN102422,C1236,M525,4626.03,14,7,Net Banking,Ahmedabad,Web
TXN102423,C1193,M502,1837.8,12,1,Credit Card,Ahmedabad,Android
TXN102424,C1286,M550,2162.65,17,16,Credit Card,Pune,iOS
TXN102425,C1258,M539,6731.66,22,3,Debit Card,Delhi,Android
TXN102426,C1245,M567,2195.25,21,15,Credit Card,Pune,POS Terminal
TXN102427,C1135,M535,714.17,19,4,Net Banking,Hyderabad,POS Terminal
TXN102428,C1279,M550,3848.62,18,4,UPI,Hyderabad,Web
TXN102429,C1270,M500,4786.33,16,30,UPI,Hyderabad,Web
TXN102430,C1170,M532,4343.19,15,29,Credit Card,Kolkata,Android
TXN102431,C1158,M506,4020.92,19,23,Net Banking,Ahmedabad,Android
TXN102432,C1200,M551,2325.45,20,5,Net Banking,Kolkata,POS Terminal
TXN102433,C1486,M510,3748.96,13,15,Debit Card,Bengaluru,Android
TXN102434,C1044,M526,2384.82,20,11,UPI,Pune,Android
TXN102435,C1449,M513,4278.05,11,24,UPI,Chennai,iOS
TXN102436,C1263,M579,3271.56,10,19,Debit Card,Pune,iOS
TXN102437,C1070,M545,3801.84,18,30,UPI,Ahmedabad,Web
TXN102438,C1363,M575,5663.05,14,8,Net Banking,Pune,Android
TXN102439,C1370,M509,3550.21,7,11,Credit Card,Ahmedabad,Android
TXN102440,C1102,M523,6801.95,15,11,Credit Card,Ahmedabad,POS Terminal
TXN102441,C1489,M560,2574.3,23,29,Net Banking,Delhi,iOS
TXN102442,C1124,M517,5390.6,9,9,Credit Card,Mumbai,Android
TXN102443,C1312,M508,1210.46,12,14,Debit Card,Mumbai,iOS
TXN102444,C1463,M516,1167.6,16,25,UPI,Mumbai,Web
TXN102445,C1482,M557,1556.32,16,25,UPI,Delhi,POS Terminal
TXN102446,C1285,M512,2905.42,8,14,Debit Card,Mumbai,Web
TXN102447,C1457,M549,2719.28,12,13,Credit Card,Hyderabad,Android
TXN102448,C1229,M505,3750.29,14,1,Credit Card,Delhi,Android
TXN102449,C1145,M550,1857.65,14,30,Debit Card,Hyderabad,Android
TXN102450,C1369,M535,553.46,12,9,Net Banking,Pune,iOS
TXN102451,C1196,M570,3707.13,14,8,UPI,Pune,iOS
TXN102452,C1372,M524,3728.23,15,29,Credit Card,Kolkata,Web
TXN102453,C1220,M510,3508.21,13,18,Credit Card,Kolkata,iOS
TXN102454,C1422,M543,1337.89,6,3,Net Banking,Pune,Android
TXN102455,C1059,M513,2373.88,18,23,UPI,Ahmedabad,Web
TXN102456,C1097,M528,2317.87,15,3,Credit Card,Delhi,POS Terminal
TXN102457,C1170,M573,3564.23,12,2,Net Banking,Hyderabad,Android
TXN102458,C1381,M549,2114.45,17,4,UPI,Pune,iOS
TXN102459,C1172,M504,1853.83,13,9,Net Banking,Kolkata,iOS
TXN102460,C1150,M571,1723.41,16,15,UPI,Mumbai,Android
TXN102461,C1452,M568,2518.92,17,18,Credit Card,Bengaluru,Android
TXN102462,C1349,M556,3038.89,10,17,Credit Card,Hyderabad,Web
TXN102463,C1389,M525,2009.22,13,26,UPI,Kolkata,POS Terminal
TXN102464,C1439,M505,1155.74,13,30,Net Banking,Ahmedabad,iOS
TXN102465,C1121,M515,3211.46,14,23,Debit Card,Mumbai,iOS
TXN102466,C1493,M559,2453.59,6,30,Debit Card,Mumbai,Web
TXN102467,C1107,M511,3021.46,15,11,Net Banking,Chennai,Web
TXN102468,C1003,M574,1577.15,14,1,Credit Card,Ahmedabad,POS Terminal
TXN102469,C1092,M502,5174.46,20,6,UPI,Kolkata,POS Terminal
TXN102470,C1406,M562,1549.3,9,14,Net Banking,Mumbai,POS Terminal
TXN102471,C1005,M563,973.43,9,5,UPI,Pune,iOS
TXN102472,C1287,M561,5076.6,19,27,UPI,Mumbai,Web
TXN102473,C1105,M505,1668.7,19,24,Debit Card,Delhi,iOS
TXN102474,C1145,M518,2264.78,16,3,Credit Card,Hyderabad,iOS
TXN102475,C1270,M517,6044.41,12,19,Credit Card,Hyderabad,Web
TXN102476,C1423,M579,2285.75,12,1,Debit Card,Delhi,POS Terminal
TXN102477,C1377,M542,3465.6,12,4,Net Banking,Chennai,Web
TXN102478,C1095,M572,2912.65,21,26,UPI,Pune,Web
TXN102479,C1456,M502,6866.42,17,16,Debit Card,Chennai,iOS
TXN102480,C1228,M571,966.93,13,26,Debit Card,Delhi,Web
TXN102481,C1201,M537,6480.8,11,6,Credit Card,Chennai,iOS
TXN102482,C1211,M567,2407.69,13,5,Net Banking,Kolkata,POS Terminal
TXN102483,C1005,M575,913.3,16,7,Debit Card,Pune,POS Terminal
TXN102484,C1111,M543,1800.84,6,28,UPI,Kolkata,Android
TXN102485,C1375,M579,923.77,17,27,Debit Card,Delhi,Web
TXN102486,C1378,M562,650.27,20,10,UPI,Delhi,POS Terminal
TXN102487,C1446,M541,3703.91,16,1,Net Banking,Delhi,iOS
TXN102488,C1322,M563,435.12,11,19,Debit Card,Ahmedabad,iOS
TXN102489,C1105,M553,1535.01,10,27,UPI,Delhi,iOS
TXN102490,C1138,M577,3361.58,17,14,Credit Card,Kolkata,POS Terminal
TXN102491,C1298,M576,1916.75,20,4,Credit Card,Pune,Web
TXN102492,C1400,M570,1031.86,13,15,Debit Card,Pune,Web
TXN102493,C1095,M575,3533.5,20,6,Credit Card,Pune,POS Terminal
TXN102494,C1387,M536,1041.21,8,20,Debit Card,Delhi,POS Terminal
TXN102495,C1446,M503,4064.9,16,23,UPI,Delhi,Android
TXN102496,C1451,M501,967.78,6,30,UPI,Bengaluru,Web
TXN102497,C1336,M543,2141.98,10,26,Net Banking,Ahmedabad,Android
TXN102498,C1296,M566,1067.27,9,10,Credit Card,Pune,Android
TXN102499,C1466,M567,3246.93,19,15,Net Banking,Kolkata,Android
TXN102500,C1388,M575,1289.3,12,19,Debit Card,Ahmedabad,Android
TXN102501,C1415,M573,1118.69,9,8,UPI,Pune,Web
TXN102502,C1213,M561,5641.02,9,13,Debit Card,Mumbai,Android
TXN102503,C1453,M500,1888.98,13,23,Net Banking,Delhi,Web
TXN102504,C1290,M516,1353.18,9,19,Credit Card,Chennai,POS Terminal
TXN102505,C1021,M515,5344.57,21,16,Debit Card,Kolkata,Web
TXN102506,C1192,M508,7313.62,14,25,Net Banking,Kolkata,POS Terminal
TXN102507,C1467,M552,1578.91,15,29,Credit Card,Kolkata,Web
TXN102508,C1149,M572,3055.28,7,26,Debit Card,Pune,Web
TXN102509,C1367,M558,3513.37,10,29,Net Banking,Chennai,Web
TXN102510,C1246,M508,1683.72,18,21,Net Banking,Bengaluru,iOS
TXN102511,C1266,M511,1116.63,18,18,Credit Card,Hyderabad,Web
TXN102512,C1460,M540,1708.55,14,9,Debit Card,Chennai,POS Terminal
TXN102513,C1250,M514,2095.04,18,24,Debit Card,Kolkata,Web
TXN102514,C1489,M565,2586.58,17,15,Net Banking,Delhi,Android
TXN102515,C1002,M574,2866.93,15,8,Debit Card,Kolkata,POS Terminal
TXN102516,C1392,M510,818.09,19,17,Credit Card,Pune,Android
TXN102517,C1315,M507,1477.09,17,30,Net Banking,Kolkata,POS Terminal
TXN102518,C1075,M554,3065.35,15,4,Net Banking,Mumbai,Android
TXN102519,C1086,M505,9144.1,16,23,Debit Card,Delhi,POS Terminal
TXN102520,C1269,M552,2345.54,16,22,Net Banking,Hyderabad,Android
TXN102521,C1224,M519,1943.81,6,28,Credit Card,Delhi,Android
TXN102522,C1017,M538,1864.34,6,9,UPI,Pune,POS Terminal
TXN102523,C1112,M571,3876.48,16,8,Net Banking,Hyderabad,POS Terminal
TXN102524,C1250,M533,1248.02,20,9,Debit Card,Kolkata,POS Terminal
TXN102525,C1232,M556,2305.17,10,4,Debit Card,Pune,Android
TXN102526,C1328,M518,1247.72,12,8,Credit Card,Ahmedabad,Web
TXN102527,C1278,M570,1019.63,19,30,Debit Card,Pune,POS Terminal
TXN102528,C1201,M530,3803.89,15,28,Debit Card,Chennai,POS Terminal
TXN102529,C1082,M539,2384.02,15,22,UPI,Bengaluru,Web
TXN102530,C1124,M513,3419.36,15,25,Net Banking,Mumbai,Android
TXN102531,C1174,M536,2975.6,16,26,Debit Card,Chennai,iOS
TXN102532,C1068,M543,1875.72,17,17,Debit Card,Bengaluru,iOS
TXN102533,C1046,M508,648.78,9,6,UPI,Delhi,Web
TXN102534,C1371,M557,2161.74,10,26,Net Banking,Pune,Web
TXN102535,C1255,M519,516.57,13,10,Credit Card,Kolkata,iOS
TXN102536,C1214,M549,39059.86,5,2,UPI,Mumbai,iOS
TXN102537,C1029,M519,2652.36,17,12,UPI,Pune,Android
TXN102538,C1280,M535,4252.1,21,19,Debit Card,Hyderabad,iOS
TXN102539,C1411,M526,2375.99,6,25,Debit Card,Hyderabad,Android
TXN102540,C1481,M571,3789.78,14,5,Credit Card,Delhi,POS Terminal
TXN102541,C1236,M531,3323.02,14,16,Credit Card,Ahmedabad,Web
TXN102542,C1247,M500,1976.13,14,5,Credit Card,Hyderabad,POS Terminal
TXN102543,C1367,M516,3238.5,10,1,UPI,Chennai,Web
TXN102544,C1494,M508,33161.81,4,10,UPI,Pune,POS Terminal
TXN102545,C1024,M544,2049.06,19,28,UPI,Chennai,Android
TXN102546,C1073,M565,1802.81,20,30,Credit Card,Bengaluru,Web
TXN102547,C1205,M531,6685.05,16,28,Net Banking,Bengaluru,POS Terminal
TXN102548,C1489,M544,33142.62,1,2,Credit Card,Chennai,Web
TXN102549,C1493,M508,3468.03,6,16,Debit Card,Mumbai,Android
TXN102550,C1313,M529,3623.54,16,9,UPI,Mumbai,iOS
TXN102551,C1093,M537,1654.37,16,7,Debit Card,Chennai,POS Terminal
TXN102552,C1374,M559,36315.34,2,13,Credit Card,Mumbai,Web
TXN102553,C1126,M500,1412.98,7,4,Debit Card,Bengaluru,iOS
TXN102554,C1424,M504,1247.74,19,7,UPI,Delhi,iOS
TXN102555,C1024,M562,3356.55,11,10,Net Banking,Chennai,Web
TXN102556,C1333,M535,846.5,17,12,Net Banking,Ahmedabad,iOS
TXN102557,C1354,M564,1877.15,14,2,Credit Card,Mumbai,Web
TXN102558,C1115,M577,1616.39,19,28,Net Banking,Delhi,Web
TXN102559,C1047,M572,2045.71,11,5,UPI,Hyderabad,Android
TXN102560,C1225,M523,1540.69,13,28,Credit Card,Mumbai,Web
TXN102561,C1265,M503,5783.8,14,25,UPI,Delhi,POS Terminal
TXN102562,C1098,M577,2929.38,14,15,Debit Card,Bengaluru,Android
TXN102563,C1458,M567,1630.73,12,11,Credit Card,Pune,Android
TXN102564,C1010,M524,4143.4,7,2,Net Banking,Hyderabad,Android
TXN102565,C1084,M573,4791.25,12,15,UPI,Mumbai,Android
TXN102566,C1404,M506,32613.47,1,19,Credit Card,Hyderabad,POS Terminal
TXN102567,C1213,M512,6304.6,22,5,Credit Card,Mumbai,POS Terminal
TXN102568,C1172,M567,1744.39,18,16,Net Banking,Kolkata,Android
TXN102569,C1390,M542,2969.87,14,21,UPI,Mumbai,iOS
TXN102570,C1208,M556,1879.39,13,8,Debit Card,Bengaluru,POS Terminal
TXN102571,C1447,M535,3701.25,23,7,Net Banking,Delhi,POS Terminal
TXN102572,C1381,M513,1865.23,13,3,Credit Card,Pune,Android
TXN102573,C1063,M571,2152.37,8,21,UPI,Delhi,POS Terminal
TXN102574,C1257,M526,2256.59,16,8,Credit Card,Delhi,Android
TXN102575,C1331,M536,35830.63,5,5,Net Banking,Hyderabad,iOS
TXN102576,C1120,M570,2507.32,14,14,Debit Card,Hyderabad,Android
TXN102577,C1297,M575,4292.58,13,2,Debit Card,Kolkata,iOS
TXN102578,C1465,M524,2342.25,16,10,UPI,Kolkata,POS Terminal
TXN102579,C1053,M566,665.55,16,18,Debit Card,Ahmedabad,iOS
TXN102580,C1330,M503,1782.17,11,17,Credit Card,Ahmedabad,Android
TXN102581,C1271,M578,2574.09,12,6,Debit Card,Ahmedabad,Web
TXN102582,C1240,M573,3896.16,13,17,Debit Card,Hyderabad,POS Terminal
TXN102583,C1242,M515,738.07,19,24,Debit Card,Kolkata,Web
TXN102584,C1017,M518,1387.09,14,17,Credit Card,Pune,Android
TXN102585,C1482,M528,2009.91,20,24,Debit Card,Delhi,Web
TXN102586,C1186,M550,1653.12,12,22,Credit Card,Mumbai,POS Terminal
TXN102587,C1345,M517,841.04,17,25,UPI,Hyderabad,Android
TXN102588,C1143,M557,1377.71,17,19,Credit Card,Ahmedabad,Android
TXN102589,C1261,M543,3375.24,14,16,Credit Card,Chennai,iOS
TXN102590,C1440,M515,3808.72,16,30,UPI,Ahmedabad,Android
TXN102591,C1363,M564,4407.42,10,30,Debit Card,Pune,Android
TXN102592,C1490,M501,4551.68,15,23,Debit Card,Hyderabad,Web
TXN102593,C1430,M555,1116.33,12,2,UPI,Chennai,iOS
TXN102594,C1238,M578,2273.76,14,5,Debit Card,Mumbai,iOS
TXN102595,C1303,M527,1392.06,11,12,Debit Card,Hyderabad,Web
TXN102596,C1297,M564,4927.21,16,1,UPI,Kolkata,Android
TXN102597,C1075,M504,3134.87,22,5,Debit Card,Mumbai,POS Terminal
TXN102598,C1187,M521,2870.24,13,8,Net Banking,Hyderabad,iOS
TXN102599,C1332,M512,3452.53,9,10,UPI,Hyderabad,iOS
TXN102600,C1387,M564,1083.8,20,3,Debit Card,Delhi,POS Terminal
TXN102601,C1486,M515,4929.97,17,6,Debit Card,Bengaluru,POS Terminal
TXN102602,C1245,M563,2028.01,8,13,Debit Card,Pune,Web
TXN102603,C1129,M531,1438.23,19,20,Net Banking,Ahmedabad,iOS
TXN102604,C1473,M579,1247.08,16,8,Debit Card,Bengaluru,Android
TXN102605,C1314,M550,574.05,19,29,UPI,Chennai,Web
TXN102606,C1410,M578,24008.16,5,30,Net Banking,Mumbai,POS Terminal
TXN102607,C1282,M557,2355.69,14,18,Credit Card,Kolkata,Android
TXN102608,C1078,M545,2793.45,21,5,Credit Card,Bengaluru,POS Terminal
TXN102609,C1071,M551,1842.09,17,6,UPI,Hyderabad,POS Terminal
TXN102610,C1262,M562,5375.07,18,27,UPI,Bengaluru,iOS
TXN102611,C1190,M575,2072.95,16,24,Debit Card,Mumbai,Web
TXN102612,C1366,M559,78506.25,2,2,Debit Card,Kolkata,Android
TXN102613,C1374,M564,1465.18,19,25,Net Banking,Delhi,iOS
TXN102614,C1429,M554,1750.57,9,7,Net Banking,Mumbai,Android
TXN102615,C1062,M556,2209.68,8,16,Net Banking,Kolkata,Android
TXN102616,C1487,M570,1585.93,19,10,Net Banking,Mumbai,Web
TXN102617,C1379,M572,36379.34,4,29,Credit Card,Mumbai,Android
TXN102618,C1011,M525,3393.6,7,30,Credit Card,Mumbai,iOS
TXN102619,C1140,M511,7991.35,6,20,UPI,Ahmedabad,iOS
TXN102620,C1253,M570,987.01,23,10,UPI,Hyderabad,iOS
TXN102621,C1042,M545,4769.73,18,2,Debit Card,Delhi,iOS
TXN102622,C1016,M546,3429.14,16,8,Debit Card,Mumbai,Android
TXN102623,C1062,M578,2570.21,6,2,Debit Card,Kolkata,iOS
TXN102624,C1252,M537,4081.8,21,2,Credit Card,Pune,Web
TXN102625,C1464,M520,3615.25,18,13,Net Banking,Ahmedabad,Android
TXN102626,C1375,M513,1238.44,17,25,Credit Card,Delhi,Web
TXN102627,C1291,M501,2461.6,20,4,UPI,Delhi,iOS
TXN102628,C1468,M571,4561.33,13,7,Credit Card,Kolkata,Web
TXN102629,C1007,M569,6328.89,12,26,Debit Card,Pune,POS Terminal
TXN102630,C1324,M532,1750.63,15,14,UPI,Mumbai,iOS
TXN102631,C1089,M505,3134.38,13,20,Credit Card,Pune,Android
TXN102632,C1207,M536,2109.06,17,5,Net Banking,Pune,Web
TXN102633,C1291,M513,3748.96,6,1,Debit Card,Delhi,Android
TXN102634,C1283,M536,9145.13,14,26,UPI,Hyderabad,iOS
TXN102635,C1117,M507,2826.12,12,1,Credit Card,Delhi,Android
TXN102636,C1348,M576,1104.79,10,26,UPI,Mumbai,Web
TXN102637,C1174,M512,3604.35,10,26,UPI,Chennai,Web
TXN102638,C1075,M539,2692.4,15,30,Credit Card,Mumbai,POS Terminal
TXN102639,C1100,M557,4400.01,8,19,Debit Card,Mumbai,POS Terminal
TXN102640,C1413,M517,2328.19,20,6,Credit Card,Pune,Web
TXN102641,C1150,M556,1494.69,9,16,Net Banking,Mumbai,POS Terminal
TXN102642,C1399,M537,1393.95,9,12,Net Banking,Mumbai,iOS
TXN102643,C1269,M531,2543.08,16,1,Debit Card,Hyderabad,Web
TXN102644,C1457,M565,30311.38,5,28,UPI,Mumbai,Web
TXN102645,C1070,M576,3980.93,9,12,Debit Card,Kolkata,Web
TXN102646,C1492,M524,2056.92,15,20,Debit Card,Chennai,Android
TXN102647,C1179,M557,7915.92,11,25,UPI,Delhi,iOS
TXN102648,C1123,M574,3836.0,22,18,Credit Card,Kolkata,iOS
TXN102649,C1380,M532,1764.14,15,2,UPI,Pune,iOS
TXN102650,C1292,M565,2879.92,19,18,Debit Card,Hyderabad,iOS
TXN102651,C1284,M529,1230.94,15,10,Net Banking,Mumbai,Web
TXN102652,C1194,M533,2179.18,20,10,Credit Card,Mumbai,POS Terminal
TXN102653,C1398,M568,2238.96,11,23,Credit Card,Bengaluru,iOS
TXN102654,C1227,M547,2769.63,11,23,UPI,Bengaluru,iOS
TXN102655,C1430,M539,1157.89,16,6,UPI,Mumbai,POS Terminal
TXN102656,C1429,M550,1622.19,18,2,Debit Card,Mumbai,Web
TXN102657,C1435,M579,2785.75,13,16,Credit Card,Hyderabad,Web
TXN102658,C1274,M512,1203.22,14,5,Credit Card,Mumbai,Web
TXN102659,C1460,M530,1548.33,22,29,UPI,Chennai,Web
TXN102660,C1105,M538,2076.64,19,6,UPI,Delhi,POS Terminal
TXN102661,C1020,M562,1962.15,23,22,Net Banking,Pune,Android
TXN102662,C1063,M547,1209.27,15,26,Debit Card,Delhi,POS Terminal
TXN102663,C1164,M547,2074.09,15,22,Net Banking,Mumbai,iOS
TXN102664,C1026,M560,3009.62,17,22,Debit Card,Chennai,Web
TXN102665,C1310,M511,2278.51,14,1,Net Banking,Delhi,iOS
TXN102666,C1499,M577,65248.15,5,28,Credit Card,Chennai,Android
TXN102667,C1284,M555,1403.68,15,4,UPI,Mumbai,Web
TXN102668,C1147,M517,972.75,6,17,Debit Card,Kolkata,Android
TXN102669,C1280,M526,2630.49,18,13,Credit Card,Chennai,iOS
TXN102670,C1325,M527,3981.17,13,12,Debit Card,Bengaluru,POS Terminal
TXN102671,C1318,M579,2802.85,20,13,Credit Card,Pune,Android
TXN102672,C1163,M551,3778.64,13,19,Debit Card,Bengaluru,POS Terminal
TXN102673,C1385,M515,4427.41,16,28,UPI,Chennai,iOS
TXN102674,C1405,M576,3623.27,20,27,Credit Card,Kolkata,iOS
TXN102675,C1223,M557,1451.37,15,16,UPI,Ahmedabad,iOS
TXN102676,C1271,M508,2174.59,13,30,UPI,Ahmedabad,iOS
TXN102677,C1145,M525,2552.39,10,27,Credit Card,Hyderabad,iOS
TXN102678,C1452,M527,3966.09,19,27,Debit Card,Bengaluru,Web
TXN102679,C1437,M576,2654.33,12,11,Debit Card,Mumbai,Web
TXN102680,C1355,M535,2575.61,13,18,Credit Card,Mumbai,POS Terminal
TXN102681,C1029,M508,2026.52,15,18,Credit Card,Ahmedabad,Android
TXN102682,C1044,M546,2442.29,14,22,Net Banking,Pune,Android
TXN102683,C1274,M577,1278.88,13,1,UPI,Kolkata,Web
TXN102684,C1470,M550,2291.91,15,4,Credit Card,Pune,iOS
TXN102685,C1033,M575,790.95,9,9,Credit Card,Pune,iOS
TXN102686,C1140,M556,6256.09,10,3,Credit Card,Pune,Web
TXN102687,C1426,M531,1303.85,10,8,UPI,Mumbai,iOS
TXN102688,C1317,M566,1279.46,11,9,UPI,Mumbai,Android
TXN102689,C1373,M556,1666.76,14,18,UPI,Mumbai,iOS
TXN102690,C1220,M553,5121.57,16,5,UPI,Kolkata,iOS
TXN102691,C1355,M515,2119.38,23,22,Net Banking,Hyderabad,Android
TXN102692,C1021,M561,5717.73,16,5,Net Banking,Kolkata,Android
TXN102693,C1179,M555,6563.25,9,22,Credit Card,Delhi,Web
TXN102694,C1435,M522,2528.08,7,5,UPI,Hyderabad,iOS
TXN102695,C1366,M516,3422.59,18,23,Credit Card,Pune,POS Terminal
TXN102696,C1419,M579,3166.33,14,16,UPI,Kolkata,Android
TXN102697,C1328,M537,1417.35,18,5,Credit Card,Ahmedabad,Android
TXN102698,C1230,M571,1278.07,16,5,Debit Card,Pune,Android
TXN102699,C1498,M529,1414.23,14,12,UPI,Kolkata,Android
TXN102700,C1402,M557,2494.8,12,7,Credit Card,Delhi,Android
TXN102701,C1037,M577,1429.26,8,3,Credit Card,Chennai,Android
TXN102702,C1069,M521,774.2,14,26,UPI,Chennai,Web
TXN102703,C1115,M516,1828.07,23,23,UPI,Delhi,iOS
TXN102704,C1238,M514,3484.94,12,8,Net Banking,Mumbai,POS Terminal
TXN102705,C1334,M547,3384.99,16,21,Credit Card,Hyderabad,POS Terminal
TXN102706,C1440,M531,4298.7,16,20,Debit Card,Ahmedabad,POS Terminal
TXN102707,C1147,M576,959.16,16,18,Net Banking,Kolkata,iOS
TXN102708,C1008,M539,903.14,17,5,UPI,Kolkata,POS Terminal
TXN102709,C1287,M556,6672.48,18,6,Debit Card,Mumbai,iOS
TXN102710,C1387,M557,1864.4,16,30,Credit Card,Delhi,iOS
TXN102711,C1049,M515,1750.58,12,27,Net Banking,Delhi,iOS
TXN102712,C1337,M527,453.63,6,25,Net Banking,Delhi,iOS
TXN102713,C1004,M500,2613.95,11,22,Credit Card,Kolkata,POS Terminal
TXN102714,C1403,M540,2076.0,9,22,Debit Card,Mumbai,iOS
TXN102715,C1342,M547,3236.89,20,6,UPI,Delhi,Web
TXN102716,C1125,M530,7314.74,12,24,Net Banking,Pune,Android
TXN102717,C1074,M535,4108.82,14,6,Credit Card,Hyderabad,Android
TXN102718,C1164,M532,2357.87,14,11,UPI,Mumbai,Android
TXN102719,C1277,M532,1724.57,21,27,UPI,Bengaluru,Web
TXN102720,C1441,M522,1857.38,12,13,Debit Card,Delhi,Android
TXN102721,C1323,M559,31954.46,5,14,Credit Card,Ahmedabad,POS Terminal
TXN102722,C1476,M578,1626.2,8,17,UPI,Chennai,POS Terminal
TXN102723,C1299,M529,1274.95,19,1,UPI,Ahmedabad,Web
TXN102724,C1289,M544,3207.05,12,10,Net Banking,Pune,Web
TXN102725,C1076,M579,2678.55,16,28,UPI,Mumbai,Web
TXN102726,C1297,M538,3562.33,11,30,Credit Card,Kolkata,Web
TXN102727,C1136,M544,1930.83,13,2,Net Banking,Delhi,Android
TXN102728,C1105,M577,1862.66,21,13,Debit Card,Kolkata,iOS
TXN102729,C1094,M511,2773.96,20,17,Net Banking,Delhi,Android
TXN102730,C1134,M531,3986.49,15,19,Debit Card,Ahmedabad,Web
TXN102731,C1067,M555,761.43,15,3,Credit Card,Ahmedabad,POS Terminal
TXN102732,C1146,M523,973.19,18,4,Debit Card,Mumbai,Web
TXN102733,C1489,M512,1930.7,15,6,Debit Card,Delhi,Web
TXN102734,C1477,M519,1504.39,13,13,Debit Card,Bengaluru,Android
TXN102735,C1158,M578,2643.4,13,29,Debit Card,Delhi,iOS
TXN102736,C1383,M555,1095.73,17,26,Debit Card,Ahmedabad,Android
TXN102737,C1162,M552,1533.62,7,23,Net Banking,Bengaluru,Web
TXN102738,C1440,M567,4639.12,11,14,UPI,Pune,POS Terminal
TXN102739,C1340,M553,1450.43,9,9,Net Banking,Delhi,iOS
TXN102740,C1188,M533,1398.36,13,24,Net Banking,Bengaluru,Web
TXN102741,C1414,M527,2665.88,13,15,Credit Card,Kolkata,POS Terminal
TXN102742,C1338,M549,4530.32,16,6,UPI,Hyderabad,POS Terminal
TXN102743,C1094,M501,2107.74,7,25,UPI,Delhi,POS Terminal
TXN102744,C1180,M525,1442.64,14,20,Credit Card,Kolkata,iOS
TXN102745,C1287,M550,4473.2,13,11,UPI,Mumbai,iOS
TXN102746,C1321,M546,547.44,11,22,Debit Card,Bengaluru,Web
TXN102747,C1186,M525,1643.66,15,7,UPI,Mumbai,Android
TXN102748,C1371,M574,1864.25,13,18,Credit Card,Pune,Android
TXN102749,C1137,M573,1695.38,10,28,Net Banking,Mumbai,iOS
TXN102750,C1129,M560,2617.29,14,17,UPI,Ahmedabad,Web
TXN102751,C1193,M522,1715.63,9,14,Debit Card,Ahmedabad,Web
TXN102752,C1315,M536,2628.12,16,26,Credit Card,Kolkata,Web
TXN102753,C1471,M540,4293.31,15,8,UPI,Chennai,Android
TXN102754,C1272,M551,1751.26,15,29,Net Banking,Pune,iOS
TXN102755,C1351,M548,2632.74,12,8,Debit Card,Bengaluru,Web
TXN102756,C1143,M526,26998.46,1,27,Credit Card,Pune,Android
TXN102757,C1015,M505,2795.8,14,7,Credit Card,Chennai,Android
TXN102758,C1301,M573,458.23,15,25,Debit Card,Pune,Android
TXN102759,C1422,M565,1042.1,12,9,Credit Card,Pune,Web
TXN102760,C1244,M523,4678.48,21,12,Credit Card,Mumbai,iOS
TXN102761,C1414,M537,2199.92,12,3,Net Banking,Kolkata,POS Terminal
TXN102762,C1106,M527,1608.79,12,1,UPI,Delhi,Web
TXN102763,C1087,M527,2757.31,13,15,Debit Card,Bengaluru,POS Terminal
TXN102764,C1128,M565,1745.09,12,9,UPI,Mumbai,Android
TXN102765,C1394,M560,2617.05,23,17,Net Banking,Kolkata,Android
TXN102766,C1374,M545,3024.2,16,12,UPI,Delhi,iOS
TXN102767,C1340,M568,1956.37,7,17,Net Banking,Delhi,Android
TXN102768,C1003,M574,1168.34,11,28,UPI,Hyderabad,Android
TXN102769,C1326,M573,3634.41,18,29,Debit Card,Hyderabad,Android
TXN102770,C1409,M542,2932.54,16,13,Credit Card,Kolkata,iOS
TXN102771,C1366,M558,5008.57,9,13,Debit Card,Pune,Android
TXN102772,C1305,M501,1899.2,10,15,Credit Card,Hyderabad,Web
TXN102773,C1395,M514,2716.46,20,21,Debit Card,Mumbai,Android
TXN102774,C1094,M536,2262.46,10,18,Credit Card,Delhi,Android
TXN102775,C1208,M570,2241.87,16,15,UPI,Bengaluru,Android
TXN102776,C1224,M519,2075.44,20,18,UPI,Delhi,Android
TXN102777,C1458,M534,2560.41,18,5,Credit Card,Pune,Web
TXN102778,C1347,M533,3518.36,16,7,UPI,Pune,Web
TXN102779,C1479,M530,2813.72,13,6,Net Banking,Delhi,Web
TXN102780,C1320,M518,1019.75,21,5,Debit Card,Chennai,POS Terminal
TXN102781,C1046,M567,519.06,17,19,Debit Card,Delhi,Web
TXN102782,C1475,M523,4074.4,15,9,Debit Card,Kolkata,Web
TXN102783,C1180,M538,2513.83,11,24,Credit Card,Kolkata,iOS
TXN102784,C1105,M553,1298.48,16,30,Credit Card,Delhi,POS Terminal
TXN102785,C1198,M538,843.88,20,11,Debit Card,Delhi,Web
TXN102786,C1385,M516,5347.57,13,3,Credit Card,Chennai,iOS
TXN102787,C1105,M518,1590.78,11,7,Net Banking,Delhi,Web
TXN102788,C1279,M547,3252.64,9,3,Net Banking,Hyderabad,iOS
TXN102789,C1259,M534,2184.1,15,27,Debit Card,Bengaluru,POS Terminal
TXN102790,C1107,M531,61115.02,4,6,UPI,Pune,Android
TXN102791,C1018,M546,142946.54,2,19,UPI,Pune,Web
TXN102792,C1409,M546,2260.97,7,16,UPI,Kolkata,iOS
TXN102793,C1458,M563,2259.73,12,8,Debit Card,Pune,Android
TXN102794,C1295,M545,1510.32,14,19,Credit Card,Pune,Web
TXN102795,C1305,M534,3242.78,19,21,Debit Card,Hyderabad,iOS
TXN102796,C1170,M516,43849.19,5,19,Debit Card,Ahmedabad,Android
TXN102797,C1330,M541,1587.17,15,30,Debit Card,Ahmedabad,iOS
TXN102798,C1492,M528,1932.26,19,16,UPI,Bengaluru,Web
TXN102799,C1194,M569,1608.59,17,8,UPI,Mumbai,Android
TXN102800,C1011,M516,3525.77,13,10,UPI,Kolkata,Android
TXN102801,C1194,M513,2952.6,11,30,Debit Card,Mumbai,Android
TXN102802,C1489,M523,2601.92,20,9,Credit Card,Delhi,POS Terminal
TXN102803,C1282,M556,1707.5,15,16,Credit Card,Kolkata,Web
TXN102804,C1368,M549,1674.36,14,22,Credit Card,Delhi,Android
TXN102805,C1181,M556,3213.02,12,14,Credit Card,Ahmedabad,iOS
TXN102806,C1449,M560,4904.1,23,10,Credit Card,Chennai,POS Terminal
TXN102807,C1304,M538,2076.8,18,4,Credit Card,Pune,Web
TXN102808,C1143,M554,1841.98,10,10,Debit Card,Ahmedabad,Android
TXN102809,C1385,M535,3168.11,9,20,Net Banking,Chennai,Web
TXN102810,C1315,M536,2321.88,22,21,UPI,Kolkata,Web
TXN102811,C1181,M513,4319.32,18,28,Credit Card,Ahmedabad,Android
TXN102812,C1029,M526,2059.03,15,27,UPI,Ahmedabad,Android
TXN102813,C1083,M530,1940.78,11,15,Net Banking,Mumbai,Android
TXN102814,C1165,M572,845.73,10,19,Net Banking,Hyderabad,iOS
TXN102815,C1283,M543,7369.57,13,11,Debit Card,Hyderabad,POS Terminal
TXN102816,C1280,M567,2873.05,16,20,Credit Card,Chennai,POS Terminal
TXN102817,C1095,M547,3053.59,15,14,Net Banking,Ahmedabad,POS Terminal
TXN102818,C1380,M556,1419.26,20,28,UPI,Pune,POS Terminal
TXN102819,C1265,M574,3131.39,23,15,Net Banking,Delhi,Android
TXN102820,C1443,M521,4197.47,16,4,Debit Card,Kolkata,iOS
TXN102821,C1297,M503,3851.45,9,17,Debit Card,Kolkata,POS Terminal
TXN102822,C1295,M571,1868.63,16,1,Net Banking,Pune,POS Terminal
TXN102823,C1224,M545,1500.81,13,25,Net Banking,Delhi,Android
TXN102824,C1332,M558,1253.8,14,19,Credit Card,Hyderabad,Web
TXN102825,C1360,M533,1386.68,11,5,Net Banking,Hyderabad,Web
TXN102826,C1373,M510,1952.9,7,18,UPI,Mumbai,POS Terminal
TXN102827,C1041,M530,2785.19,17,17,Credit Card,Delhi,Android
TXN102828,C1302,M510,2415.01,16,23,Net Banking,Bengaluru,Android
TXN102829,C1420,M555,3526.44,12,10,Credit Card,Pune,Android
TXN102830,C1245,M537,506.24,13,9,Credit Card,Pune,Web
TXN102831,C1207,M520,2671.62,16,4,Credit Card,Kolkata,Web
TXN102832,C1236,M509,3276.67,14,20,Debit Card,Ahmedabad,Web
TXN102833,C1021,M525,6014.76,14,19,Debit Card,Kolkata,Android
TXN102834,C1184,M507,4757.41,16,3,Net Banking,Pune,Android
TXN102835,C1467,M507,1395.01,17,18,Debit Card,Kolkata,Web
TXN102836,C1241,M559,3483.66,9,3,Net Banking,Mumbai,POS Terminal
TXN102837,C1362,M571,5786.54,20,29,UPI,Pune,iOS
TXN102838,C1282,M533,2377.03,18,21,Credit Card,Kolkata,Android
TXN102839,C1040,M515,4153.07,14,8,Net Banking,Kolkata,Android
TXN102840,C1335,M512,1838.75,20,24,Debit Card,Pune,iOS
TXN102841,C1161,M575,6190.35,12,5,Debit Card,Pune,POS Terminal
TXN102842,C1159,M521,1563.59,19,27,Debit Card,Mumbai,Web
TXN102843,C1473,M526,1116.71,16,1,Debit Card,Bengaluru,Android
TXN102844,C1088,M563,2810.3,13,26,Net Banking,Hyderabad,iOS
TXN102845,C1321,M501,736.28,21,30,Debit Card,Ahmedabad,POS Terminal
TXN102846,C1011,M525,3513.14,19,18,UPI,Delhi,iOS
TXN102847,C1423,M568,40678.37,2,24,Net Banking,Pune,Web
TXN102848,C1072,M529,1588.71,13,26,UPI,Delhi,iOS
TXN102849,C1075,M507,2685.68,17,14,UPI,Mumbai,POS Terminal
TXN102850,C1345,M537,1202.04,16,25,Credit Card,Hyderabad,Web
TXN102851,C1200,M560,4161.54,20,27,UPI,Kolkata,iOS
TXN102852,C1009,M564,2548.98,16,7,UPI,Bengaluru,Android
TXN102853,C1351,M566,1541.4,17,9,Credit Card,Bengaluru,Web
TXN102854,C1225,M545,1246.38,12,28,Net Banking,Mumbai,Web
TXN102855,C1175,M571,5789.12,16,25,Net Banking,Chennai,iOS
TXN102856,C1275,M542,2427.48,15,14,Net Banking,Kolkata,Android
TXN102857,C1038,M558,3387.8,20,16,UPI,Chennai,POS Terminal
TXN102858,C1059,M545,2298.37,15,16,UPI,Ahmedabad,iOS
TXN102859,C1065,M571,2525.43,15,27,Net Banking,Ahmedabad,iOS
TXN102860,C1320,M534,730.36,15,22,Net Banking,Chennai,iOS
TXN102861,C1434,M538,4205.69,6,6,UPI,Pune,Android
TXN102862,C1123,M550,3305.72,6,7,Debit Card,Pune,Android
TXN102863,C1163,M503,4087.96,12,1,Debit Card,Bengaluru,iOS
TXN102864,C1407,M579,1466.64,14,11,Credit Card,Pune,Web
TXN102865,C1410,M576,33944.02,5,9,Net Banking,Mumbai,Web
TXN102866,C1385,M550,4157.07,18,1,Net Banking,Chennai,POS Terminal
TXN102867,C1158,M504,4596.44,12,24,Credit Card,Ahmedabad,Web
TXN102868,C1056,M554,1933.29,15,26,Credit Card,Pune,Web
TXN102869,C1077,M519,2580.48,19,18,Credit Card,Pune,iOS
TXN102870,C1193,M523,1797.92,19,10,Credit Card,Ahmedabad,iOS
TXN102871,C1284,M535,36548.58,3,27,Net Banking,Pune,Android
TXN102872,C1014,M533,1247.95,11,29,Net Banking,Pune,Web
TXN102873,C1011,M553,3343.53,9,13,Debit Card,Delhi,iOS
TXN102874,C1100,M533,4712.64,16,23,Debit Card,Mumbai,POS Terminal
TXN102875,C1155,M516,3211.77,21,5,UPI,Mumbai,Web
TXN102876,C1339,M504,2649.31,17,8,Net Banking,Hyderabad,Web
TXN102877,C1124,M517,4368.52,10,13,UPI,Mumbai,iOS
TXN102878,C1358,M554,1441.02,10,27,Net Banking,Hyderabad,POS Terminal
TXN102879,C1279,M552,3652.6,15,26,Net Banking,Hyderabad,iOS
TXN102880,C1404,M549,2128.57,10,16,Debit Card,Bengaluru,POS Terminal
TXN102881,C1393,M571,1793.68,13,7,Debit Card,Delhi,POS Terminal
TXN102882,C1109,M578,1700.95,17,8,UPI,Bengaluru,iOS
TXN102883,C1333,M544,909.78,16,18,UPI,Ahmedabad,Web
TXN102884,C1356,M512,746.36,12,26,Credit Card,Mumbai,Android
TXN102885,C1145,M515,2494.04,15,27,UPI,Hyderabad,Web
TXN102886,C1215,M512,4121.31,19,9,Net Banking,Delhi,iOS
TXN102887,C1397,M519,4381.29,12,28,Net Banking,Bengaluru,POS Terminal
TXN102888,C1161,M565,4943.69,18,22,Net Banking,Pune,POS Terminal
TXN102889,C1127,M546,5039.01,15,11,Debit Card,Pune,Web
TXN102890,C1313,M518,2988.99,16,22,Credit Card,Pune,Android
TXN102891,C1331,M544,1074.03,18,22,Net Banking,Chennai,iOS
TXN102892,C1149,M536,3794.06,11,17,Credit Card,Kolkata,POS Terminal
TXN102893,C1453,M553,1337.21,16,14,Credit Card,Delhi,iOS
TXN102894,C1035,M505,2112.13,13,23,Net Banking,Hyderabad,Web
TXN102895,C1172,M513,2363.24,17,2,Credit Card,Kolkata,POS Terminal
TXN102896,C1419,M503,68348.82,2,15,Net Banking,Mumbai,POS Terminal
TXN102897,C1021,M554,4635.16,15,18,Net Banking,Kolkata,POS Terminal
TXN102898,C1205,M533,7045.6,21,5,Net Banking,Bengaluru,iOS
TXN102899,C1126,M526,1533.51,17,29,Debit Card,Delhi,Android
TXN102900,C1335,M506,1642.44,16,22,Debit Card,Hyderabad,POS Terminal
TXN102901,C1444,M502,2448.8,14,1,UPI,Ahmedabad,iOS
TXN102902,C1355,M546,2708.43,16,16,Net Banking,Mumbai,Web
TXN102903,C1439,M501,1733.92,18,12,Net Banking,Ahmedabad,iOS
TXN102904,C1216,M579,2884.5,21,30,Net Banking,Hyderabad,Web
TXN102905,C1095,M524,3827.48,6,14,UPI,Pune,iOS
TXN102906,C1416,M559,474.57,16,17,Debit Card,Chennai,iOS
TXN102907,C1428,M578,3731.18,13,1,Debit Card,Chennai,Web
TXN102908,C1163,M523,4442.35,22,14,UPI,Bengaluru,POS Terminal
TXN102909,C1147,M514,1055.49,11,15,Net Banking,Hyderabad,Android
TXN102910,C1017,M513,1507.55,16,23,Net Banking,Pune,Web
TXN102911,C1293,M553,1988.38,16,12,Debit Card,Pune,Android
TXN102912,C1194,M577,2200.69,14,17,Net Banking,Mumbai,Web
TXN102913,C1150,M505,1148.96,11,9,Debit Card,Mumbai,iOS
TXN102914,C1479,M577,2305.94,9,3,Net Banking,Delhi,POS Terminal
TXN102915,C1364,M517,2197.76,12,12,Credit Card,Chennai,POS Terminal
TXN102916,C1122,M519,3851.15,10,26,Debit Card,Pune,Android
TXN102917,C1399,M561,1853.6,12,13,Credit Card,Mumbai,Web
TXN102918,C1186,M579,1359.43,13,2,Debit Card,Mumbai,Web
TXN102919,C1452,M539,3133.12,18,22,UPI,Bengaluru,Web
TXN102920,C1451,M538,30202.27,2,15,Debit Card,Delhi,Web
TXN102921,C1148,M551,3862.19,17,2,Debit Card,Pune,Android
TXN102922,C1103,M531,5105.74,14,5,Net Banking,Bengaluru,Android
TXN102923,C1242,M572,729.8,15,21,Net Banking,Kolkata,Android
TXN102924,C1461,M526,2567.37,15,9,UPI,Bengaluru,Android
TXN102925,C1230,M551,1323.02,12,28,Net Banking,Pune,Web
TXN102926,C1478,M562,3529.89,12,30,Net Banking,Hyderabad,Android
TXN102927,C1205,M573,4445.77,14,14,UPI,Bengaluru,Android
TXN102928,C1197,M562,37660.59,3,13,UPI,Hyderabad,iOS
TXN102929,C1395,M516,3004.72,15,4,Debit Card,Mumbai,iOS
TXN102930,C1399,M548,2075.22,19,8,Net Banking,Mumbai,Android
TXN102931,C1336,M522,1900.04,12,23,Net Banking,Ahmedabad,iOS
TXN102932,C1492,M571,3074.02,14,7,UPI,Chennai,iOS
TXN102933,C1086,M512,171617.7,2,17,Debit Card,Hyderabad,iOS
TXN102934,C1141,M522,1671.0,17,22,Net Banking,Kolkata,iOS
TXN102935,C1316,M556,554.11,13,6,UPI,Kolkata,POS Terminal
TXN102936,C1198,M561,1140.64,11,26,Debit Card,Delhi,Web
TXN102937,C1045,M553,1863.43,18,8,Net Banking,Hyderabad,iOS
TXN102938,C1287,M519,4136.03,17,22,Net Banking,Mumbai,Web
TXN102939,C1014,M551,2476.41,18,8,UPI,Pune,Web
TXN102940,C1043,M522,4725.64,6,13,UPI,Chennai,iOS
TXN102941,C1400,M534,1304.77,14,22,Credit Card,Pune,Web
TXN102942,C1168,M566,2440.77,12,8,Debit Card,Mumbai,POS Terminal
TXN102943,C1309,M533,5663.26,11,5,UPI,Mumbai,Web
TXN102944,C1494,M532,1088.37,17,9,Debit Card,Ahmedabad,Web
TXN102945,C1043,M545,58974.72,1,28,UPI,Pune,Web
TXN102946,C1097,M544,1807.11,23,20,Debit Card,Delhi,iOS
TXN102947,C1260,M518,1012.14,10,22,Debit Card,Kolkata,iOS
TXN102948,C1108,M514,1245.67,17,27,Net Banking,Delhi,POS Terminal
TXN102949,C1282,M577,2998.72,7,2,Debit Card,Kolkata,Web
TXN102950,C1371,M565,2342.03,16,3,Credit Card,Pune,iOS
TXN102951,C1342,M538,2784.62,12,4,Net Banking,Delhi,Android
TXN102952,C1103,M517,4297.77,15,19,Debit Card,Pune,Android
TXN102953,C1255,M569,312.46,12,28,UPI,Kolkata,iOS
TXN102954,C1378,M558,804.39,10,29,Credit Card,Delhi,Android
TXN102955,C1205,M531,5687.04,16,7,Net Banking,Bengaluru,POS Terminal
TXN102956,C1334,M520,1791.87,17,9,Debit Card,Hyderabad,iOS
TXN102957,C1042,M539,4564.99,12,6,UPI,Bengaluru,Web
TXN102958,C1352,M526,3101.28,13,3,Debit Card,Chennai,POS Terminal
TXN102959,C1244,M501,77618.2,2,14,Credit Card,Pune,iOS
TXN102960,C1286,M579,3293.51,16,13,UPI,Chennai,POS Terminal
TXN102961,C1354,M538,2700.52,13,13,UPI,Mumbai,Web
TXN102962,C1272,M555,1000.88,23,25,UPI,Pune,Android
TXN102963,C1475,M512,3707.82,12,1,Net Banking,Kolkata,Web
TXN102964,C1082,M555,2698.36,12,15,Net Banking,Bengaluru,Web
TXN102965,C1109,M565,1942.51,8,5,Credit Card,Bengaluru,Android
TXN102966,C1437,M577,3141.48,21,30,UPI,Mumbai,POS Terminal
TXN102967,C1189,M555,3387.05,8,29,Debit Card,Pune,iOS
TXN102968,C1470,M527,2268.58,12,27,Debit Card,Pune,iOS
TXN102969,C1287,M563,4920.57,10,27,Net Banking,Mumbai,POS Terminal
TXN102970,C1423,M570,2770.87,21,26,UPI,Delhi,iOS
TXN102971,C1396,M563,2458.96,13,26,Credit Card,Chennai,iOS
TXN102972,C1250,M555,50760.06,4,21,UPI,Ahmedabad,Web
TXN102973,C1211,M540,2868.21,15,2,UPI,Kolkata,Web
TXN102974,C1290,M540,1492.29,14,5,UPI,Chennai,POS Terminal
TXN102975,C1132,M503,4386.71,23,17,Net Banking,Mumbai,Android
TXN102976,C1200,M556,2955.25,18,1,Debit Card,Kolkata,Android
TXN102977,C1284,M529,1085.85,10,27,Debit Card,Mumbai,Web
TXN102978,C1325,M545,3134.39,13,30,Credit Card,Bengaluru,Android
TXN102979,C1408,M555,3597.64,7,4,Net Banking,Ahmedabad,iOS
TXN102980,C1094,M530,2082.84,10,15,Credit Card,Delhi,Web
TXN102981,C1277,M506,1246.1,8,15,Credit Card,Bengaluru,Android
TXN102982,C1449,M576,5124.59,16,22,Net Banking,Chennai,Android
TXN102983,C1428,M553,2838.29,6,16,Debit Card,Ahmedabad,iOS
TXN102984,C1324,M507,32535.43,4,13,Debit Card,Delhi,Web
TXN102985,C1218,M554,621.8,16,14,Debit Card,Pune,Android
TXN102986,C1088,M568,1702.67,14,27,Net Banking,Hyderabad,Android
TXN102987,C1071,M543,2301.27,21,2,Net Banking,Pune,Android
TXN102988,C1246,M512,2178.48,12,21,Net Banking,Hyderabad,POS Terminal
TXN102989,C1128,M519,2081.35,14,27,Debit Card,Mumbai,iOS
TXN102990,C1211,M577,54648.01,1,10,Credit Card,Bengaluru,POS Terminal
TXN102991,C1427,M531,4353.44,11,5,Debit Card,Pune,Android
TXN102992,C1342,M559,3020.31,18,3,Credit Card,Delhi,Web
TXN102993,C1095,M549,1379.64,14,20,Debit Card,Ahmedabad,iOS
TXN102994,C1074,M526,5345.02,18,11,UPI,Hyderabad,Web
TXN102995,C1422,M524,835.14,20,13,Net Banking,Pune,iOS
TXN102996,C1494,M551,1010.71,15,2,Credit Card,Ahmedabad,POS Terminal
TXN102997,C1053,M567,726.78,12,29,Credit Card,Ahmedabad,POS Terminal
TXN102998,C1343,M520,2757.8,17,7,Debit Card,Hyderabad,Android
TXN102999,C1458,M517,1897.74,13,29,Credit Card,Hyderabad,POS Terminal
TXN103000,C1412,M538,6026.75,9,3,UPI,Mumbai,POS Terminal
TXN103001,C1053,M514,395.98,16,13,Credit Card,Ahmedabad,Web
TXN103002,C1217,M552,4828.09,8,6,Credit Card,Mumbai,Android
TXN103003,C1015,M537,3613.64,9,9,UPI,Delhi,Web
TXN103004,C1098,M547,42952.65,5,23,Net Banking,Delhi,POS Terminal
TXN103005,C1019,M551,1415.72,20,20,Debit Card,Hyderabad,POS Terminal
TXN103006,C1045,M571,1750.08,19,2,Debit Card,Hyderabad,Android
TXN103007,C1450,M527,3580.15,11,12,Net Banking,Chennai,Android
TXN103008,C1192,M515,4662.21,10,15,UPI,Kolkata,Web
TXN103009,C1382,M515,3958.92,13,30,Net Banking,Pune,POS Terminal
TXN103010,C1057,M534,6175.57,12,23,Credit Card,Pune,iOS
TXN103011,C1436,M516,4422.61,13,24,Debit Card,Chennai,Web
TXN103012,C1110,M572,4515.29,15,16,Debit Card,Mumbai,iOS
TXN103013,C1128,M551,2065.57,15,3,Debit Card,Mumbai,Web
TXN103014,C1336,M511,1410.5,12,27,UPI,Ahmedabad,POS Terminal
TXN103015,C1193,M547,2099.7,6,14,UPI,Kolkata,POS Terminal
TXN103016,C1412,M521,8185.08,9,23,Credit Card,Delhi,Web
TXN103017,C1339,M548,4382.0,17,1,UPI,Hyderabad,Web
TXN103018,C1325,M551,3831.26,21,16,UPI,Bengaluru,iOS
TXN103019,C1007,M578,6309.73,19,27,UPI,Pune,POS Terminal
TXN103020,C1028,M500,2058.17,10,24,Net Banking,Hyderabad,Android
TXN103021,C1111,M565,1963.59,17,23,Net Banking,Kolkata,iOS
TXN103022,C1434,M563,2930.64,14,6,Debit Card,Pune,Android
TXN103023,C1160,M507,2436.78,15,27,UPI,Chennai,Android
TXN103024,C1130,M524,1544.78,21,15,UPI,Ahmedabad,Web
TXN103025,C1187,M565,2459.95,18,15,Debit Card,Hyderabad,Web
TXN103026,C1162,M572,1256.63,16,3,UPI,Bengaluru,Android
TXN103027,C1196,M572,3329.26,11,4,Net Banking,Pune,iOS
TXN103028,C1474,M576,2903.07,16,24,UPI,Bengaluru,Web
TXN103029,C1363,M569,5627.8,17,17,Net Banking,Pune,POS Terminal
TXN103030,C1203,M578,1558.44,14,13,Net Banking,Delhi,Android
TXN103031,C1211,M550,2541.1,14,2,Debit Card,Kolkata,Web
TXN103032,C1108,M552,1082.15,7,30,Credit Card,Delhi,iOS
TXN103033,C1275,M514,2238.09,14,1,UPI,Kolkata,Web
TXN103034,C1072,M549,1697.45,17,20,Credit Card,Delhi,Android
TXN103035,C1166,M570,945.44,18,6,Credit Card,Hyderabad,Android
TXN103036,C1259,M574,2726.6,13,5,Credit Card,Bengaluru,Web
TXN103037,C1242,M537,561.23,13,29,Debit Card,Kolkata,POS Terminal
TXN103038,C1274,M539,1701.88,15,6,Credit Card,Mumbai,POS Terminal
TXN103039,C1101,M565,4666.85,9,18,Debit Card,Delhi,iOS
TXN103040,C1474,M538,2595.31,18,21,UPI,Kolkata,POS Terminal
TXN103041,C1172,M573,2983.25,17,1,Credit Card,Mumbai,iOS
TXN103042,C1170,M516,2801.75,15,13,Net Banking,Hyderabad,POS Terminal
TXN103043,C1140,M506,3767.33,11,6,Credit Card,Ahmedabad,POS Terminal
TXN103044,C1396,M538,4455.35,14,20,Credit Card,Chennai,Android
TXN103045,C1187,M567,3946.75,11,29,Net Banking,Hyderabad,Web
TXN103046,C1440,M534,3297.67,14,12,UPI,Ahmedabad,Android
TXN103047,C1085,M550,49341.43,4,29,Net Banking,Kolkata,iOS
TXN103048,C1475,M546,6612.2,15,10,UPI,Kolkata,POS Terminal
TXN103049,C1051,M535,277.81,17,25,Debit Card,Bengaluru,Web
TXN103050,C1110,M563,2445.3,14,28,Debit Card,Mumbai,iOS
TXN103051,C1436,M512,5639.9,10,29,Net Banking,Chennai,Android
TXN103052,C1364,M517,1705.14,13,19,Debit Card,Chennai,POS Terminal
TXN103053,C1341,M520,1620.81,21,3,Net Banking,Ahmedabad,POS Terminal
TXN103054,C1042,M564,5914.6,14,15,Debit Card,Delhi,Web
TXN103055,C1210,M507,4798.61,16,25,Net Banking,Delhi,iOS
TXN103056,C1455,M547,1115.84,20,14,Net Banking,Mumbai,Web
TXN103057,C1499,M542,3417.77,23,4,Debit Card,Delhi,Web
TXN103058,C1199,M552,1764.36,14,7,Debit Card,Delhi,iOS
TXN103059,C1297,M526,2840.46,13,10,UPI,Kolkata,Android
TXN103060,C1345,M518,641.84,10,14,Net Banking,Hyderabad,iOS
TXN103061,C1239,M522,2614.03,17,2,Credit Card,Chennai,iOS
TXN103062,C1114,M549,2812.68,17,1,Credit Card,Pune,Web
TXN103063,C1025,M550,2896.63,15,26,Credit Card,Chennai,Web
TXN103064,C1406,M542,1235.16,18,16,Net Banking,Mumbai,iOS
TXN103065,C1298,M550,1831.47,15,16,UPI,Pune,iOS
TXN103066,C1076,M568,4881.06,9,13,UPI,Mumbai,Android
TXN103067,C1411,M540,2919.51,20,30,Net Banking,Hyderabad,POS Terminal
TXN103068,C1136,M571,1623.53,14,1,Debit Card,Delhi,Web
TXN103069,C1019,M510,2208.12,7,6,Debit Card,Hyderabad,iOS
TXN103070,C1439,M579,1966.04,11,4,Credit Card,Ahmedabad,Android
TXN103071,C1210,M551,4672.54,22,2,Net Banking,Delhi,Web
TXN103072,C1239,M522,2644.63,18,29,Credit Card,Chennai,POS Terminal
TXN103073,C1038,M548,4226.91,11,7,UPI,Chennai,Android
TXN103074,C1434,M537,3138.85,21,24,Net Banking,Pune,POS Terminal
TXN103075,C1267,M546,3038.41,17,30,Net Banking,Chennai,iOS
TXN103076,C1206,M571,908.44,15,14,UPI,Kolkata,Web
TXN103077,C1478,M506,3186.3,19,23,Credit Card,Hyderabad,Android
TXN103078,C1438,M565,1253.7,18,26,UPI,Mumbai,iOS
TXN103079,C1461,M576,3213.41,12,25,Credit Card,Bengaluru,Android
TXN103080,C1266,M561,3872.76,11,1,Credit Card,Hyderabad,Android
TXN103081,C1153,M528,1130.92,15,10,Credit Card,Chennai,iOS
TXN103082,C1041,M537,4448.15,9,6,Credit Card,Delhi,Web
TXN103083,C1410,M532,1374.27,16,8,Credit Card,Chennai,iOS
TXN103084,C1010,M528,4279.5,15,9,Credit Card,Hyderabad,Web
TXN103085,C1293,M578,2207.41,12,11,Credit Card,Pune,Android
TXN103086,C1097,M522,2088.29,9,24,Debit Card,Delhi,Android
TXN103087,C1426,M502,1330.79,12,6,UPI,Mumbai,iOS
TXN103088,C1274,M544,1036.62,15,8,UPI,Mumbai,Android
TXN103089,C1447,M507,4915.86,15,24,Credit Card,Delhi,Android
TXN103090,C1389,M528,2356.33,18,16,UPI,Kolkata,POS Terminal
TXN103091,C1429,M501,1421.93,18,17,Debit Card,Mumbai,POS Terminal
TXN103092,C1371,M549,3087.78,10,24,UPI,Pune,POS Terminal
TXN103093,C1229,M564,3694.46,14,7,Debit Card,Delhi,Web
TXN103094,C1368,M519,2545.65,16,8,Debit Card,Delhi,POS Terminal
TXN103095,C1425,M551,2943.46,23,8,Credit Card,Bengaluru,iOS
TXN103096,C1219,M536,3032.82,15,28,UPI,Chennai,POS Terminal
TXN103097,C1064,M571,1731.34,12,26,UPI,Mumbai,Web
TXN103098,C1354,M526,2010.63,13,30,Debit Card,Mumbai,POS Terminal
TXN103099,C1231,M546,2461.17,11,27,Credit Card,Pune,iOS
TXN103100,C1327,M505,1885.75,17,10,Credit Card,Delhi,POS Terminal
TXN103101,C1442,M559,989.62,13,22,Debit Card,Hyderabad,POS Terminal
TXN103102,C1051,M544,291.74,18,9,Net Banking,Bengaluru,Android
TXN103103,C1373,M543,1872.11,17,19,Net Banking,Mumbai,POS Terminal
TXN103104,C1430,M517,1189.68,18,10,UPI,Chennai,POS Terminal
TXN103105,C1375,M564,949.39,17,17,Credit Card,Delhi,Android
TXN103106,C1262,M524,5230.23,6,30,Debit Card,Bengaluru,POS Terminal
TXN103107,C1266,M526,3141.98,11,9,Net Banking,Hyderabad,iOS
TXN103108,C1358,M506,3599.95,15,14,Credit Card,Hyderabad,iOS
TXN103109,C1316,M543,589.88,13,26,Net Banking,Kolkata,POS Terminal
TXN103110,C1323,M528,1670.64,21,30,Debit Card,Kolkata,iOS
TXN103111,C1408,M543,3774.2,21,26,Credit Card,Ahmedabad,Android
TXN103112,C1395,M535,2661.44,15,2,Credit Card,Mumbai,POS Terminal
TXN103113,C1153,M518,1338.55,21,3,Net Banking,Hyderabad,POS Terminal
TXN103114,C1357,M505,2964.71,17,27,Credit Card,Bengaluru,Web
TXN103115,C1365,M524,1921.1,13,20,Credit Card,Bengaluru,Android
TXN103116,C1139,M530,914.63,17,24,Debit Card,Ahmedabad,Android
TXN103117,C1426,M508,1570.26,13,27,Net Banking,Mumbai,POS Terminal
TXN103118,C1050,M573,5032.6,6,9,Credit Card,Delhi,POS Terminal
TXN103119,C1116,M536,1097.08,11,19,UPI,Pune,Android
TXN103120,C1420,M526,2366.75,9,18,UPI,Pune,iOS
TXN103121,C1045,M512,1994.48,13,18,UPI,Hyderabad,Android
TXN103122,C1308,M540,1394.56,6,11,Credit Card,Hyderabad,Web
TXN103123,C1087,M565,2580.3,6,9,UPI,Chennai,iOS
TXN103124,C1207,M523,3032.66,12,12,Credit Card,Pune,Android
TXN103125,C1376,M543,1206.12,12,8,Credit Card,Ahmedabad,POS Terminal
TXN103126,C1268,M559,715.34,6,18,Debit Card,Delhi,Android
TXN103127,C1088,M508,2257.35,14,29,UPI,Hyderabad,POS Terminal
TXN103128,C1380,M501,1530.47,15,8,Debit Card,Pune,Android
TXN103129,C1117,M555,1992.01,14,4,Net Banking,Bengaluru,POS Terminal
TXN103130,C1053,M529,530.46,11,6,Net Banking,Ahmedabad,Android
TXN103131,C1440,M521,3944.66,18,21,Credit Card,Ahmedabad,iOS
TXN103132,C1115,M574,2060.22,20,16,Credit Card,Delhi,POS Terminal
TXN103133,C1117,M512,2304.32,14,21,Debit Card,Bengaluru,iOS
TXN103134,C1259,M570,3022.17,9,13,Credit Card,Bengaluru,iOS
TXN103135,C1074,M515,3474.19,22,26,Net Banking,Chennai,iOS
TXN103136,C1479,M544,3067.8,18,16,Debit Card,Delhi,iOS
TXN103137,C1304,M564,2448.83,19,26,UPI,Pune,Android
TXN103138,C1006,M510,1231.68,12,23,Net Banking,Chennai,iOS
TXN103139,C1365,M569,2061.79,22,24,Credit Card,Bengaluru,POS Terminal
TXN103140,C1121,M519,3218.75,16,21,Credit Card,Mumbai,POS Terminal
TXN103141,C1010,M562,2325.22,16,29,Debit Card,Hyderabad,Android
TXN103142,C1347,M511,3282.63,17,20,Credit Card,Pune,Web
TXN103143,C1437,M561,3085.69,14,18,Net Banking,Mumbai,Web
TXN103144,C1488,M541,4470.07,17,21,UPI,Ahmedabad,POS Terminal
TXN103145,C1214,M568,1890.14,19,8,UPI,Delhi,Android
TXN103146,C1428,M557,2754.95,12,1,UPI,Chennai,Android
TXN103147,C1278,M504,39037.41,5,6,Credit Card,Bengaluru,iOS
TXN103148,C1497,M526,2545.0,21,18,Debit Card,Chennai,iOS
TXN103149,C1027,M527,1135.85,9,2,UPI,Pune,POS Terminal
TXN103150,C1234,M525,1252.31,17,8,UPI,Bengaluru,Web
TXN103151,C1366,M548,2803.18,19,6,Credit Card,Pune,Web
TXN103152,C1312,M520,1532.04,13,6,Debit Card,Mumbai,Android
TXN103153,C1025,M500,2176.92,21,22,Debit Card,Chennai,Web
TXN103154,C1408,M557,4270.71,18,25,UPI,Ahmedabad,Android
TXN103155,C1053,M578,724.22,14,14,Net Banking,Ahmedabad,Android
TXN103156,C1028,M554,2870.23,15,29,Debit Card,Hyderabad,Web
TXN103157,C1466,M525,2762.02,20,3,UPI,Kolkata,Android
TXN103158,C1352,M524,2956.59,13,18,Net Banking,Chennai,Android
TXN103159,C1163,M576,4581.95,16,30,Credit Card,Bengaluru,Android
TXN103160,C1269,M532,2997.65,19,5,UPI,Hyderabad,POS Terminal
TXN103161,C1333,M571,714.68,14,22,Credit Card,Hyderabad,Android
TXN103162,C1034,M568,1733.62,14,25,UPI,Kolkata,POS Terminal
TXN103163,C1285,M505,3770.77,13,16,Credit Card,Kolkata,iOS
TXN103164,C1347,M522,4626.65,20,25,Credit Card,Pune,Web
TXN103165,C1272,M529,789.1,16,18,Net Banking,Pune,Web
TXN103166,C1450,M577,5851.54,8,9,Debit Card,Chennai,Android
TXN103167,C1207,M553,2534.51,18,25,Net Banking,Pune,Web
TXN103168,C1237,M510,1161.04,18,29,UPI,Pune,Web
TXN103169,C1413,M530,2982.28,21,22,Credit Card,Pune,iOS
TXN103170,C1499,M505,3635.26,17,1,UPI,Delhi,iOS
TXN103171,C1092,M510,4317.68,23,11,Credit Card,Kolkata,POS Terminal
TXN103172,C1172,M576,1931.51,15,8,UPI,Kolkata,iOS
TXN103173,C1078,M511,2592.59,18,8,Debit Card,Chennai,iOS
TXN103174,C1109,M565,2700.99,9,24,UPI,Bengaluru,iOS
TXN103175,C1216,M552,2349.74,11,13,UPI,Hyderabad,Android
TXN103176,C1434,M535,4488.92,7,29,UPI,Pune,POS Terminal
TXN103177,C1357,M516,3351.65,12,8,Net Banking,Pune,Web
TXN103178,C1105,M527,1881.84,6,16,UPI,Delhi,iOS
TXN103179,C1046,M521,708.52,15,26,Net Banking,Delhi,POS Terminal
TXN103180,C1180,M506,1434.49,18,21,Net Banking,Kolkata,POS Terminal
TXN103181,C1063,M514,2446.2,16,18,Net Banking,Ahmedabad,iOS
TXN103182,C1245,M510,1787.34,14,9,Net Banking,Pune,Web
TXN103183,C1243,M523,5698.22,13,12,Credit Card,Kolkata,Android
TXN103184,C1421,M566,2190.98,13,27,Debit Card,Pune,POS Terminal
TXN103185,C1319,M529,3624.12,17,22,Credit Card,Chennai,Web
TXN103186,C1086,M569,5331.96,11,3,UPI,Delhi,iOS
TXN103187,C1216,M565,3061.34,16,1,UPI,Hyderabad,POS Terminal
TXN103188,C1489,M560,3188.54,9,28,Credit Card,Delhi,Android
TXN103189,C1006,M577,1258.33,17,21,UPI,Chennai,POS Terminal
TXN103190,C1277,M540,792.7,9,20,Net Banking,Delhi,POS Terminal
TXN103191,C1336,M550,2335.53,15,29,Debit Card,Ahmedabad,POS Terminal
TXN103192,C1209,M543,4360.64,11,29,UPI,Bengaluru,Android
TXN103193,C1496,M512,3427.3,17,29,Net Banking,Hyderabad,Android
TXN103194,C1168,M511,3065.77,8,20,Debit Card,Ahmedabad,Web
TXN103195,C1329,M508,2081.22,12,9,UPI,Ahmedabad,Web
TXN103196,C1137,M547,1122.03,14,29,Debit Card,Mumbai,POS Terminal
TXN103197,C1440,M548,3071.63,17,22,Credit Card,Ahmedabad,Web
TXN103198,C1390,M552,2395.45,10,8,Credit Card,Mumbai,iOS
TXN103199,C1495,M555,2340.19,17,25,UPI,Mumbai,Android
TXN103200,C1380,M539,1659.07,11,13,UPI,Pune,iOS
TXN103201,C1305,M523,3397.77,12,17,Credit Card,Hyderabad,Android
TXN103202,C1229,M571,3421.79,10,23,Debit Card,Delhi,Android
TXN103203,C1474,M532,3532.93,20,7,Net Banking,Bengaluru,Android
TXN103204,C1307,M522,5382.41,15,30,Credit Card,Bengaluru,Android
TXN103205,C1160,M576,2902.3,16,15,UPI,Mumbai,Android
TXN103206,C1000,M553,1214.27,14,14,Credit Card,Ahmedabad,Android
TXN103207,C1235,M552,2883.51,10,25,Credit Card,Ahmedabad,POS Terminal
TXN103208,C1436,M548,5433.12,12,16,UPI,Chennai,Android
TXN103209,C1187,M577,3370.96,21,17,Net Banking,Hyderabad,Web
TXN103210,C1417,M577,2331.22,14,16,UPI,Bengaluru,POS Terminal
TXN103211,C1003,M579,1378.77,22,18,UPI,Ahmedabad,Web
TXN103212,C1400,M548,1052.16,15,14,Credit Card,Pune,iOS
TXN103213,C1131,M559,2435.59,16,6,Net Banking,Bengaluru,Android
TXN103214,C1426,M564,1342.27,17,20,Debit Card,Mumbai,iOS
TXN103215,C1217,M531,3889.32,14,21,Credit Card,Mumbai,Web
TXN103216,C1259,M578,3641.29,19,15,Debit Card,Bengaluru,POS Terminal
TXN103217,C1000,M520,1830.03,14,5,Debit Card,Ahmedabad,iOS
TXN103218,C1070,M517,2783.04,22,26,Debit Card,Ahmedabad,iOS
TXN103219,C1477,M559,883.19,10,17,UPI,Ahmedabad,Android
TXN103220,C1177,M512,4749.31,9,1,Net Banking,Hyderabad,iOS
TXN103221,C1456,M523,5990.05,14,13,UPI,Chennai,iOS
TXN103222,C1188,M529,1760.86,14,7,Net Banking,Ahmedabad,iOS
TXN103223,C1290,M501,31915.52,1,19,UPI,Pune,Web
TXN103224,C1007,M524,6156.0,13,21,Debit Card,Pune,Android
TXN103225,C1252,M549,3064.77,8,24,Debit Card,Pune,Android
TXN103226,C1407,M513,1720.03,13,5,Debit Card,Pune,Android
TXN103227,C1466,M505,2661.59,16,26,Credit Card,Kolkata,POS Terminal
TXN103228,C1291,M575,2670.18,19,9,Debit Card,Delhi,Android
TXN103229,C1433,M529,2671.75,12,4,UPI,Pune,Web
TXN103230,C1243,M529,4008.46,12,7,Credit Card,Chennai,Android
TXN103231,C1122,M537,3056.55,8,13,Debit Card,Pune,iOS
TXN103232,C1298,M557,1773.45,21,8,Net Banking,Pune,Web
TXN103233,C1282,M540,2881.07,14,23,UPI,Kolkata,iOS
TXN103234,C1031,M556,1497.78,17,29,Debit Card,Delhi,Web
TXN103235,C1333,M535,25289.01,2,4,UPI,Kolkata,Android
TXN103236,C1376,M563,1147.77,20,8,UPI,Ahmedabad,POS Terminal
TXN103237,C1145,M515,1829.82,19,26,UPI,Hyderabad,Android
TXN103238,C1155,M577,3113.16,15,27,Debit Card,Mumbai,Web
TXN103239,C1412,M571,7282.72,10,16,UPI,Mumbai,Android
TXN103240,C1015,M513,2795.67,18,26,Debit Card,Chennai,Web
TXN103241,C1354,M530,2305.25,14,13,UPI,Bengaluru,Android
TXN103242,C1046,M565,504.32,13,10,Net Banking,Delhi,Web
TXN103243,C1250,M567,2230.3,17,14,Debit Card,Kolkata,POS Terminal
TXN103244,C1186,M564,1521.91,19,20,Net Banking,Mumbai,Android
TXN103245,C1030,M554,3286.3,12,10,Credit Card,Delhi,Android
TXN103246,C1259,M577,2497.61,11,13,Net Banking,Bengaluru,Web
TXN103247,C1420,M539,4016.28,16,28,Net Banking,Pune,iOS
TXN103248,C1016,M524,4660.04,16,8,UPI,Mumbai,Android
TXN103249,C1038,M524,3827.06,15,24,Debit Card,Chennai,POS Terminal
TXN103250,C1303,M502,1512.03,12,20,Debit Card,Hyderabad,Web
TXN103251,C1429,M568,1283.03,12,5,Debit Card,Mumbai,Android
TXN103252,C1473,M525,1192.52,17,21,UPI,Bengaluru,Android
TXN103253,C1431,M539,2210.55,16,21,Credit Card,Mumbai,iOS
TXN103254,C1038,M537,3588.27,19,19,Net Banking,Chennai,POS Terminal
TXN103255,C1488,M537,3998.07,15,13,Net Banking,Kolkata,Web
TXN103256,C1131,M567,2833.58,12,2,UPI,Mumbai,iOS
TXN103257,C1029,M506,2345.8,14,16,UPI,Ahmedabad,Android
TXN103258,C1157,M529,4484.44,18,14,Credit Card,Hyderabad,Web
TXN103259,C1277,M518,1869.52,14,17,Net Banking,Bengaluru,iOS
TXN103260,C1202,M534,4354.78,12,27,Credit Card,Kolkata,POS Terminal
TXN103261,C1065,M532,1550.95,20,3,Credit Card,Hyderabad,POS Terminal
TXN103262,C1107,M532,2965.74,22,16,UPI,Chennai,POS Terminal
TXN103263,C1267,M577,4134.6,14,9,Credit Card,Chennai,Web
TXN103264,C1221,M537,4172.72,15,7,Net Banking,Chennai,Android
TXN103265,C1291,M509,2474.32,23,2,Credit Card,Delhi,Android
TXN103266,C1017,M556,1080.39,16,11,Net Banking,Pune,iOS
TXN103267,C1089,M527,3074.25,12,24,Credit Card,Pune,Android
TXN103268,C1180,M577,1729.65,8,11,UPI,Kolkata,POS Terminal
TXN103269,C1254,M537,3208.39,18,29,Net Banking,Chennai,POS Terminal
TXN103270,C1454,M515,1468.93,11,14,Net Banking,Hyderabad,POS Terminal
TXN103271,C1252,M520,87008.8,4,16,Credit Card,Kolkata,Web
TXN103272,C1256,M505,1938.12,13,8,Net Banking,Bengaluru,Android
TXN103273,C1382,M540,4259.65,20,23,UPI,Kolkata,POS Terminal
TXN103274,C1441,M514,1162.74,16,28,Credit Card,Delhi,iOS
TXN103275,C1345,M502,997.02,12,27,Credit Card,Hyderabad,Android
TXN103276,C1086,M542,8839.67,15,22,Debit Card,Delhi,iOS
TXN103277,C1089,M546,4688.73,18,15,Debit Card,Ahmedabad,iOS
TXN103278,C1236,M513,48172.78,4,16,Net Banking,Chennai,POS Terminal
TXN103279,C1389,M565,2233.24,16,2,UPI,Kolkata,POS Terminal
TXN103280,C1069,M528,593.88,12,4,Debit Card,Hyderabad,POS Terminal
TXN103281,C1043,M503,3977.98,17,1,Debit Card,Chennai,iOS
TXN103282,C1199,M525,2393.92,14,7,Debit Card,Delhi,iOS
TXN103283,C1151,M511,1834.57,8,11,UPI,Bengaluru,POS Terminal
TXN103284,C1085,M501,2917.32,18,18,Credit Card,Ahmedabad,Web
TXN103285,C1018,M516,8431.14,13,22,UPI,Chennai,iOS
TXN103286,C1100,M534,4832.12,18,25,Debit Card,Ahmedabad,POS Terminal
TXN103287,C1401,M509,622.91,10,5,UPI,Mumbai,POS Terminal
TXN103288,C1094,M542,2871.87,23,5,Net Banking,Delhi,Web
TXN103289,C1253,M520,873.28,18,20,UPI,Hyderabad,POS Terminal
TXN103290,C1356,M514,1132.79,16,17,Net Banking,Kolkata,POS Terminal
TXN103291,C1029,M534,2011.46,20,4,UPI,Ahmedabad,Web
TXN103292,C1248,M559,3568.1,14,9,Net Banking,Chennai,Web
TXN103293,C1425,M543,2399.76,19,14,Credit Card,Chennai,Android
TXN103294,C1032,M504,1486.16,16,9,Credit Card,Ahmedabad,iOS
TXN103295,C1457,M572,2500.31,21,23,Debit Card,Hyderabad,iOS
TXN103296,C1228,M517,877.94,8,13,Net Banking,Delhi,Android
TXN103297,C1011,M520,4067.48,11,16,Credit Card,Delhi,iOS
TXN103298,C1117,M571,3061.7,8,20,Net Banking,Bengaluru,Android
TXN103299,C1349,M573,3248.44,18,13,Debit Card,Hyderabad,iOS
TXN103300,C1154,M550,4145.59,11,9,Credit Card,Mumbai,POS Terminal
TXN103301,C1422,M540,1165.0,20,21,Debit Card,Pune,Web
TXN103302,C1392,M523,1099.26,16,12,Net Banking,Pune,Web
TXN103303,C1245,M523,1815.07,12,12,UPI,Pune,Web
TXN103304,C1404,M537,1996.4,12,10,Debit Card,Bengaluru,iOS
TXN103305,C1331,M543,1243.53,11,29,Credit Card,Chennai,POS Terminal
TXN103306,C1246,M556,2562.25,15,2,Debit Card,Hyderabad,Web
TXN103307,C1028,M558,2595.57,10,25,Credit Card,Kolkata,Android
TXN103308,C1160,M533,2234.04,15,22,UPI,Chennai,iOS
TXN103309,C1234,M574,1585.55,15,5,UPI,Bengaluru,iOS
TXN103310,C1189,M522,5274.41,12,11,Credit Card,Kolkata,POS Terminal
TXN103311,C1116,M542,1816.09,11,26,Debit Card,Pune,iOS
TXN103312,C1270,M539,7174.8,17,28,UPI,Hyderabad,Web
TXN103313,C1257,M546,2760.93,14,24,Debit Card,Delhi,Web
TXN103314,C1179,M540,8826.56,13,2,UPI,Delhi,Android
TXN103315,C1486,M546,4600.89,12,21,UPI,Bengaluru,Android
TXN103316,C1372,M519,5787.0,14,10,Debit Card,Kolkata,iOS
TXN103317,C1171,M576,2539.86,17,8,Credit Card,Mumbai,Android
TXN103318,C1437,M564,3422.5,17,20,Credit Card,Mumbai,iOS
TXN103319,C1273,M567,2608.26,13,10,Credit Card,Kolkata,Web
TXN103320,C1258,M523,4039.25,12,26,Credit Card,Delhi,POS Terminal
TXN103321,C1134,M535,2251.12,12,11,Debit Card,Ahmedabad,Web
TXN103322,C1170,M544,3412.62,17,9,Net Banking,Hyderabad,iOS
TXN103323,C1209,M501,4899.4,18,7,Debit Card,Bengaluru,Web
TXN103324,C1235,M527,79719.7,3,12,Net Banking,Mumbai,Web
TXN103325,C1421,M525,1748.0,6,7,UPI,Pune,POS Terminal
TXN103326,C1420,M522,3608.58,15,16,UPI,Pune,Web
TXN103327,C1185,M578,2081.13,17,25,Net Banking,Hyderabad,iOS
TXN103328,C1416,M535,369.72,14,19,UPI,Chennai,Android
TXN103329,C1363,M505,4264.93,7,16,Debit Card,Pune,POS Terminal
TXN103330,C1442,M534,1453.99,16,15,Net Banking,Hyderabad,iOS
TXN103331,C1094,M537,2012.62,17,30,UPI,Mumbai,iOS
TXN103332,C1377,M534,4024.45,12,14,Debit Card,Chennai,Web
TXN103333,C1010,M573,4267.86,16,13,Net Banking,Hyderabad,POS Terminal
TXN103334,C1067,M552,814.7,12,29,Debit Card,Ahmedabad,POS Terminal
TXN103335,C1378,M537,730.1,14,3,Net Banking,Delhi,Web
TXN103336,C1209,M558,7049.55,9,13,Debit Card,Bengaluru,Android
TXN103337,C1195,M542,4967.0,17,29,UPI,Pune,POS Terminal
TXN103338,C1368,M503,2659.06,12,26,Net Banking,Delhi,iOS
TXN103339,C1097,M504,2476.95,18,7,Net Banking,Delhi,Android
TXN103340,C1092,M567,4764.88,10,2,Credit Card,Kolkata,POS Terminal
TXN103341,C1471,M544,3536.15,14,10,Debit Card,Chennai,Android
TXN103342,C1021,M579,7700.45,16,30,UPI,Kolkata,iOS
TXN103343,C1449,M524,4018.68,18,15,Net Banking,Chennai,Android
TXN103344,C1171,M577,2543.98,8,3,UPI,Mumbai,POS Terminal
TXN103345,C1382,M510,3182.0,16,6,Credit Card,Kolkata,POS Terminal
TXN103346,C1133,M528,2453.51,15,29,Net Banking,Bengaluru,iOS
TXN103347,C1425,M533,2612.16,21,25,Net Banking,Bengaluru,iOS
TXN103348,C1024,M513,3678.77,23,14,Debit Card,Chennai,Android
TXN103349,C1184,M523,3342.97,19,4,Net Banking,Bengaluru,Android
TXN103350,C1084,M558,2742.62,18,15,Debit Card,Mumbai,iOS
TXN103351,C1054,M538,234.95,17,5,UPI,Mumbai,POS Terminal
TXN103352,C1250,M525,2054.48,16,6,Debit Card,Kolkata,Web
TXN103353,C1143,M542,977.4,17,19,Credit Card,Ahmedabad,Web
TXN103354,C1350,M535,1532.59,21,18,Debit Card,Ahmedabad,POS Terminal
TXN103355,C1397,M538,3821.57,6,20,UPI,Bengaluru,POS Terminal
TXN103356,C1166,M560,1093.87,19,6,Debit Card,Hyderabad,iOS
TXN103357,C1411,M515,2302.49,15,4,Net Banking,Hyderabad,Web
TXN103358,C1223,M558,1977.76,11,12,Debit Card,Ahmedabad,POS Terminal
TXN103359,C1219,M505,2974.63,15,24,Net Banking,Chennai,POS Terminal
TXN103360,C1178,M555,2400.29,17,25,Net Banking,Bengaluru,POS Terminal
TXN103361,C1118,M507,3040.03,19,30,Net Banking,Pune,Android
TXN103362,C1432,M526,4292.15,17,24,Debit Card,Bengaluru,POS Terminal
TXN103363,C1264,M570,1960.51,6,14,Net Banking,Pune,Android
TXN103364,C1441,M526,1281.88,11,7,Debit Card,Delhi,Web
TXN103365,C1428,M545,3083.07,8,2,UPI,Chennai,POS Terminal
TXN103366,C1149,M540,3791.62,13,26,Net Banking,Kolkata,POS Terminal
TXN103367,C1415,M578,1681.61,22,2,UPI,Pune,Web
TXN103368,C1452,M524,2773.58,16,26,Debit Card,Bengaluru,iOS
TXN103369,C1214,M517,32978.18,4,21,Net Banking,Kolkata,POS Terminal
TXN103370,C1196,M511,4146.27,16,20,UPI,Pune,POS Terminal
TXN103371,C1041,M550,3543.57,13,4,UPI,Delhi,Android
TXN103372,C1052,M538,3990.19,16,20,Net Banking,Delhi,Web
TXN103373,C1479,M509,1909.13,14,23,UPI,Delhi,POS Terminal
TXN103374,C1442,M573,1314.05,19,3,Debit Card,Hyderabad,Web
TXN103375,C1329,M576,2005.79,8,2,Net Banking,Ahmedabad,Web
TXN103376,C1250,M553,2212.4,9,21,Net Banking,Kolkata,POS Terminal
TXN103377,C1294,M528,1541.96,14,29,Net Banking,Ahmedabad,Web
TXN103378,C1377,M540,2283.14,10,6,Net Banking,Chennai,POS Terminal
TXN103379,C1270,M508,4225.35,10,14,Debit Card,Hyderabad,Android
TXN103380,C1454,M562,43049.65,3,8,Debit Card,Delhi,iOS
TXN103381,C1412,M576,5152.63,13,11,Debit Card,Mumbai,Android
TXN103382,C1122,M536,4286.26,9,19,Net Banking,Pune,iOS
TXN103383,C1366,M513,4085.23,17,30,Credit Card,Pune,Web
TXN103384,C1386,M572,2680.84,18,30,Debit Card,Mumbai,Web
TXN103385,C1338,M571,6360.11,6,15,Net Banking,Hyderabad,iOS
TXN103386,C1265,M538,5774.44,19,20,Net Banking,Delhi,Web
TXN103387,C1347,M539,3011.52,17,20,Net Banking,Pune,Android
TXN103388,C1028,M553,2799.44,12,20,Debit Card,Hyderabad,POS Terminal
TXN103389,C1462,M502,3317.38,14,23,Debit Card,Mumbai,iOS
TXN103390,C1034,M554,1141.65,17,20,Credit Card,Kolkata,POS Terminal
TXN103391,C1005,M532,980.78,17,14,Debit Card,Pune,POS Terminal
TXN103392,C1395,M570,2524.45,19,23,Credit Card,Mumbai,Web
TXN103393,C1110,M518,2478.84,13,4,Credit Card,Mumbai,Web
TXN103394,C1293,M533,1995.69,9,30,Debit Card,Pune,Web
TXN103395,C1076,M577,4497.56,14,10,Net Banking,Mumbai,POS Terminal
TXN103396,C1348,M549,1077.36,15,8,Debit Card,Mumbai,iOS
TXN103397,C1146,M546,813.49,7,5,Credit Card,Mumbai,Android
TXN103398,C1066,M545,2329.46,20,18,Net Banking,Delhi,Android
TXN103399,C1391,M555,2387.83,10,29,UPI,Bengaluru,Web
TXN103400,C1007,M556,6399.28,9,25,Credit Card,Pune,POS Terminal
TXN103401,C1121,M550,4153.63,13,25,Net Banking,Mumbai,iOS
TXN103402,C1339,M553,3212.29,15,17,Credit Card,Hyderabad,iOS
TXN103403,C1174,M527,4107.71,20,5,Debit Card,Chennai,POS Terminal
TXN103404,C1387,M518,1479.16,14,3,Net Banking,Delhi,POS Terminal
TXN103405,C1178,M526,1611.31,19,10,Debit Card,Bengaluru,iOS
TXN103406,C1084,M547,4817.1,19,27,Net Banking,Mumbai,Web
TXN103407,C1450,M518,5166.68,14,21,UPI,Delhi,POS Terminal
TXN103408,C1044,M550,3024.68,17,4,Credit Card,Pune,Android
TXN103409,C1135,M506,920.54,16,19,Net Banking,Hyderabad,POS Terminal
TXN103410,C1342,M528,3390.96,15,23,Credit Card,Delhi,iOS
TXN103411,C1015,M542,70908.15,4,5,UPI,Bengaluru,Android
TXN103412,C1332,M568,2605.61,11,1,Net Banking,Mumbai,iOS
TXN103413,C1194,M557,1654.85,8,4,Net Banking,Mumbai,iOS
TXN103414,C1495,M507,53761.44,3,1,UPI,Ahmedabad,Android
TXN103415,C1008,M541,1150.56,17,15,Credit Card,Kolkata,POS Terminal
TXN103416,C1315,M575,1703.17,13,3,Credit Card,Kolkata,iOS
TXN103417,C1333,M541,644.16,20,27,UPI,Ahmedabad,Android
TXN103418,C1332,M512,1721.13,6,10,Debit Card,Hyderabad,iOS
TXN103419,C1326,M525,3935.13,9,26,Credit Card,Mumbai,Android
TXN103420,C1014,M517,2139.47,11,5,Credit Card,Pune,Web
TXN103421,C1326,M541,3739.25,16,22,Credit Card,Hyderabad,iOS
TXN103422,C1101,M550,3316.03,11,11,Net Banking,Delhi,iOS
TXN103423,C1225,M515,1676.6,21,17,Net Banking,Mumbai,Android
TXN103424,C1424,M502,1136.23,14,26,Credit Card,Delhi,Android
TXN103425,C1277,M578,1708.69,17,9,UPI,Bengaluru,Android
TXN103426,C1407,M544,1586.17,16,13,Net Banking,Pune,Android
TXN103427,C1112,M521,4382.43,16,14,Net Banking,Hyderabad,POS Terminal
TXN103428,C1484,M522,2454.51,12,9,UPI,Chennai,POS Terminal
TXN103429,C1427,M558,3929.01,14,17,UPI,Pune,POS Terminal
TXN103430,C1000,M561,1282.15,13,7,Net Banking,Ahmedabad,Web
TXN103431,C1265,M567,5378.6,10,16,UPI,Delhi,iOS
TXN103432,C1490,M553,3552.57,16,20,UPI,Hyderabad,POS Terminal
TXN103433,C1207,M556,2678.1,20,13,Debit Card,Pune,POS Terminal
TXN103434,C1109,M522,3303.98,16,14,Debit Card,Bengaluru,iOS
TXN103435,C1199,M559,1706.84,12,18,Debit Card,Delhi,POS Terminal
TXN103436,C1439,M572,1470.51,16,28,Debit Card,Ahmedabad,iOS
TXN103437,C1368,M554,3214.18,9,11,UPI,Delhi,Web
TXN103438,C1472,M579,2006.12,13,27,UPI,Delhi,Android
TXN103439,C1305,M562,2079.7,8,2,Net Banking,Hyderabad,Web
TXN103440,C1011,M555,4106.68,19,22,Debit Card,Delhi,iOS
TXN103441,C1344,M554,3731.91,14,6,UPI,Delhi,iOS
TXN103442,C1464,M524,3319.84,7,5,Net Banking,Ahmedabad,POS Terminal
TXN103443,C1187,M525,2696.88,15,3,Net Banking,Ahmedabad,POS Terminal
TXN103444,C1153,M548,1266.64,11,27,UPI,Chennai,Android
TXN103445,C1493,M562,2664.73,18,7,Credit Card,Mumbai,Android
TXN103446,C1367,M544,2237.19,11,3,Credit Card,Chennai,POS Terminal
TXN103447,C1333,M572,1010.92,14,13,Debit Card,Ahmedabad,POS Terminal
TXN103448,C1424,M578,1197.41,20,27,UPI,Delhi,Web
TXN103449,C1419,M538,2970.3,10,23,Credit Card,Kolkata,iOS
TXN103450,C1376,M564,695.13,19,2,UPI,Pune,Web
TXN103451,C1278,M568,1429.4,8,24,Credit Card,Pune,iOS
TXN103452,C1170,M555,4228.33,14,2,Debit Card,Hyderabad,Android
TXN103453,C1133,M508,3445.08,15,18,UPI,Bengaluru,Android
TXN103454,C1494,M569,1428.39,19,4,UPI,Ahmedabad,iOS
TXN103455,C1452,M527,3276.95,12,26,Credit Card,Bengaluru,Android
TXN103456,C1426,M544,1432.52,11,17,Debit Card,Mumbai,iOS
TXN103457,C1024,M525,2652.91,9,11,Net Banking,Chennai,POS Terminal
TXN103458,C1017,M527,1377.34,23,7,Credit Card,Pune,POS Terminal
TXN103459,C1189,M539,4566.07,8,2,Net Banking,Chennai,Android
TXN103460,C1140,M514,8744.15,10,15,Debit Card,Ahmedabad,Android
TXN103461,C1042,M505,4294.76,16,14,Net Banking,Delhi,Web
TXN103462,C1333,M526,810.66,15,14,Debit Card,Ahmedabad,Android
TXN103463,C1283,M537,5316.34,14,6,Debit Card,Hyderabad,iOS
TXN103464,C1145,M567,2578.87,17,30,Net Banking,Hyderabad,iOS
TXN103465,C1314,M574,2052.29,14,5,Net Banking,Chennai,iOS
TXN103466,C1443,M563,5139.19,19,14,UPI,Kolkata,Web
TXN103467,C1318,M529,2289.51,17,21,Net Banking,Pune,POS Terminal
TXN103468,C1440,M502,4175.1,18,29,Credit Card,Ahmedabad,iOS
TXN103469,C1091,M561,2668.96,15,4,UPI,Hyderabad,Web
TXN103470,C1178,M511,1587.81,18,14,Net Banking,Bengaluru,Web
TXN103471,C1055,M529,4539.63,9,5,UPI,Mumbai,Android
TXN103472,C1154,M537,6280.24,12,12,UPI,Mumbai,Android
TXN103473,C1159,M559,45119.27,5,27,Debit Card,Kolkata,POS Terminal
TXN103474,C1110,M537,2441.67,12,25,Debit Card,Mumbai,Web
TXN103475,C1136,M514,1728.23,15,13,Debit Card,Delhi,iOS
TXN103476,C1231,M517,2889.3,18,29,Debit Card,Pune,Web
TXN103477,C1479,M551,2304.07,9,12,Debit Card,Delhi,Android
TXN103478,C1467,M528,1700.95,18,28,Debit Card,Kolkata,Web
TXN103479,C1219,M559,2070.46,14,17,UPI,Chennai,iOS
TXN103480,C1480,M520,3176.41,14,18,Debit Card,Chennai,Web
TXN103481,C1067,M516,512.29,18,12,Credit Card,Ahmedabad,POS Terminal
TXN103482,C1301,M517,654.88,15,23,Net Banking,Pune,POS Terminal
TXN103483,C1248,M556,2984.22,16,9,Net Banking,Chennai,POS Terminal
TXN103484,C1481,M536,2886.42,9,19,Debit Card,Delhi,Android
TXN103485,C1495,M559,34930.74,5,22,UPI,Mumbai,POS Terminal
TXN103486,C1322,M537,413.08,10,29,Credit Card,Ahmedabad,Web
TXN103487,C1409,M511,2248.79,16,21,UPI,Chennai,iOS
TXN103488,C1391,M574,3188.03,12,25,UPI,Bengaluru,POS Terminal
TXN103489,C1005,M572,1044.07,19,15,Credit Card,Pune,iOS
TXN103490,C1463,M500,1171.84,7,9,Debit Card,Pune,Android
TXN103491,C1279,M557,3089.7,21,13,Net Banking,Hyderabad,Android
TXN103492,C1431,M502,2802.93,16,15,Net Banking,Mumbai,Android
TXN103493,C1486,M562,3092.68,13,12,Net Banking,Bengaluru,Android
TXN103494,C1093,M520,2125.16,16,10,UPI,Chennai,POS Terminal
TXN103495,C1428,M522,2103.21,13,3,UPI,Chennai,Web
TXN103496,C1268,M508,1109.78,6,26,Net Banking,Delhi,Android
TXN103497,C1196,M554,2876.34,16,10,Credit Card,Pune,iOS
TXN103498,C1024,M518,3343.57,12,18,Debit Card,Chennai,Android
TXN103499,C1147,M561,850.62,15,29,Credit Card,Kolkata,POS Terminal
TXN103500,C1117,M538,2408.99,10,10,Credit Card,Bengaluru,Web
TXN103501,C1337,M575,370.47,19,4,UPI,Delhi,Web
TXN103502,C1366,M526,3708.5,16,28,Debit Card,Pune,POS Terminal
TXN103503,C1337,M545,471.85,15,28,Net Banking,Delhi,Web
TXN103504,C1065,M533,1848.02,13,25,UPI,Hyderabad,POS Terminal
TXN103505,C1457,M532,51305.19,3,3,Debit Card,Kolkata,POS Terminal
TXN103506,C1300,M549,851.23,15,20,Net Banking,Chennai,Web
TXN103507,C1369,M519,479.35,23,18,Credit Card,Bengaluru,POS Terminal
TXN103508,C1174,M539,4964.22,19,17,Debit Card,Chennai,iOS
TXN103509,C1318,M557,2776.98,18,5,UPI,Pune,POS Terminal
TXN103510,C1075,M530,2893.71,12,20,Debit Card,Mumbai,Android
TXN103511,C1494,M537,1071.23,14,10,Debit Card,Ahmedabad,Android
TXN103512,C1460,M544,1672.35,15,2,UPI,Chennai,Android
TXN103513,C1113,M540,5562.62,6,22,UPI,Delhi,Android
TXN103514,C1110,M508,3625.74,16,21,UPI,Mumbai,POS Terminal
TXN103515,C1248,M508,3325.38,19,1,Credit Card,Chennai,POS Terminal
TXN103516,C1438,M562,1128.46,13,16,Net Banking,Mumbai,POS Terminal
TXN103517,C1202,M578,4547.4,13,10,UPI,Kolkata,Android
TXN103518,C1146,M576,919.69,13,3,Credit Card,Mumbai,Android
TXN103519,C1034,M521,1468.03,17,4,Debit Card,Kolkata,Android
TXN103520,C1486,M515,4624.23,16,1,Debit Card,Bengaluru,Web
TXN103521,C1308,M531,1346.17,15,28,UPI,Hyderabad,Web
TXN103522,C1025,M565,2233.84,11,12,Credit Card,Chennai,iOS
TXN103523,C1237,M513,984.24,10,13,Credit Card,Pune,POS Terminal
TXN103524,C1013,M537,1255.35,16,27,Credit Card,Bengaluru,Web
TXN103525,C1373,M507,1935.94,17,8,UPI,Mumbai,POS Terminal
TXN103526,C1044,M520,2108.97,18,19,UPI,Pune,POS Terminal
TXN103527,C1427,M555,2419.86,14,5,Credit Card,Pune,iOS
TXN103528,C1215,M545,2989.64,18,12,Debit Card,Delhi,Android
TXN103529,C1232,M542,1469.74,20,19,Debit Card,Pune,POS Terminal
TXN103530,C1192,M545,7469.18,19,4,UPI,Kolkata,Android
TXN103531,C1050,M547,4023.92,17,15,UPI,Delhi,POS Terminal
TXN103532,C1426,M569,1741.65,12,25,Credit Card,Mumbai,Web
TXN103533,C1374,M530,3159.62,18,13,Credit Card,Delhi,Web
TXN103534,C1213,M532,7003.04,16,13,Credit Card,Mumbai,Android
TXN103535,C1150,M543,1332.33,16,3,Debit Card,Mumbai,Android
TXN103536,C1439,M570,2012.55,12,8,Credit Card,Ahmedabad,Web
TXN103537,C1274,M507,1320.24,17,22,Net Banking,Mumbai,Android
TXN103538,C1337,M572,365.98,11,6,Credit Card,Delhi,Web
TXN103539,C1075,M501,2400.11,12,17,Net Banking,Mumbai,Android
TXN103540,C1438,M516,1436.33,15,28,UPI,Mumbai,POS Terminal
TXN103541,C1219,M551,3426.6,14,11,UPI,Chennai,Web
TXN103542,C1347,M544,4823.01,6,7,Credit Card,Pune,POS Terminal
TXN103543,C1443,M536,6161.02,15,15,Net Banking,Kolkata,Web
TXN103544,C1186,M541,2275.32,17,4,UPI,Mumbai,Android
TXN103545,C1288,M543,3014.65,9,8,Credit Card,Chennai,Android
TXN103546,C1402,M537,2895.47,20,25,Credit Card,Delhi,POS Terminal
TXN103547,C1027,M505,1330.52,19,2,Credit Card,Pune,POS Terminal
TXN103548,C1378,M567,1282.85,16,24,Net Banking,Delhi,Web
TXN103549,C1179,M550,5675.4,18,11,UPI,Kolkata,iOS
TXN103550,C1252,M534,4407.83,22,8,Credit Card,Pune,iOS
TXN103551,C1125,M557,6574.99,13,22,UPI,Hyderabad,iOS
TXN103552,C1176,M556,1878.14,12,30,Debit Card,Ahmedabad,iOS
TXN103553,C1036,M572,2943.26,17,19,Debit Card,Mumbai,Android
TXN103554,C1409,M505,2654.94,7,5,UPI,Kolkata,POS Terminal
TXN103555,C1098,M512,2246.79,17,18,Debit Card,Bengaluru,iOS
TXN103556,C1097,M558,1508.89,15,30,Debit Card,Delhi,iOS
TXN103557,C1126,M529,1917.3,11,30,Debit Card,Delhi,POS Terminal
TXN103558,C1482,M501,1561.29,19,6,Credit Card,Delhi,Web
TXN103559,C1167,M557,3422.14,11,30,Net Banking,Pune,Web
TXN103560,C1079,M535,4255.51,14,19,Debit Card,Bengaluru,Android
TXN103561,C1293,M571,1585.53,19,20,Credit Card,Pune,Web
TXN103562,C1332,M544,1945.45,15,25,UPI,Hyderabad,iOS
TXN103563,C1125,M508,6503.18,12,26,UPI,Hyderabad,POS Terminal
TXN103564,C1342,M564,3942.81,11,5,Debit Card,Delhi,iOS
TXN103565,C1309,M576,7356.71,14,13,Credit Card,Mumbai,POS Terminal
TXN103566,C1149,M549,2453.36,15,23,Net Banking,Kolkata,Android
TXN103567,C1015,M578,3009.77,7,12,Net Banking,Chennai,Android
TXN103568,C1027,M531,1483.86,14,9,UPI,Pune,iOS
TXN103569,C1495,M542,2356.69,16,29,UPI,Kolkata,Web
TXN103570,C1418,M577,31781.43,3,5,Credit Card,Hyderabad,Web
TXN103571,C1443,M553,4430.2,15,17,Debit Card,Kolkata,Android
TXN103572,C1172,M546,1602.0,14,18,UPI,Kolkata,POS Terminal
TXN103573,C1045,M513,2406.56,18,3,Debit Card,Hyderabad,POS Terminal
TXN103574,C1327,M547,1664.94,17,19,Debit Card,Delhi,Android
TXN103575,C1235,M554,2964.1,17,15,Credit Card,Ahmedabad,Android
TXN103576,C1438,M528,742.15,10,17,Debit Card,Mumbai,iOS
TXN103577,C1213,M546,5670.24,19,9,UPI,Chennai,Web
TXN103578,C1084,M562,4504.12,12,30,Credit Card,Mumbai,Web
TXN103579,C1281,M518,428.89,14,25,Net Banking,Mumbai,Web
TXN103580,C1231,M508,2268.87,17,28,Debit Card,Pune,iOS
TXN103581,C1084,M536,3919.88,15,4,Credit Card,Mumbai,Android
TXN103582,C1408,M551,3632.27,18,9,Credit Card,Ahmedabad,Web
TXN103583,C1488,M556,4191.76,12,4,Net Banking,Hyderabad,iOS
TXN103584,C1064,M527,1504.92,13,24,Credit Card,Mumbai,POS Terminal
TXN103585,C1133,M535,3935.86,23,3,Net Banking,Bengaluru,Web
TXN103586,C1150,M563,1617.19,13,9,Debit Card,Mumbai,POS Terminal
TXN103587,C1114,M517,3511.53,14,11,Credit Card,Pune,iOS
TXN103588,C1063,M534,2414.44,15,11,Net Banking,Delhi,Web
TXN103589,C1342,M567,3365.66,21,20,Net Banking,Delhi,Android
TXN103590,C1426,M577,1399.58,18,29,Debit Card,Mumbai,Web
TXN103591,C1362,M538,5152.52,11,8,Credit Card,Pune,iOS
TXN103592,C1406,M507,1146.66,14,29,Debit Card,Mumbai,POS Terminal
TXN103593,C1351,M579,1954.45,20,2,Net Banking,Bengaluru,Web
TXN103594,C1157,M514,4286.44,19,16,Credit Card,Hyderabad,iOS
TXN103595,C1076,M506,2099.33,16,23,Debit Card,Mumbai,iOS
TXN103596,C1490,M516,2882.63,19,2,UPI,Hyderabad,Web
TXN103597,C1145,M563,2373.05,17,21,UPI,Hyderabad,iOS
TXN103598,C1342,M511,3920.0,12,25,Credit Card,Delhi,POS Terminal
TXN103599,C1462,M555,4100.56,17,21,UPI,Mumbai,POS Terminal
TXN103600,C1224,M545,1679.54,12,30,Debit Card,Delhi,POS Terminal
TXN103601,C1404,M546,2534.65,19,20,UPI,Bengaluru,iOS
TXN103602,C1312,M578,22306.86,3,24,Debit Card,Hyderabad,POS Terminal
TXN103603,C1102,M515,128379.39,4,5,Debit Card,Hyderabad,Android
TXN103604,C1406,M568,1518.79,14,9,UPI,Mumbai,Android
TXN103605,C1346,M501,1530.97,18,25,Net Banking,Hyderabad,Android
TXN103606,C1300,M553,521.61,13,2,UPI,Pune,iOS
TXN103607,C1427,M526,3501.44,16,26,Debit Card,Pune,Web
TXN103608,C1465,M530,2300.35,12,9,UPI,Kolkata,Web
TXN103609,C1087,M540,2918.65,11,11,UPI,Kolkata,Android
TXN103610,C1370,M535,3598.79,16,8,Credit Card,Bengaluru,iOS
TXN103611,C1302,M546,3348.53,13,30,Debit Card,Bengaluru,Android
TXN103612,C1167,M542,4697.45,14,26,Net Banking,Pune,Android
TXN103613,C1434,M564,59158.28,1,7,Credit Card,Mumbai,POS Terminal
TXN103614,C1169,M549,1327.65,13,6,Debit Card,Bengaluru,iOS
TXN103615,C1134,M500,3983.91,15,20,UPI,Ahmedabad,Android
TXN103616,C1049,M571,1608.53,7,27,Net Banking,Delhi,POS Terminal
TXN103617,C1431,M556,2675.05,17,15,Debit Card,Mumbai,iOS
TXN103618,C1339,M515,4911.32,20,15,UPI,Hyderabad,Android
TXN103619,C1346,M527,1736.33,10,7,Credit Card,Hyderabad,Web
TXN103620,C1133,M521,3282.28,23,28,Debit Card,Ahmedabad,Android
TXN103621,C1346,M540,2013.43,13,28,Credit Card,Hyderabad,Web
TXN103622,C1136,M575,1199.29,8,22,Debit Card,Delhi,POS Terminal
TXN103623,C1244,M518,3479.25,11,8,Credit Card,Ahmedabad,Android
TXN103624,C1108,M549,1112.23,7,17,UPI,Delhi,POS Terminal
TXN103625,C1312,M558,1129.29,14,19,Debit Card,Mumbai,POS Terminal
TXN103626,C1286,M568,2749.51,11,24,Credit Card,Ahmedabad,Android
TXN103627,C1020,M533,1707.83,14,2,UPI,Pune,POS Terminal
TXN103628,C1089,M538,113680.13,5,9,UPI,Bengaluru,Web
TXN103629,C1295,M573,1169.47,18,29,Debit Card,Pune,Android
TXN103630,C1111,M506,1502.86,17,2,Debit Card,Kolkata,iOS
TXN103631,C1300,M551,648.18,17,13,Debit Card,Chennai,Web
TXN103632,C1076,M559,3898.82,8,25,Credit Card,Mumbai,iOS
TXN103633,C1176,M551,2638.85,21,12,UPI,Ahmedabad,iOS
TXN103634,C1342,M578,2295.89,14,23,UPI,Delhi,Web
TXN103635,C1147,M523,810.18,13,4,Debit Card,Kolkata,POS Terminal
TXN103636,C1100,M525,4806.03,13,19,UPI,Mumbai,POS Terminal
TXN103637,C1245,M509,2185.98,20,8,UPI,Pune,Android
TXN103638,C1116,M516,1829.76,11,26,Debit Card,Pune,iOS
TXN103639,C1091,M577,2106.32,17,13,Net Banking,Hyderabad,POS Terminal
TXN103640,C1400,M501,1183.53,11,29,UPI,Pune,POS Terminal
TXN103641,C1027,M576,1449.85,13,27,UPI,Mumbai,Android
TXN103642,C1424,M526,1259.26,14,30,Net Banking,Delhi,iOS
TXN103643,C1449,M572,3639.69,8,14,Net Banking,Chennai,Web
TXN103644,C1024,M570,3222.95,15,7,Debit Card,Chennai,Web
TXN103645,C1057,M547,2800.86,15,26,Credit Card,Pune,iOS
TXN103646,C1497,M573,2406.52,17,28,Debit Card,Chennai,POS Terminal
TXN103647,C1296,M508,1037.8,12,30,UPI,Pune,POS Terminal
TXN103648,C1133,M522,2635.0,8,1,Debit Card,Bengaluru,Web
TXN103649,C1330,M570,1161.46,6,11,Debit Card,Ahmedabad,iOS
TXN103650,C1248,M572,44832.84,1,23,Net Banking,Hyderabad,POS Terminal
TXN103651,C1037,M526,1502.29,6,17,UPI,Chennai,Android
TXN103652,C1389,M570,2108.06,11,17,UPI,Kolkata,iOS
TXN103653,C1428,M542,3559.28,9,15,Credit Card,Chennai,iOS
TXN103654,C1074,M506,3781.33,11,27,Credit Card,Hyderabad,iOS
TXN103655,C1141,M562,2483.18,11,21,Net Banking,Pune,Web
TXN103656,C1321,M543,1040.97,11,10,UPI,Bengaluru,Web
TXN103657,C1167,M538,3300.19,12,16,Credit Card,Kolkata,POS Terminal
TXN103658,C1258,M539,4455.94,23,5,Credit Card,Kolkata,POS Terminal
TXN103659,C1372,M506,4900.89,14,28,Debit Card,Kolkata,Web
TXN103660,C1354,M569,2743.79,18,2,Debit Card,Mumbai,POS Terminal
TXN103661,C1224,M524,1042.41,23,7,Credit Card,Delhi,iOS
TXN103662,C1151,M558,2930.27,17,3,Debit Card,Bengaluru,Web
TXN103663,C1018,M512,10782.8,11,15,Debit Card,Chennai,POS Terminal
TXN103664,C1145,M561,2106.19,10,27,UPI,Hyderabad,Web
TXN103665,C1447,M507,2917.21,18,11,Credit Card,Delhi,Web
TXN103666,C1240,M544,4201.32,9,1,Credit Card,Hyderabad,Web
TXN103667,C1371,M517,2381.81,19,23,Net Banking,Pune,Web
TXN103668,C1380,M559,1843.6,15,16,Net Banking,Pune,iOS
TXN103669,C1343,M559,2693.17,16,11,UPI,Hyderabad,iOS
TXN103670,C1236,M501,3799.76,16,20,UPI,Ahmedabad,POS Terminal
TXN103671,C1034,M565,1393.65,22,20,UPI,Kolkata,Web
TXN103672,C1189,M513,3534.69,19,19,Debit Card,Pune,Web
TXN103673,C1000,M547,1410.36,17,7,UPI,Ahmedabad,iOS
TXN103674,C1483,M555,1686.47,16,18,Net Banking,Delhi,POS Terminal
TXN103675,C1152,M511,2288.8,17,23,UPI,Hyderabad,iOS
TXN103676,C1428,M554,3771.27,10,28,Net Banking,Chennai,Web
TXN103677,C1432,M527,4315.76,22,10,Net Banking,Bengaluru,Android
TXN103678,C1125,M503,6254.9,12,8,UPI,Hyderabad,POS Terminal
TXN103679,C1490,M535,5259.36,21,2,UPI,Hyderabad,Web
TXN103680,C1481,M549,2980.76,16,24,Debit Card,Delhi,Android
TXN103681,C1344,M502,2927.52,19,7,Credit Card,Delhi,Web
TXN103682,C1399,M500,1834.32,15,26,UPI,Mumbai,POS Terminal
TXN103683,C1225,M516,1938.08,22,8,Net Banking,Mumbai,POS Terminal
TXN103684,C1220,M570,2993.85,18,19,Net Banking,Kolkata,POS Terminal
TXN103685,C1402,M561,2023.09,18,6,UPI,Delhi,Android
TXN103686,C1406,M547,37957.2,2,1,Credit Card,Delhi,Android
TXN103687,C1210,M561,3962.89,18,23,Credit Card,Delhi,Web
TXN103688,C1024,M568,2462.0,8,11,UPI,Chennai,POS Terminal
TXN103689,C1015,M518,3241.37,14,20,UPI,Chennai,iOS
TXN103690,C1181,M533,2754.24,16,4,Credit Card,Ahmedabad,iOS
TXN103691,C1498,M548,1139.0,10,12,Net Banking,Kolkata,POS Terminal
TXN103692,C1328,M579,1508.27,15,28,UPI,Ahmedabad,iOS
TXN103693,C1128,M546,1502.74,10,30,Debit Card,Mumbai,iOS
TXN103694,C1041,M549,3905.59,15,9,UPI,Delhi,POS Terminal
TXN103695,C1402,M525,2500.83,12,23,UPI,Delhi,Web
TXN103696,C1480,M555,1730.41,21,8,Debit Card,Hyderabad,Android
TXN103697,C1417,M577,2711.58,17,6,Credit Card,Bengaluru,iOS
TXN103698,C1335,M513,44470.06,3,18,Credit Card,Hyderabad,POS Terminal
TXN103699,C1235,M577,2993.7,11,19,Credit Card,Ahmedabad,Web
TXN103700,C1359,M524,3887.63,16,20,UPI,Pune,POS Terminal
TXN103701,C1438,M503,1300.8,12,18,Credit Card,Mumbai,Web
TXN103702,C1401,M578,688.2,20,27,Debit Card,Mumbai,iOS
TXN103703,C1033,M531,724.0,22,1,Debit Card,Kolkata,iOS
TXN103704,C1344,M577,4525.17,15,29,UPI,Bengaluru,iOS
TXN103705,C1380,M564,1321.96,15,9,Credit Card,Pune,iOS
TXN103706,C1044,M560,2552.58,18,13,Credit Card,Pune,Web
TXN103707,C1133,M519,2346.94,18,12,Debit Card,Ahmedabad,POS Terminal
TXN103708,C1020,M573,1918.88,10,26,Credit Card,Pune,Web
TXN103709,C1121,M509,3071.51,16,30,Debit Card,Mumbai,Android
TXN103710,C1069,M533,1078.99,14,18,UPI,Hyderabad,Android
TXN103711,C1351,M560,1372.42,14,27,Debit Card,Kolkata,Web
TXN103712,C1360,M526,1194.9,22,21,Credit Card,Hyderabad,Android
TXN103713,C1047,M539,2306.91,18,7,Debit Card,Hyderabad,Web
TXN103714,C1490,M564,3581.15,23,29,Credit Card,Ahmedabad,iOS
TXN103715,C1038,M532,3262.97,13,11,Net Banking,Chennai,Web
TXN103716,C1286,M567,64194.88,2,18,UPI,Kolkata,iOS
TXN103717,C1489,M570,1801.56,16,22,Net Banking,Delhi,POS Terminal
TXN103718,C1009,M508,1480.19,15,10,Debit Card,Bengaluru,POS Terminal
TXN103719,C1029,M515,2209.48,13,27,Net Banking,Ahmedabad,iOS
TXN103720,C1243,M504,2867.05,22,8,UPI,Kolkata,Web
TXN103721,C1273,M522,2100.82,11,14,UPI,Mumbai,Web
TXN103722,C1443,M542,3635.71,18,14,Debit Card,Kolkata,iOS
TXN103723,C1087,M556,3836.48,6,13,Net Banking,Bengaluru,Android
TXN103724,C1243,M550,3494.29,15,7,Debit Card,Kolkata,Web
TXN103725,C1380,M512,1721.54,6,15,Debit Card,Pune,iOS
TXN103726,C1328,M523,27272.33,4,6,UPI,Delhi,Android
TXN103727,C1478,M510,4185.96,14,12,Debit Card,Hyderabad,Android
TXN103728,C1014,M551,2662.06,11,11,Credit Card,Pune,iOS
TXN103729,C1003,M516,1195.07,10,24,Credit Card,Ahmedabad,Web
TXN103730,C1190,M536,1843.82,9,18,Credit Card,Hyderabad,Android
TXN103731,C1167,M512,3195.28,16,4,Credit Card,Pune,Android
TXN103732,C1008,M561,1085.64,18,4,UPI,Kolkata,Android
TXN103733,C1108,M507,1603.04,6,13,UPI,Mumbai,POS Terminal
TXN103734,C1136,M555,1487.62,17,7,Net Banking,Delhi,iOS
TXN103735,C1153,M569,851.61,18,30,UPI,Chennai,POS Terminal
TXN103736,C1387,M543,1543.97,13,23,Credit Card,Delhi,Android
TXN103737,C1208,M559,1777.59,16,19,UPI,Bengaluru,Android
TXN103738,C1271,M540,57525.15,4,4,UPI,Kolkata,iOS
TXN103739,C1142,M520,869.94,19,1,Credit Card,Chennai,Android
TXN103740,C1098,M541,2375.94,8,8,Debit Card,Bengaluru,iOS
TXN103741,C1376,M573,1024.71,15,12,UPI,Ahmedabad,Android
TXN103742,C1307,M573,3816.81,13,12,UPI,Bengaluru,iOS
TXN103743,C1068,M528,1565.31,12,20,Net Banking,Bengaluru,iOS
TXN103744,C1246,M579,2513.75,20,11,Debit Card,Hyderabad,Web
TXN103745,C1260,M564,671.45,16,21,UPI,Kolkata,Web
TXN103746,C1275,M516,2212.54,9,21,Credit Card,Kolkata,iOS
TXN103747,C1078,M529,2801.58,14,17,Debit Card,Bengaluru,iOS
TXN103748,C1145,M525,1959.84,17,30,UPI,Hyderabad,Android
TXN103749,C1110,M552,2596.95,8,17,UPI,Mumbai,Android
TXN103750,C1257,M518,2639.25,19,23,Net Banking,Delhi,Web
TXN103751,C1092,M552,2609.34,19,12,Net Banking,Kolkata,Android
TXN103752,C1012,M516,1985.84,14,28,UPI,Ahmedabad,iOS
TXN103753,C1259,M545,3864.75,14,12,Net Banking,Bengaluru,POS Terminal
TXN103754,C1425,M552,3071.2,14,17,Net Banking,Bengaluru,iOS
TXN103755,C1108,M563,1786.01,8,29,UPI,Delhi,iOS
TXN103756,C1329,M544,2028.66,16,9,Credit Card,Ahmedabad,Android
TXN103757,C1188,M548,1574.7,14,22,Net Banking,Bengaluru,Android
TXN103758,C1094,M518,3128.04,8,13,Debit Card,Delhi,iOS
TXN103759,C1104,M570,33849.0,2,17,Net Banking,Pune,Android
TXN103760,C1007,M564,6850.21,16,29,Credit Card,Pune,iOS
TXN103761,C1066,M536,1478.92,10,1,Credit Card,Ahmedabad,iOS
TXN103762,C1495,M569,1856.19,14,21,UPI,Kolkata,iOS
TXN103763,C1190,M525,2300.35,10,27,UPI,Hyderabad,iOS
TXN103764,C1365,M501,2269.49,10,3,UPI,Bengaluru,Web
TXN103765,C1255,M558,519.19,15,8,Debit Card,Kolkata,Android
TXN103766,C1008,M504,1284.81,17,8,Credit Card,Kolkata,iOS
TXN103767,C1477,M536,1122.97,9,26,Credit Card,Ahmedabad,iOS
TXN103768,C1116,M530,1296.57,13,8,Credit Card,Pune,iOS
TXN103769,C1266,M575,2645.31,15,6,Debit Card,Hyderabad,Android
TXN103770,C1098,M547,2683.01,17,15,Net Banking,Bengaluru,Android
TXN103771,C1484,M505,2166.46,14,21,Net Banking,Chennai,Web
TXN103772,C1297,M514,4554.11,9,5,UPI,Kolkata,POS Terminal
TXN103773,C1396,M514,2225.85,15,6,Net Banking,Chennai,Web
TXN103774,C1163,M560,4322.9,15,22,UPI,Bengaluru,iOS
TXN103775,C1375,M515,999.66,16,29,Debit Card,Delhi,Web
TXN103776,C1140,M519,6279.36,9,26,Debit Card,Bengaluru,Android
TXN103777,C1267,M576,4011.83,17,25,Net Banking,Chennai,iOS
TXN103778,C1036,M543,1323.32,22,23,UPI,Mumbai,Android
TXN103779,C1073,M541,1933.93,10,6,Net Banking,Mumbai,Web
TXN103780,C1072,M545,1303.99,15,27,Net Banking,Delhi,POS Terminal
TXN103781,C1307,M533,5788.02,12,10,Net Banking,Bengaluru,iOS
TXN103782,C1198,M563,654.86,13,23,Credit Card,Delhi,iOS
TXN103783,C1129,M528,2267.05,6,19,UPI,Ahmedabad,POS Terminal
TXN103784,C1245,M502,1108.17,17,28,Debit Card,Pune,iOS
TXN103785,C1311,M508,40295.34,5,2,Debit Card,Hyderabad,Android
TXN103786,C1059,M574,2825.16,6,26,Net Banking,Ahmedabad,Android
TXN103787,C1278,M574,2114.02,12,7,UPI,Pune,Web
TXN103788,C1102,M524,6854.49,17,19,Net Banking,Ahmedabad,Android
TXN103789,C1295,M541,1038.13,17,13,Net Banking,Pune,Web
TXN103790,C1319,M545,2718.77,11,4,Net Banking,Chennai,iOS
TXN103791,C1486,M572,3873.98,20,11,Credit Card,Bengaluru,Android
TXN103792,C1340,M558,1831.37,13,18,Debit Card,Delhi,Android
TXN103793,C1150,M520,1232.95,17,21,Debit Card,Mumbai,Android
TXN103794,C1156,M573,2884.08,10,28,Net Banking,Chennai,Android
TXN103795,C1205,M521,4821.48,18,21,Debit Card,Bengaluru,Android
TXN103796,C1473,M528,1073.95,18,11,UPI,Bengaluru,iOS
TXN103797,C1178,M562,35858.2,3,13,UPI,Pune,iOS
TXN103798,C1196,M572,4142.72,12,10,Debit Card,Pune,POS Terminal
TXN103799,C1222,M560,1965.36,13,26,Net Banking,Pune,iOS
TXN103800,C1088,M563,1797.35,14,17,Net Banking,Hyderabad,iOS
TXN103801,C1286,M568,2666.91,15,4,UPI,Ahmedabad,Web
TXN103802,C1433,M539,4154.77,21,3,Credit Card,Pune,POS Terminal
TXN103803,C1275,M574,2528.47,9,7,UPI,Kolkata,Web
TXN103804,C1235,M500,70456.74,5,16,Debit Card,Mumbai,Web
TXN103805,C1182,M564,3496.52,14,21,Net Banking,Pune,Web
TXN103806,C1208,M561,1578.26,16,6,Credit Card,Bengaluru,Web
TXN103807,C1492,M553,2302.35,19,18,UPI,Chennai,iOS
TXN103808,C1129,M559,3340.29,15,1,Debit Card,Ahmedabad,POS Terminal
TXN103809,C1152,M545,2718.9,17,19,Debit Card,Mumbai,Web
TXN103810,C1012,M504,1477.52,12,10,Net Banking,Ahmedabad,POS Terminal
TXN103811,C1121,M521,3861.52,9,3,Net Banking,Mumbai,iOS
TXN103812,C1358,M552,3225.89,15,26,Credit Card,Hyderabad,POS Terminal
TXN103813,C1219,M569,4088.81,18,23,Net Banking,Chennai,POS Terminal
TXN103814,C1105,M531,1960.1,20,11,UPI,Delhi,iOS
TXN103815,C1374,M510,3200.13,20,7,UPI,Delhi,Android
TXN103816,C1069,M509,834.92,8,26,Net Banking,Hyderabad,Web
TXN103817,C1194,M538,2531.84,18,30,Net Banking,Mumbai,Web
TXN103818,C1185,M530,2610.91,9,6,UPI,Hyderabad,iOS
TXN103819,C1098,M511,1843.39,15,14,UPI,Bengaluru,POS Terminal
TXN103820,C1081,M579,1739.17,20,30,Credit Card,Hyderabad,iOS
TXN103821,C1074,M537,2992.39,22,29,Debit Card,Hyderabad,Android
TXN103822,C1373,M566,1915.57,9,20,Debit Card,Mumbai,POS Terminal
TXN103823,C1339,M565,3782.15,9,8,Debit Card,Hyderabad,Android
TXN103824,C1191,M551,1751.94,19,26,UPI,Pune,iOS
TXN103825,C1324,M504,1476.09,18,11,UPI,Mumbai,iOS
TXN103826,C1466,M510,3930.99,9,2,UPI,Kolkata,iOS
TXN103827,C1213,M524,7365.8,14,7,UPI,Mumbai,Android
TXN103828,C1314,M534,1886.9,11,17,Debit Card,Chennai,Web
TXN103829,C1443,M534,2949.09,13,24,Debit Card,Kolkata,Android
TXN103830,C1466,M521,3444.96,19,30,Credit Card,Kolkata,Android
TXN103831,C1381,M536,1476.72,19,5,Credit Card,Pune,Android
TXN103832,C1366,M554,3904.11,13,6,UPI,Pune,iOS
TXN103833,C1317,M574,2187.55,16,22,Credit Card,Mumbai,Android
TXN103834,C1143,M571,1837.82,13,17,Debit Card,Ahmedabad,Web
TXN103835,C1383,M563,1407.96,14,23,Debit Card,Ahmedabad,Android
TXN103836,C1215,M519,2963.1,11,15,Debit Card,Delhi,Web
TXN103837,C1360,M503,2126.43,11,3,Debit Card,Hyderabad,POS Terminal
TXN103838,C1323,M517,2029.54,9,18,Net Banking,Kolkata,Web
TXN103839,C1014,M550,1095.9,10,15,UPI,Pune,iOS
TXN103840,C1216,M567,1941.2,13,23,UPI,Hyderabad,POS Terminal
TXN103841,C1491,M519,7929.63,18,26,Net Banking,Mumbai,iOS
TXN103842,C1438,M508,2043.56,17,25,Credit Card,Mumbai,iOS
TXN103843,C1034,M579,1407.52,16,4,UPI,Kolkata,POS Terminal
TXN103844,C1182,M525,2548.56,13,23,Credit Card,Pune,Web
TXN103845,C1269,M524,2274.97,16,21,Debit Card,Hyderabad,iOS
TXN103846,C1432,M567,3678.58,18,10,Credit Card,Bengaluru,Web
TXN103847,C1466,M540,2556.27,13,26,UPI,Kolkata,iOS
TXN103848,C1357,M558,2844.51,15,11,UPI,Pune,iOS
TXN103849,C1099,M544,1996.45,15,23,Debit Card,Kolkata,POS Terminal
TXN103850,C1006,M540,1778.95,15,1,UPI,Chennai,POS Terminal
TXN103851,C1029,M537,1451.33,12,27,Debit Card,Ahmedabad,Web
TXN103852,C1466,M518,3627.13,18,29,UPI,Kolkata,POS Terminal
TXN103853,C1304,M513,3131.62,10,10,Debit Card,Pune,iOS
TXN103854,C1472,M520,2702.45,16,25,Credit Card,Delhi,Android
TXN103855,C1143,M514,1498.77,13,22,Credit Card,Ahmedabad,Android
TXN103856,C1110,M502,2433.4,10,15,Net Banking,Mumbai,Android
TXN103857,C1231,M536,2387.36,18,8,Debit Card,Pune,Android
TXN103858,C1178,M545,1930.62,20,9,Credit Card,Bengaluru,Web
TXN103859,C1071,M515,2281.49,23,1,Net Banking,Ahmedabad,POS Terminal
TXN103860,C1209,M513,5274.36,9,21,UPI,Bengaluru,iOS
TXN103861,C1219,M508,3626.72,11,12,Debit Card,Chennai,Android
TXN103862,C1079,M506,3123.81,11,16,Credit Card,Bengaluru,Web
TXN103863,C1499,M513,3651.53,15,7,Credit Card,Delhi,Web
TXN103864,C1082,M505,2508.81,20,12,Net Banking,Bengaluru,iOS
TXN103865,C1041,M514,2690.96,9,12,Net Banking,Delhi,POS Terminal
TXN103866,C1272,M551,1126.93,13,11,Net Banking,Pune,Android
TXN103867,C1190,M571,2275.12,10,16,UPI,Hyderabad,Android
TXN103868,C1172,M533,1848.56,13,8,Credit Card,Kolkata,Web
TXN103869,C1460,M500,1743.51,15,19,Net Banking,Chennai,Web
TXN103870,C1006,M568,965.91,20,8,Credit Card,Chennai,Android
TXN103871,C1154,M519,5636.47,16,5,Debit Card,Mumbai,iOS
TXN103872,C1009,M579,2100.25,7,17,UPI,Bengaluru,Web
TXN103873,C1033,M506,568.15,15,16,Credit Card,Pune,Web
TXN103874,C1035,M506,2138.97,13,4,Debit Card,Hyderabad,POS Terminal
TXN103875,C1408,M549,3051.48,9,18,Credit Card,Ahmedabad,iOS
TXN103876,C1005,M501,890.97,9,12,Debit Card,Pune,iOS
TXN103877,C1407,M546,2093.0,18,21,UPI,Pune,Web
TXN103878,C1401,M513,605.29,11,4,UPI,Mumbai,POS Terminal
TXN103879,C1214,M530,1580.47,19,18,UPI,Delhi,Web
TXN103880,C1133,M549,3368.4,15,7,Credit Card,Bengaluru,Android
TXN103881,C1284,M560,982.4,19,2,Credit Card,Mumbai,Web
TXN103882,C1125,M540,8865.2,18,2,Debit Card,Hyderabad,Web
TXN103883,C1408,M513,4492.87,16,13,UPI,Hyderabad,Web
TXN103884,C1438,M504,1321.09,10,4,UPI,Mumbai,Android
TXN103885,C1336,M574,2209.82,15,5,Debit Card,Ahmedabad,POS Terminal
TXN103886,C1173,M504,3563.99,21,30,Debit Card,Delhi,POS Terminal
TXN103887,C1151,M563,2263.11,13,26,Net Banking,Pune,iOS
TXN103888,C1330,M528,1873.85,18,12,Credit Card,Ahmedabad,iOS
TXN103889,C1025,M574,1830.62,19,11,UPI,Chennai,iOS
TXN103890,C1382,M504,3349.9,13,29,Credit Card,Kolkata,Web
TXN103891,C1114,M535,2692.32,16,3,Debit Card,Kolkata,Web
TXN103892,C1381,M578,1687.46,18,30,UPI,Pune,iOS
TXN103893,C1481,M518,3161.28,19,11,Debit Card,Delhi,Android
TXN103894,C1283,M563,156333.06,2,9,Debit Card,Delhi,Web
TXN103895,C1386,M521,2450.24,11,26,Net Banking,Mumbai,Android
TXN103896,C1074,M533,4011.3,11,22,Net Banking,Hyderabad,Android
TXN103897,C1165,M555,1075.72,23,27,UPI,Hyderabad,Web
TXN103898,C1188,M516,1839.94,17,8,Credit Card,Bengaluru,iOS
TXN103899,C1077,M575,2287.07,14,21,Net Banking,Pune,POS Terminal
TXN103900,C1434,M555,4097.55,9,8,Debit Card,Pune,POS Terminal
TXN103901,C1089,M516,5776.51,16,10,Debit Card,Pune,POS Terminal
TXN103902,C1175,M573,6593.31,14,6,Debit Card,Kolkata,Android
TXN103903,C1020,M517,1774.15,12,23,Credit Card,Pune,iOS
TXN103904,C1053,M544,484.38,16,18,Credit Card,Ahmedabad,Web
TXN103905,C1183,M577,698.26,10,6,Credit Card,Pune,Android
TXN103906,C1358,M555,2941.5,18,21,UPI,Hyderabad,Web
TXN103907,C1221,M579,82262.53,3,12,Credit Card,Delhi,Web
TXN103908,C1314,M549,2572.49,11,16,Debit Card,Chennai,Android
TXN103909,C1327,M557,2013.55,23,24,Debit Card,Delhi,Android
TXN103910,C1178,M517,1254.51,15,21,UPI,Bengaluru,iOS
TXN103911,C1275,M579,2778.11,10,16,Credit Card,Kolkata,Android
TXN103912,C1111,M506,1333.2,15,23,Net Banking,Kolkata,Web
TXN103913,C1223,M575,1927.12,16,4,UPI,Ahmedabad,iOS
TXN103914,C1213,M509,5604.68,16,18,Net Banking,Mumbai,Web
TXN103915,C1058,M568,2911.52,15,29,Debit Card,Hyderabad,iOS
TXN103916,C1326,M502,3088.08,22,27,Credit Card,Hyderabad,Web
TXN103917,C1392,M543,909.18,14,13,UPI,Pune,iOS
TXN103918,C1108,M569,1673.5,10,3,Credit Card,Delhi,Android
TXN103919,C1384,M513,2250.81,13,27,Credit Card,Mumbai,POS Terminal
TXN103920,C1156,M503,3817.61,8,26,Net Banking,Chennai,Web
TXN103921,C1190,M517,1521.9,15,12,Net Banking,Hyderabad,Web
TXN103922,C1199,M551,2368.86,8,20,Debit Card,Delhi,iOS
TXN103923,C1311,M537,1483.8,10,19,Net Banking,Kolkata,Android
TXN103924,C1195,M579,4309.5,15,23,Net Banking,Bengaluru,Android
TXN103925,C1034,M519,1590.93,14,28,Net Banking,Mumbai,iOS
TXN103926,C1378,M543,32527.37,1,5,Debit Card,Bengaluru,Android
TXN103927,C1386,M550,2770.06,10,19,Debit Card,Mumbai,Android
TXN103928,C1245,M518,1736.08,14,19,Net Banking,Pune,iOS
TXN103929,C1236,M567,3430.52,22,25,UPI,Ahmedabad,Web
TXN103930,C1103,M565,5780.31,15,29,Net Banking,Pune,iOS
TXN103931,C1006,M512,1285.61,13,12,UPI,Chennai,POS Terminal
TXN103932,C1282,M561,2884.38,11,28,UPI,Kolkata,iOS
TXN103933,C1000,M560,1736.17,14,25,Net Banking,Ahmedabad,iOS
TXN103934,C1218,M529,1089.36,11,5,Credit Card,Pune,Android
TXN103935,C1463,M529,1837.63,16,2,Credit Card,Mumbai,Web
TXN103936,C1229,M550,2696.43,18,26,Debit Card,Delhi,POS Terminal
TXN103937,C1454,M547,929.88,13,16,Credit Card,Hyderabad,Android
TXN103938,C1171,M532,2795.68,12,21,Credit Card,Mumbai,Android
TXN103939,C1086,M573,8945.69,23,4,Debit Card,Delhi,Android
TXN103940,C1040,M518,3729.65,18,22,UPI,Kolkata,Web
TXN103941,C1122,M570,1922.27,15,15,Debit Card,Pune,iOS
TXN103942,C1330,M556,1845.28,16,10,Credit Card,Ahmedabad,iOS
TXN103943,C1297,M518,3426.6,23,22,Net Banking,Kolkata,POS Terminal
TXN103944,C1372,M578,4912.03,18,6,Debit Card,Kolkata,Web
TXN103945,C1416,M540,21991.72,1,7,Credit Card,Pune,iOS
TXN103946,C1177,M541,7294.08,11,2,Debit Card,Hyderabad,POS Terminal
TXN103947,C1062,M551,1381.26,15,4,Net Banking,Kolkata,Web
TXN103948,C1483,M503,1954.68,11,15,Net Banking,Delhi,POS Terminal
TXN103949,C1164,M503,2513.33,17,13,Net Banking,Mumbai,Android
TXN103950,C1488,M504,2405.97,17,9,Credit Card,Kolkata,iOS
TXN103951,C1186,M540,35226.8,4,5,Credit Card,Ahmedabad,POS Terminal
TXN103952,C1382,M560,3577.71,15,17,Debit Card,Kolkata,Web
TXN103953,C1208,M574,2192.35,11,6,Credit Card,Bengaluru,Web
TXN103954,C1226,M554,7869.86,13,14,Net Banking,Delhi,Web
TXN103955,C1431,M574,3492.88,7,5,Net Banking,Mumbai,Web
TXN103956,C1388,M512,1786.14,12,2,Credit Card,Ahmedabad,iOS
TXN103957,C1047,M513,43433.62,1,14,Net Banking,Chennai,Android
TXN103958,C1223,M559,1995.16,17,19,Net Banking,Ahmedabad,iOS
TXN103959,C1002,M571,3082.74,15,19,Credit Card,Pune,iOS
TXN103960,C1371,M524,2640.45,18,28,Net Banking,Pune,Web
TXN103961,C1174,M543,5962.01,16,23,Net Banking,Chennai,POS Terminal
TXN103962,C1445,M509,2098.09,18,13,Net Banking,Kolkata,Android
TXN103963,C1098,M570,2228.36,16,21,Debit Card,Bengaluru,Web
TXN103964,C1115,M549,42833.53,4,12,UPI,Chennai,iOS
TXN103965,C1269,M543,2920.07,13,28,Net Banking,Hyderabad,Android
TXN103966,C1446,M513,4276.72,16,25,UPI,Delhi,iOS
TXN103967,C1367,M514,4578.86,13,1,Net Banking,Chennai,POS Terminal
TXN103968,C1252,M515,4152.54,13,3,Debit Card,Pune,POS Terminal
TXN103969,C1316,M501,805.17,15,10,Net Banking,Kolkata,POS Terminal
TXN103970,C1414,M529,2838.11,15,8,Debit Card,Kolkata,POS Terminal
TXN103971,C1094,M529,2569.44,23,13,UPI,Delhi,Android
TXN103972,C1272,M530,1204.32,16,19,Debit Card,Pune,POS Terminal
TXN103973,C1379,M576,1010.65,18,3,Credit Card,Bengaluru,Android
TXN103974,C1023,M519,4584.59,14,24,Debit Card,Chennai,Web
TXN103975,C1115,M548,2748.96,23,26,UPI,Delhi,Web
TXN103976,C1150,M534,1466.01,17,3,Credit Card,Mumbai,Web
TXN103977,C1337,M522,409.18,10,27,UPI,Delhi,iOS
TXN103978,C1049,M560,1275.11,21,18,UPI,Delhi,Android
TXN103979,C1205,M554,5400.26,15,3,Credit Card,Bengaluru,Web
TXN103980,C1497,M566,3397.92,19,29,Net Banking,Chennai,Web
TXN103981,C1334,M507,2323.65,11,12,Net Banking,Hyderabad,Web
TXN103982,C1078,M539,3298.44,15,2,UPI,Bengaluru,Web
TXN103983,C1069,M558,844.65,15,30,UPI,Hyderabad,Android
TXN103984,C1026,M531,3103.97,13,8,UPI,Hyderabad,Android
TXN103985,C1270,M506,6099.92,20,28,UPI,Mumbai,iOS
TXN103986,C1049,M501,2251.32,14,21,Debit Card,Delhi,Web
TXN103987,C1291,M505,2683.68,18,14,Net Banking,Delhi,POS Terminal
TXN103988,C1246,M535,2006.87,15,19,UPI,Hyderabad,Android
TXN103989,C1263,M531,3257.85,10,11,Net Banking,Pune,Android
TXN103990,C1078,M544,1709.16,15,16,Debit Card,Bengaluru,iOS
TXN103991,C1386,M541,2870.09,12,14,Net Banking,Mumbai,Web
TXN103992,C1189,M552,4380.13,15,8,UPI,Pune,POS Terminal
TXN103993,C1046,M508,640.36,13,30,UPI,Delhi,iOS
TXN103994,C1460,M574,1683.45,18,24,Debit Card,Delhi,Web
TXN103995,C1360,M574,616.59,11,27,Net Banking,Hyderabad,POS Terminal
TXN103996,C1353,M548,2865.32,11,20,Credit Card,Kolkata,POS Terminal
TXN103997,C1471,M501,8128.46,9,14,Net Banking,Chennai,Android
TXN103998,C1487,M566,1297.36,22,25,Credit Card,Bengaluru,POS Terminal
TXN103999,C1351,M510,2762.02,15,12,Credit Card,Bengaluru,POS Terminal
TXN104000,C1188,M549,1898.88,12,17,UPI,Bengaluru,Android
TXN104001,C1415,M534,1715.51,20,23,Credit Card,Pune,POS Terminal
TXN104002,C1255,M514,494.25,14,12,UPI,Kolkata,Web
TXN104003,C1221,M574,4676.05,16,21,Net Banking,Chennai,Web
TXN104004,C1371,M530,1459.49,15,12,Net Banking,Pune,Android
TXN104005,C1240,M561,36925.98,5,12,Net Banking,Mumbai,Android
TXN104006,C1268,M527,877.39,17,7,UPI,Chennai,Android
TXN104007,C1000,M524,1474.09,11,10,Credit Card,Ahmedabad,iOS
TXN104008,C1033,M524,817.76,21,30,Debit Card,Pune,iOS
TXN104009,C1445,M574,2584.33,15,16,Debit Card,Kolkata,POS Terminal
TXN104010,C1078,M500,2203.35,13,27,Debit Card,Bengaluru,iOS
TXN104011,C1235,M558,3033.52,13,24,Net Banking,Kolkata,iOS
TXN104012,C1333,M568,866.77,7,3,Net Banking,Hyderabad,Web
TXN104013,C1376,M573,934.82,20,30,Net Banking,Ahmedabad,Web
TXN104014,C1348,M541,1378.17,21,3,Debit Card,Mumbai,POS Terminal
TXN104015,C1097,M533,2441.09,6,1,Net Banking,Delhi,Android
TXN104016,C1081,M565,2170.17,16,5,Credit Card,Hyderabad,Web
TXN104017,C1454,M517,1441.1,8,8,Credit Card,Hyderabad,Web
TXN104018,C1476,M576,1568.07,11,17,Net Banking,Kolkata,Web
TXN104019,C1414,M504,2963.02,18,16,Credit Card,Kolkata,iOS
TXN104020,C1191,M519,2833.87,19,16,Credit Card,Chennai,Web
TXN104021,C1252,M565,5510.03,10,18,Debit Card,Pune,Web
TXN104022,C1408,M574,2663.3,15,18,Net Banking,Ahmedabad,Android
TXN104023,C1037,M561,2228.73,17,14,UPI,Chennai,iOS
TXN104024,C1013,M531,2621.26,8,12,Credit Card,Bengaluru,Android
TXN104025,C1391,M557,2654.86,21,10,Credit Card,Bengaluru,Android
TXN104026,C1346,M549,1824.91,14,2,Net Banking,Hyderabad,iOS
TXN104027,C1309,M537,6974.89,21,21,Debit Card,Mumbai,iOS
TXN104028,C1385,M554,3554.25,11,26,Debit Card,Chennai,iOS
TXN104029,C1208,M527,1681.67,13,23,Credit Card,Bengaluru,Android
TXN104030,C1356,M573,1079.03,13,28,UPI,Mumbai,POS Terminal
TXN104031,C1461,M521,1734.36,12,3,Net Banking,Bengaluru,Android
TXN104032,C1088,M542,1888.83,15,1,Net Banking,Hyderabad,iOS
TXN104033,C1055,M535,3360.61,15,9,Credit Card,Ahmedabad,Android
TXN104034,C1093,M551,1627.06,12,25,Debit Card,Chennai,POS Terminal
TXN104035,C1092,M535,4669.16,6,4,Debit Card,Kolkata,POS Terminal
TXN104036,C1339,M527,3932.57,13,21,Debit Card,Hyderabad,POS Terminal
TXN104037,C1084,M577,3496.53,9,16,Debit Card,Mumbai,Web
TXN104038,C1444,M557,3043.07,15,4,Debit Card,Ahmedabad,Android
TXN104039,C1244,M535,2804.96,8,24,Net Banking,Mumbai,iOS
TXN104040,C1021,M569,5812.48,17,17,Debit Card,Kolkata,Android
TXN104041,C1290,M508,1954.32,17,15,Credit Card,Chennai,POS Terminal
TXN104042,C1484,M520,2246.58,17,4,UPI,Chennai,POS Terminal
TXN104043,C1271,M563,2450.63,17,4,UPI,Ahmedabad,POS Terminal
TXN104044,C1305,M575,2812.36,11,12,Debit Card,Hyderabad,Android
TXN104045,C1121,M560,3577.17,20,3,Net Banking,Mumbai,iOS
TXN104046,C1127,M539,4516.68,16,20,Credit Card,Pune,Web
TXN104047,C1112,M555,2634.32,11,23,Credit Card,Hyderabad,POS Terminal
TXN104048,C1426,M503,1477.91,14,5,Debit Card,Mumbai,iOS
TXN104049,C1272,M530,1348.55,10,19,Debit Card,Pune,POS Terminal
TXN104050,C1335,M526,31549.71,5,30,Debit Card,Mumbai,POS Terminal
TXN104051,C1441,M557,844.56,19,6,Credit Card,Chennai,Android
TXN104052,C1129,M524,1759.96,13,28,Net Banking,Ahmedabad,Web
TXN104053,C1131,M568,2305.85,21,26,Credit Card,Bengaluru,POS Terminal
TXN104054,C1084,M569,86230.17,1,9,UPI,Hyderabad,Web
TXN104055,C1422,M504,1047.24,16,3,UPI,Pune,POS Terminal
TXN104056,C1481,M507,2242.24,17,2,UPI,Delhi,Android
TXN104057,C1349,M508,2878.37,11,25,UPI,Hyderabad,POS Terminal
TXN104058,C1389,M514,1095.76,14,21,UPI,Kolkata,iOS
TXN104059,C1080,M506,1637.74,10,10,Net Banking,Pune,Web
TXN104060,C1486,M571,4272.06,15,5,Debit Card,Bengaluru,iOS
TXN104061,C1472,M514,2613.29,17,29,Net Banking,Delhi,Android
TXN104062,C1324,M536,1217.97,13,7,Net Banking,Mumbai,iOS
TXN104063,C1068,M538,2461.61,15,15,Credit Card,Bengaluru,iOS
TXN104064,C1147,M505,1042.65,17,2,Net Banking,Kolkata,iOS
TXN104065,C1447,M556,4574.1,16,10,UPI,Delhi,Web
TXN104066,C1015,M518,2114.22,16,11,Debit Card,Chennai,Android
TXN104067,C1306,M562,870.28,16,21,Net Banking,Bengaluru,POS Terminal
TXN104068,C1104,M530,2792.03,14,24,Net Banking,Delhi,Web
TXN104069,C1164,M574,1931.41,19,8,Net Banking,Mumbai,Web
TXN104070,C1487,M578,1683.09,14,26,Credit Card,Bengaluru,Android
TXN104071,C1200,M509,4593.98,10,23,UPI,Kolkata,Web
TXN104072,C1196,M566,2942.88,17,21,Debit Card,Pune,POS Terminal
TXN104073,C1425,M561,2576.36,14,12,UPI,Bengaluru,Web
TXN104074,C1184,M502,4054.65,9,4,UPI,Bengaluru,iOS
TXN104075,C1321,M517,868.32,10,28,Credit Card,Bengaluru,Web
TXN104076,C1264,M524,1837.92,11,29,Debit Card,Pune,Android
TXN104077,C1362,M519,4109.53,15,13,Credit Card,Pune,Android
TXN104078,C1099,M557,2552.09,19,18,Net Banking,Kolkata,Web
TXN104079,C1341,M549,1590.45,11,18,UPI,Ahmedabad,Web
TXN104080,C1319,M578,2296.69,14,27,UPI,Chennai,iOS
TXN104081,C1213,M509,5225.99,17,3,Net Banking,Mumbai,Web
TXN104082,C1277,M520,1193.6,15,3,UPI,Bengaluru,POS Terminal
TXN104083,C1161,M528,4208.25,6,7,Credit Card,Pune,iOS
TXN104084,C1438,M509,1675.74,20,22,UPI,Mumbai,POS Terminal
TXN104085,C1156,M512,3036.04,13,17,Net Banking,Chennai,iOS
TXN104086,C1421,M546,1824.62,17,28,Debit Card,Pune,POS Terminal
TXN104087,C1250,M522,2411.55,16,29,UPI,Kolkata,POS Terminal
TXN104088,C1365,M549,2043.28,10,6,Credit Card,Bengaluru,POS Terminal
TXN104089,C1096,M503,2087.33,14,16,UPI,Chennai,POS Terminal
TXN104090,C1017,M566,1531.24,6,28,Net Banking,Hyderabad,Web
TXN104091,C1326,M552,3828.77,20,5,Net Banking,Hyderabad,Web
TXN104092,C1448,M501,1753.81,13,22,Debit Card,Delhi,Android
TXN104093,C1382,M567,3325.78,20,24,Debit Card,Kolkata,Web
TXN104094,C1096,M564,2320.92,21,17,Credit Card,Bengaluru,Android
TXN104095,C1000,M578,1121.66,16,29,UPI,Ahmedabad,POS Terminal
TXN104096,C1215,M556,3257.0,6,11,Credit Card,Delhi,iOS
TXN104097,C1131,M569,1747.41,11,22,Net Banking,Bengaluru,iOS
TXN104098,C1259,M506,2699.07,16,12,Debit Card,Bengaluru,Web
TXN104099,C1124,M518,4872.87,13,12,Credit Card,Mumbai,POS Terminal
TXN104100,C1081,M543,1449.37,9,4,UPI,Hyderabad,Android
TXN104101,C1282,M562,3608.96,12,9,Net Banking,Kolkata,Android
TXN104102,C1170,M564,65855.5,3,14,UPI,Chennai,Android
TXN104103,C1058,M538,2867.86,16,12,Debit Card,Hyderabad,iOS
TXN104104,C1031,M525,1070.87,13,10,Debit Card,Delhi,Android
TXN104105,C1160,M543,2689.0,12,8,Debit Card,Chennai,iOS
TXN104106,C1283,M511,4137.27,11,23,Debit Card,Hyderabad,POS Terminal
TXN104107,C1105,M521,2117.48,15,3,Debit Card,Delhi,iOS
TXN104108,C1104,M576,34352.4,2,27,Net Banking,Chennai,POS Terminal
TXN104109,C1438,M513,1443.12,13,13,UPI,Mumbai,Web
TXN104110,C1227,M529,4360.59,17,16,UPI,Bengaluru,Web
TXN104111,C1187,M543,3255.74,23,25,UPI,Hyderabad,iOS
TXN104112,C1069,M537,17799.47,5,13,Credit Card,Chennai,Web
TXN104113,C1317,M558,1625.85,11,13,Credit Card,Mumbai,Web
TXN104114,C1463,M541,1965.68,15,19,Debit Card,Mumbai,POS Terminal
TXN104115,C1289,M551,3088.01,10,22,Net Banking,Pune,POS Terminal
TXN104116,C1086,M562,5498.91,16,30,Net Banking,Delhi,iOS
TXN104117,C1369,M560,436.48,9,18,UPI,Bengaluru,iOS
TXN104118,C1361,M533,4147.86,9,8,Debit Card,Ahmedabad,Android
TXN104119,C1471,M538,9847.39,21,1,Net Banking,Chennai,Android
TXN104120,C1055,M540,3479.66,22,17,UPI,Ahmedabad,Web
TXN104121,C1112,M536,2977.28,11,24,UPI,Hyderabad,Web
TXN104122,C1012,M564,2145.71,6,9,UPI,Ahmedabad,POS Terminal
TXN104123,C1439,M578,1694.04,12,10,UPI,Ahmedabad,iOS
TXN104124,C1017,M531,1609.43,11,9,UPI,Pune,Android
TXN104125,C1181,M507,3108.34,20,12,Net Banking,Ahmedabad,Android
TXN104126,C1460,M517,2042.82,16,24,UPI,Chennai,iOS
TXN104127,C1112,M544,2430.59,7,10,Net Banking,Hyderabad,iOS
TXN104128,C1228,M532,763.51,12,29,Net Banking,Delhi,iOS
TXN104129,C1170,M504,3036.79,18,8,UPI,Mumbai,Android
TXN104130,C1294,M573,1349.03,17,4,Credit Card,Ahmedabad,POS Terminal
TXN104131,C1188,M535,1444.54,12,24,Credit Card,Bengaluru,iOS
TXN104132,C1425,M522,3108.96,13,14,Debit Card,Bengaluru,Web
TXN104133,C1464,M539,3124.36,11,29,UPI,Ahmedabad,Android
TXN104134,C1078,M504,2437.82,14,7,Debit Card,Kolkata,POS Terminal
TXN104135,C1145,M533,3204.26,11,25,Credit Card,Hyderabad,iOS
TXN104136,C1406,M523,1621.28,14,10,UPI,Mumbai,Web
TXN104137,C1181,M516,3400.88,17,30,Credit Card,Ahmedabad,Android
TXN104138,C1498,M570,41979.68,1,24,Net Banking,Delhi,iOS
TXN104139,C1285,M521,3167.15,18,28,Net Banking,Mumbai,Web
TXN104140,C1249,M514,2505.06,17,10,Credit Card,Hyderabad,iOS
TXN104141,C1353,M514,2825.74,19,15,Debit Card,Kolkata,Web
TXN104142,C1313,M524,3155.53,13,15,UPI,Mumbai,POS Terminal
TXN104143,C1195,M552,4383.47,16,2,Debit Card,Kolkata,Android
TXN104144,C1322,M520,358.56,14,24,UPI,Ahmedabad,POS Terminal
TXN104145,C1070,M565,3126.14,16,30,UPI,Ahmedabad,Android
TXN104146,C1247,M531,1419.81,15,16,UPI,Hyderabad,Android
TXN104147,C1145,M520,2226.36,14,24,Credit Card,Hyderabad,iOS
TXN104148,C1105,M567,1975.53,13,10,Credit Card,Delhi,POS Terminal
TXN104149,C1262,M543,3412.59,17,29,Debit Card,Bengaluru,Android
TXN104150,C1295,M565,1486.23,15,26,Debit Card,Pune,Web
TXN104151,C1069,M513,793.03,14,25,Debit Card,Hyderabad,iOS
TXN104152,C1469,M514,2955.82,11,15,Credit Card,Hyderabad,Web
TXN104153,C1192,M519,3639.34,14,28,Credit Card,Kolkata,Web
TXN104154,C1067,M533,647.82,10,19,Net Banking,Ahmedabad,Web
TXN104155,C1493,M535,3229.85,13,24,UPI,Mumbai,iOS
TXN104156,C1304,M508,2064.29,10,24,UPI,Pune,POS Terminal
TXN104157,C1051,M570,249.22,19,10,Net Banking,Bengaluru,Web
TXN104158,C1369,M529,402.93,21,20,Debit Card,Bengaluru,Web
TXN104159,C1362,M576,3600.83,23,15,UPI,Pune,Android
TXN104160,C1284,M562,22928.81,4,21,Net Banking,Ahmedabad,iOS
TXN104161,C1404,M534,3103.84,14,29,UPI,Bengaluru,POS Terminal
TXN104162,C1473,M512,751.43,16,2,Credit Card,Bengaluru,Android
TXN104163,C1333,M578,737.05,13,14,Credit Card,Ahmedabad,POS Terminal
TXN104164,C1008,M545,851.3,19,15,Credit Card,Kolkata,Web
TXN104165,C1250,M555,2037.09,14,22,Debit Card,Bengaluru,Web
TXN104166,C1430,M508,1283.94,14,10,Credit Card,Chennai,iOS
TXN104167,C1331,M535,991.55,12,30,Debit Card,Chennai,Web
TXN104168,C1297,M502,3214.57,13,9,UPI,Kolkata,iOS
TXN104169,C1434,M518,2904.75,14,19,UPI,Pune,Web
TXN104170,C1183,M527,911.99,10,6,UPI,Pune,Web
TXN104171,C1178,M522,1896.42,14,8,UPI,Bengaluru,Android
TXN104172,C1197,M506,981.87,10,2,Credit Card,Pune,Web
TXN104173,C1127,M575,2507.33,21,26,UPI,Pune,POS Terminal
TXN104174,C1019,M513,1794.17,9,1,Credit Card,Hyderabad,POS Terminal
TXN104175,C1471,M545,8279.84,15,13,UPI,Chennai,Android
TXN104176,C1410,M514,1780.16,17,6,UPI,Chennai,Android
TXN104177,C1421,M566,1590.9,12,3,Credit Card,Pune,Web
TXN104178,C1327,M514,1811.49,11,29,Debit Card,Delhi,Android
TXN104179,C1064,M550,1786.05,15,2,Credit Card,Mumbai,iOS
TXN104180,C1181,M507,4049.33,8,27,Debit Card,Ahmedabad,Android
TXN104181,C1240,M568,2668.08,23,10,Net Banking,Hyderabad,POS Terminal
TXN104182,C1368,M561,3477.83,13,8,Credit Card,Delhi,iOS
TXN104183,C1023,M550,5494.98,6,9,Debit Card,Chennai,POS Terminal
TXN104184,C1383,M562,1031.26,8,7,Net Banking,Ahmedabad,Android
TXN104185,C1430,M567,814.11,12,25,Debit Card,Chennai,Android
TXN104186,C1454,M577,2127.42,11,29,Credit Card,Hyderabad,Android
TXN104187,C1082,M515,2684.93,23,28,Net Banking,Bengaluru,Web
TXN104188,C1469,M523,1507.67,8,13,Debit Card,Pune,POS Terminal
TXN104189,C1318,M505,2255.94,17,7,Credit Card,Pune,Web
TXN104190,C1184,M556,4373.7,9,19,Debit Card,Bengaluru,Web
TXN104191,C1438,M530,1198.31,22,1,UPI,Ahmedabad,Web
TXN104192,C1315,M505,44682.83,5,13,UPI,Hyderabad,POS Terminal
TXN104193,C1098,M578,1840.94,9,17,UPI,Bengaluru,iOS
TXN104194,C1061,M528,39542.29,5,12,Net Banking,Bengaluru,Android
TXN104195,C1285,M566,3004.28,17,21,Net Banking,Mumbai,Web
TXN104196,C1476,M574,2048.74,16,25,Credit Card,Chennai,POS Terminal
TXN104197,C1021,M502,4911.69,18,26,Net Banking,Kolkata,POS Terminal
TXN104198,C1458,M527,913.27,18,14,Debit Card,Pune,Android
TXN104199,C1211,M573,2573.53,8,16,Net Banking,Kolkata,Web
TXN104200,C1125,M547,5934.84,14,12,Net Banking,Hyderabad,iOS
TXN104201,C1412,M579,5619.87,14,22,Net Banking,Mumbai,Android
TXN104202,C1498,M509,1185.4,15,16,UPI,Kolkata,iOS
TXN104203,C1424,M532,664.71,16,2,Credit Card,Delhi,Web
TXN104204,C1041,M566,2943.62,16,22,Net Banking,Delhi,Android
TXN104205,C1097,M568,1682.62,19,27,Credit Card,Delhi,Web
TXN104206,C1448,M511,2664.6,8,20,Debit Card,Delhi,Web
TXN104207,C1030,M556,3221.06,16,25,Credit Card,Delhi,POS Terminal
TXN104208,C1157,M543,3997.6,11,26,Credit Card,Hyderabad,iOS
TXN104209,C1111,M512,1358.52,11,19,Net Banking,Kolkata,iOS
TXN104210,C1401,M523,482.76,12,7,Debit Card,Mumbai,Android
TXN104211,C1246,M543,2560.5,15,26,UPI,Hyderabad,Web
TXN104212,C1121,M556,3017.86,14,12,Debit Card,Mumbai,Android
TXN104213,C1272,M515,1545.3,14,14,UPI,Pune,Android
TXN104214,C1293,M520,1789.34,8,24,UPI,Pune,Web
TXN104215,C1397,M575,4116.64,14,18,UPI,Bengaluru,iOS
TXN104216,C1470,M550,2127.7,14,26,UPI,Pune,Android
TXN104217,C1472,M520,2604.26,12,7,Credit Card,Delhi,Android
TXN104218,C1206,M559,494.42,7,5,UPI,Kolkata,Android
TXN104219,C1109,M550,2278.64,23,1,Credit Card,Bengaluru,Web
TXN104220,C1439,M520,1625.77,15,7,Debit Card,Ahmedabad,Android
TXN104221,C1277,M505,1011.45,17,16,UPI,Bengaluru,iOS
TXN104222,C1450,M572,5087.67,21,26,Net Banking,Chennai,POS Terminal
TXN104223,C1055,M564,4653.68,21,24,UPI,Ahmedabad,iOS
TXN104224,C1374,M575,5192.98,15,29,UPI,Delhi,Web
TXN104225,C1402,M557,2011.42,21,16,UPI,Kolkata,POS Terminal
TXN104226,C1056,M577,2714.98,16,30,UPI,Pune,Web
TXN104227,C1427,M505,3019.58,15,17,Net Banking,Pune,Web
TXN104228,C1481,M564,2672.49,17,4,Debit Card,Delhi,POS Terminal
TXN104229,C1290,M533,2072.85,11,16,UPI,Chennai,Web
TXN104230,C1113,M555,5603.0,19,4,Net Banking,Delhi,iOS
TXN104231,C1380,M574,1329.37,17,5,Net Banking,Pune,POS Terminal
TXN104232,C1384,M502,1554.72,15,5,Debit Card,Mumbai,Web
TXN104233,C1307,M541,6991.44,23,20,Debit Card,Bengaluru,Android
TXN104234,C1340,M561,1853.47,17,11,Debit Card,Delhi,iOS
TXN104235,C1476,M505,1582.74,12,14,Net Banking,Chennai,POS Terminal
TXN104236,C1197,M505,1019.75,21,17,Credit Card,Pune,POS Terminal
TXN104237,C1420,M562,3103.51,14,9,Credit Card,Pune,Web
TXN104238,C1320,M519,915.23,13,21,Net Banking,Chennai,POS Terminal
TXN104239,C1178,M520,2031.52,21,30,UPI,Bengaluru,POS Terminal
TXN104240,C1384,M501,1550.78,16,17,Net Banking,Mumbai,Web
TXN104241,C1218,M555,916.96,13,19,Net Banking,Pune,Android
TXN104242,C1276,M509,1680.49,14,1,Debit Card,Mumbai,iOS
TXN104243,C1436,M569,4866.85,14,13,Debit Card,Chennai,iOS
TXN104244,C1015,M522,3125.37,12,23,UPI,Chennai,POS Terminal
TXN104245,C1491,M529,6564.81,11,26,Net Banking,Mumbai,POS Terminal
TXN104246,C1378,M577,1159.92,21,10,UPI,Delhi,POS Terminal
TXN104247,C1060,M536,2077.02,23,29,Debit Card,Ahmedabad,Android
TXN104248,C1053,M554,801.52,16,10,Net Banking,Ahmedabad,Android
TXN104249,C1167,M548,3351.16,17,7,Net Banking,Pune,Web
TXN104250,C1025,M533,3169.75,18,6,Credit Card,Chennai,Android
TXN104251,C1335,M543,2092.46,18,25,Debit Card,Pune,Android
TXN104252,C1475,M521,4942.03,17,7,UPI,Kolkata,Android
TXN104253,C1064,M530,2076.64,14,5,Net Banking,Mumbai,iOS
TXN104254,C1099,M506,2210.86,9,7,Debit Card,Kolkata,POS Terminal
TXN104255,C1073,M520,1371.16,15,15,UPI,Bengaluru,iOS
TXN104256,C1191,M515,2843.83,18,29,Credit Card,Pune,Android
TXN104257,C1170,M519,2990.47,11,29,Debit Card,Hyderabad,POS Terminal
TXN104258,C1272,M542,2007.4,13,10,UPI,Pune,Android
TXN104259,C1376,M543,1297.33,18,20,Net Banking,Ahmedabad,POS Terminal
TXN104260,C1186,M546,860.27,9,26,Debit Card,Mumbai,iOS
TXN104261,C1022,M518,2276.31,16,13,Credit Card,Mumbai,Android
TXN104262,C1390,M547,3721.99,11,9,Debit Card,Mumbai,Android
TXN104263,C1427,M578,3167.11,12,6,UPI,Pune,iOS
TXN104264,C1180,M568,1338.27,14,20,UPI,Kolkata,Android
TXN104265,C1326,M510,2738.46,11,21,Debit Card,Hyderabad,POS Terminal
TXN104266,C1107,M578,3112.53,15,24,Debit Card,Chennai,Android
TXN104267,C1334,M528,3091.5,13,7,UPI,Hyderabad,iOS
TXN104268,C1161,M544,5293.8,13,6,Net Banking,Pune,Web
TXN104269,C1301,M567,872.21,10,16,UPI,Pune,Android
TXN104270,C1492,M535,1631.23,14,2,Debit Card,Chennai,Android
TXN104271,C1451,M547,1108.77,10,15,Net Banking,Bengaluru,Android
TXN104272,C1205,M514,4400.16,16,3,Credit Card,Bengaluru,Web
TXN104273,C1077,M543,2386.96,14,13,UPI,Pune,POS Terminal
TXN104274,C1015,M566,2883.0,11,17,Credit Card,Chennai,iOS
TXN104275,C1326,M573,2740.59,14,19,Net Banking,Hyderabad,POS Terminal
TXN104276,C1095,M539,2794.72,22,11,Credit Card,Pune,POS Terminal
TXN104277,C1146,M513,982.08,8,2,Credit Card,Mumbai,iOS
TXN104278,C1001,M562,3325.94,12,10,Net Banking,Pune,iOS
TXN104279,C1009,M550,1669.87,17,30,Net Banking,Bengaluru,POS Terminal
TXN104280,C1433,M578,44215.08,1,12,UPI,Hyderabad,iOS
TXN104281,C1124,M557,4309.36,16,13,Credit Card,Mumbai,Android
TXN104282,C1080,M514,2064.91,9,6,Debit Card,Pune,POS Terminal
TXN104283,C1484,M564,1963.08,13,4,Debit Card,Chennai,POS Terminal
TXN104284,C1139,M554,1193.52,10,12,Net Banking,Mumbai,Web
TXN104285,C1325,M575,3276.46,16,27,Debit Card,Bengaluru,Web
TXN104286,C1149,M509,3907.02,21,26,UPI,Delhi,POS Terminal
TXN104287,C1287,M541,2734.3,14,15,Net Banking,Mumbai,iOS
TXN104288,C1360,M510,1337.54,16,19,Net Banking,Hyderabad,iOS
TXN104289,C1339,M515,3948.09,8,8,Credit Card,Hyderabad,Android
TXN104290,C1128,M572,1402.82,12,5,Net Banking,Mumbai,POS Terminal
TXN104291,C1437,M577,3483.91,9,4,Debit Card,Mumbai,POS Terminal
TXN104292,C1238,M518,3028.37,13,28,Net Banking,Mumbai,iOS
TXN104293,C1057,M530,3842.85,11,13,Credit Card,Pune,POS Terminal
TXN104294,C1197,M572,934.51,20,6,UPI,Hyderabad,iOS
TXN104295,C1210,M552,4298.52,15,20,Debit Card,Delhi,POS Terminal
TXN104296,C1401,M507,812.58,15,16,Net Banking,Mumbai,iOS
TXN104297,C1389,M523,1965.79,13,10,UPI,Kolkata,iOS
TXN104298,C1044,M507,2651.38,16,26,Credit Card,Pune,Web
TXN104299,C1096,M547,2423.9,17,28,Credit Card,Bengaluru,iOS
TXN104300,C1278,M529,2423.53,13,5,UPI,Pune,iOS
TXN104301,C1022,M557,3241.16,16,15,Credit Card,Mumbai,Android
TXN104302,C1409,M554,2316.12,19,11,Credit Card,Kolkata,iOS
TXN104303,C1460,M572,1862.62,8,20,Credit Card,Chennai,iOS
TXN104304,C1390,M561,2770.2,10,9,Credit Card,Mumbai,Android
TXN104305,C1334,M547,3207.43,18,18,Net Banking,Hyderabad,POS Terminal
TXN104306,C1043,M503,3022.54,17,1,UPI,Chennai,Android
TXN104307,C1026,M536,2543.24,21,23,UPI,Hyderabad,iOS
TXN104308,C1281,M507,541.22,12,9,Credit Card,Mumbai,POS Terminal
TXN104309,C1096,M500,1945.1,13,9,Credit Card,Bengaluru,POS Terminal
TXN104310,C1462,M569,3887.45,21,15,UPI,Mumbai,Android
TXN104311,C1035,M546,2487.48,9,4,Net Banking,Pune,Android
TXN104312,C1108,M574,1617.33,18,4,Debit Card,Delhi,iOS
TXN104313,C1054,M504,310.26,13,1,Net Banking,Mumbai,Web
TXN104314,C1191,M549,2941.82,17,28,Net Banking,Pune,POS Terminal
TXN104315,C1218,M523,1133.92,18,1,Debit Card,Pune,Android
TXN104316,C1184,M546,5497.12,15,1,Credit Card,Bengaluru,iOS
TXN104317,C1068,M517,1110.39,16,22,Net Banking,Bengaluru,Android
TXN104318,C1316,M527,650.38,15,27,Credit Card,Kolkata,Web
TXN104319,C1129,M576,2767.68,16,6,Debit Card,Ahmedabad,Web
TXN104320,C1054,M504,209.96,20,11,Net Banking,Mumbai,iOS
TXN104321,C1377,M529,3474.18,14,16,Debit Card,Chennai,Web
TXN104322,C1096,M500,2600.09,13,27,UPI,Chennai,POS Terminal
TXN104323,C1335,M545,1569.59,13,5,Credit Card,Pune,iOS
TXN104324,C1086,M568,8492.66,21,10,Net Banking,Delhi,iOS
TXN104325,C1293,M530,2175.78,20,28,UPI,Pune,POS Terminal
TXN104326,C1118,M569,2195.74,12,16,Net Banking,Pune,Android
TXN104327,C1207,M555,2811.79,11,11,Credit Card,Pune,iOS
TXN104328,C1333,M527,990.23,16,26,Credit Card,Ahmedabad,Android
TXN104329,C1412,M515,5656.26,17,18,UPI,Chennai,POS Terminal
TXN104330,C1153,M553,983.5,13,22,Credit Card,Chennai,POS Terminal
TXN104331,C1034,M552,1722.96,9,28,Debit Card,Kolkata,Android
TXN104332,C1078,M511,3512.11,18,14,Debit Card,Bengaluru,Android
TXN104333,C1066,M519,1775.16,15,13,UPI,Ahmedabad,Android
TXN104334,C1342,M533,2680.24,11,1,Debit Card,Delhi,iOS
TXN104335,C1412,M552,7993.94,14,3,Credit Card,Mumbai,Web
TXN104336,C1033,M563,824.38,15,15,UPI,Pune,iOS
TXN104337,C1096,M522,2361.37,19,29,Net Banking,Bengaluru,Web
TXN104338,C1168,M526,2984.61,8,12,Debit Card,Mumbai,iOS
TXN104339,C1168,M516,2786.34,20,5,UPI,Chennai,Android
TXN104340,C1150,M547,1411.09,10,16,UPI,Chennai,Android
TXN104341,C1070,M520,3702.95,15,14,Credit Card,Ahmedabad,iOS
TXN104342,C1002,M549,1970.09,19,10,Credit Card,Kolkata,POS Terminal
TXN104343,C1313,M539,2943.87,17,5,UPI,Mumbai,Web
TXN104344,C1031,M502,1035.13,13,27,Debit Card,Delhi,iOS
TXN104345,C1286,M516,3002.25,17,7,Debit Card,Ahmedabad,iOS
TXN104346,C1081,M560,2156.09,16,21,UPI,Hyderabad,Web
TXN104347,C1042,M549,4647.47,8,16,UPI,Delhi,Android
TXN104348,C1390,M505,2582.08,14,29,Net Banking,Mumbai,Android
TXN104349,C1104,M527,1470.87,23,26,Net Banking,Delhi,Android
TXN104350,C1000,M571,2078.61,17,15,Debit Card,Ahmedabad,POS Terminal
TXN104351,C1060,M554,2173.29,7,6,Credit Card,Ahmedabad,Web
TXN104352,C1269,M557,1915.57,19,29,Net Banking,Hyderabad,Android
TXN104353,C1179,M544,6511.75,20,7,UPI,Delhi,POS Terminal
TXN104354,C1223,M571,2038.93,15,18,Net Banking,Ahmedabad,Android
TXN104355,C1005,M518,535.71,13,19,Credit Card,Pune,POS Terminal
TXN104356,C1102,M528,5647.92,15,19,Credit Card,Ahmedabad,POS Terminal
TXN104357,C1009,M522,2618.04,9,17,Credit Card,Bengaluru,Android
TXN104358,C1070,M531,4674.51,22,14,UPI,Ahmedabad,POS Terminal
TXN104359,C1089,M509,3801.9,14,9,Debit Card,Pune,Web
TXN104360,C1225,M548,1886.36,20,16,Credit Card,Mumbai,Web
TXN104361,C1157,M564,3414.27,9,10,Credit Card,Hyderabad,Android
TXN104362,C1227,M528,4341.21,15,25,Debit Card,Bengaluru,iOS
TXN104363,C1404,M558,2711.28,20,9,Debit Card,Bengaluru,POS Terminal
TXN104364,C1125,M544,6715.58,10,12,Credit Card,Hyderabad,iOS
TXN104365,C1443,M566,6142.89,12,9,Credit Card,Kolkata,Android
TXN104366,C1208,M550,1095.74,13,16,UPI,Bengaluru,Web
TXN104367,C1096,M510,2065.32,15,30,UPI,Bengaluru,Android
TXN104368,C1073,M505,1577.01,22,16,Debit Card,Bengaluru,Android
TXN104369,C1114,M566,3038.58,16,24,Credit Card,Pune,POS Terminal
TXN104370,C1190,M561,1459.28,18,21,Debit Card,Hyderabad,POS Terminal
TXN104371,C1494,M504,1187.5,17,27,Debit Card,Ahmedabad,iOS
TXN104372,C1169,M508,3212.31,12,25,Net Banking,Bengaluru,iOS
TXN104373,C1306,M527,797.08,16,23,UPI,Bengaluru,Android
TXN104374,C1447,M576,2936.06,16,2,Net Banking,Delhi,POS Terminal
TXN104375,C1203,M537,2158.72,17,7,Net Banking,Delhi,Android
TXN104376,C1055,M542,4531.88,18,20,Debit Card,Ahmedabad,POS Terminal
TXN104377,C1207,M520,2806.43,23,7,UPI,Pune,Web
TXN104378,C1040,M561,5453.34,13,7,Net Banking,Kolkata,POS Terminal
TXN104379,C1031,M545,1466.42,11,28,UPI,Pune,iOS
TXN104380,C1014,M569,1726.88,23,19,Net Banking,Pune,Android
TXN104381,C1061,M537,3317.95,18,3,Net Banking,Ahmedabad,POS Terminal
TXN104382,C1154,M548,6467.01,14,26,Debit Card,Mumbai,iOS
TXN104383,C1283,M574,8091.65,18,10,UPI,Hyderabad,iOS
TXN104384,C1208,M538,1667.0,14,6,Net Banking,Bengaluru,Android
TXN104385,C1319,M570,3678.22,10,30,Credit Card,Chennai,iOS
TXN104386,C1493,M529,2251.32,12,2,Credit Card,Mumbai,Android
TXN104387,C1186,M520,1358.01,20,28,UPI,Mumbai,Android
TXN104388,C1497,M500,3685.0,14,24,Credit Card,Chennai,POS Terminal
TXN104389,C1441,M531,1681.63,6,24,Debit Card,Delhi,Web
TXN104390,C1129,M507,2219.68,20,20,UPI,Kolkata,POS Terminal
TXN104391,C1126,M568,1513.27,12,18,Credit Card,Delhi,iOS
TXN104392,C1291,M529,2592.95,21,9,UPI,Pune,Web
TXN104393,C1113,M507,5956.01,16,15,Debit Card,Delhi,iOS
TXN104394,C1198,M518,19828.23,4,14,UPI,Hyderabad,Web
TXN104395,C1012,M558,1679.2,14,9,Credit Card,Ahmedabad,Android
TXN104396,C1270,M554,8225.13,9,2,Debit Card,Hyderabad,iOS
TXN104397,C1088,M529,2511.7,16,10,Debit Card,Hyderabad,Web
TXN104398,C1214,M578,2247.53,13,4,Debit Card,Delhi,POS Terminal
TXN104399,C1443,M535,3866.08,13,1,Debit Card,Kolkata,Android
TXN104400,C1277,M554,907.04,19,22,Net Banking,Bengaluru,Android
TXN104401,C1446,M543,4471.15,19,11,Debit Card,Delhi,iOS
TXN104402,C1473,M526,796.68,12,16,Debit Card,Bengaluru,iOS
TXN104403,C1480,M576,2256.5,18,11,Net Banking,Chennai,Web
TXN104404,C1202,M577,4169.45,17,13,Debit Card,Kolkata,Android
TXN104405,C1073,M553,1616.0,18,14,Credit Card,Chennai,Android
TXN104406,C1024,M547,3557.13,13,27,UPI,Ahmedabad,iOS
TXN104407,C1100,M529,2818.31,17,1,UPI,Mumbai,Android
TXN104408,C1175,M538,6417.25,6,28,UPI,Kolkata,POS Terminal
TXN104409,C1426,M512,1761.41,20,23,Debit Card,Mumbai,Web
TXN104410,C1116,M515,2159.2,9,25,Net Banking,Ahmedabad,Android
TXN104411,C1165,M543,871.01,6,9,UPI,Hyderabad,Android
TXN104412,C1040,M570,3779.27,18,27,Net Banking,Kolkata,Android
TXN104413,C1428,M526,3072.91,13,18,UPI,Chennai,Web
TXN104414,C1343,M544,966.9,19,29,UPI,Hyderabad,iOS
TXN104415,C1423,M534,2941.63,8,11,Debit Card,Delhi,POS Terminal
TXN104416,C1365,M578,1711.8,16,24,Debit Card,Bengaluru,iOS
TXN104417,C1119,M527,4742.89,21,27,Net Banking,Ahmedabad,Android
TXN104418,C1096,M506,1952.06,11,3,UPI,Bengaluru,POS Terminal
TXN104419,C1144,M561,3654.61,14,21,Credit Card,Pune,Android
TXN104420,C1215,M550,3241.98,18,4,Credit Card,Delhi,Web
TXN104421,C1228,M545,701.76,12,22,UPI,Delhi,Web
TXN104422,C1312,M519,1138.03,10,11,UPI,Mumbai,Web
TXN104423,C1129,M537,2369.65,17,28,Credit Card,Ahmedabad,Android
TXN104424,C1351,M560,2158.28,10,28,UPI,Bengaluru,iOS
TXN104425,C1376,M531,947.78,12,7,Net Banking,Ahmedabad,iOS
TXN104426,C1317,M525,1084.76,11,9,UPI,Mumbai,Android
TXN104427,C1471,M557,133502.57,5,26,Debit Card,Hyderabad,Android
TXN104428,C1136,M538,2268.89,17,5,Debit Card,Delhi,POS Terminal
TXN104429,C1323,M519,1715.12,20,2,Credit Card,Kolkata,Web
TXN104430,C1336,M549,3476.1,19,12,UPI,Ahmedabad,iOS
TXN104431,C1272,M578,1435.89,7,4,Debit Card,Pune,iOS
TXN104432,C1116,M551,1440.69,22,13,UPI,Pune,POS Terminal
TXN104433,C1305,M521,3169.85,7,2,Net Banking,Hyderabad,POS Terminal
TXN104434,C1367,M552,1872.64,18,15,Debit Card,Chennai,Android
TXN104435,C1093,M565,2095.26,10,1,Credit Card,Chennai,Android
TXN104436,C1167,M542,3277.59,18,18,UPI,Bengaluru,Android
TXN104437,C1441,M522,816.26,21,27,Credit Card,Delhi,Web
TXN104438,C1202,M576,5904.57,15,23,Debit Card,Kolkata,iOS
TXN104439,C1340,M563,1681.27,9,2,Debit Card,Ahmedabad,POS Terminal
TXN104440,C1148,M508,3859.74,23,4,Debit Card,Pune,iOS
TXN104441,C1401,M506,474.48,11,21,Net Banking,Mumbai,Android
TXN104442,C1182,M540,3533.14,16,19,Net Banking,Pune,Web
TXN104443,C1412,M553,8158.58,8,20,Debit Card,Mumbai,iOS
TXN104444,C1151,M564,3343.97,16,10,UPI,Ahmedabad,Android
TXN104445,C1073,M501,1350.86,17,13,Net Banking,Bengaluru,POS Terminal
TXN104446,C1364,M503,1697.8,17,19,Debit Card,Chennai,Android
TXN104447,C1400,M577,880.28,20,8,UPI,Pune,Android
TXN104448,C1273,M531,2674.29,15,10,Credit Card,Kolkata,iOS
TXN104449,C1041,M501,1383.74,22,8,Net Banking,Delhi,Web
TXN104450,C1495,M563,3279.35,19,19,Debit Card,Kolkata,POS Terminal
TXN104451,C1211,M513,2687.57,7,9,Net Banking,Kolkata,POS Terminal
TXN104452,C1100,M519,3270.99,15,9,UPI,Mumbai,POS Terminal
TXN104453,C1044,M548,2480.77,13,23,UPI,Pune,Web
TXN104454,C1081,M507,1476.14,10,13,UPI,Hyderabad,POS Terminal
TXN104455,C1016,M562,3158.35,14,1,Net Banking,Hyderabad,Android
TXN104456,C1072,M545,1563.77,12,12,Debit Card,Delhi,Web
TXN104457,C1013,M520,2071.49,16,10,UPI,Bengaluru,POS Terminal
TXN104458,C1432,M531,3422.81,17,27,Net Banking,Bengaluru,Web
TXN104459,C1156,M507,4005.62,15,19,Credit Card,Chennai,Android
TXN104460,C1222,M515,1168.23,15,8,Net Banking,Pune,iOS
TXN104461,C1131,M539,3318.69,14,22,Net Banking,Bengaluru,Web
TXN104462,C1337,M526,17589.73,5,25,Credit Card,Bengaluru,iOS
TXN104463,C1403,M517,1545.07,12,11,Credit Card,Mumbai,Web
TXN104464,C1375,M534,808.39,17,11,Credit Card,Delhi,Android
TXN104465,C1375,M551,1104.19,8,26,Credit Card,Pune,iOS
TXN104466,C1046,M514,734.2,16,16,UPI,Delhi,POS Terminal
TXN104467,C1106,M562,1588.05,7,29,Debit Card,Delhi,POS Terminal
TXN104468,C1107,M552,3429.31,16,30,Credit Card,Chennai,iOS
TXN104469,C1264,M565,1803.01,10,11,Debit Card,Pune,Web
TXN104470,C1204,M530,27679.06,1,25,Debit Card,Chennai,iOS
TXN104471,C1078,M560,2509.51,13,1,UPI,Bengaluru,POS Terminal
TXN104472,C1154,M563,5810.06,17,6,Debit Card,Mumbai,Web
TXN104473,C1270,M533,7281.86,10,13,Credit Card,Hyderabad,iOS
TXN104474,C1475,M554,5837.19,8,27,Net Banking,Kolkata,Web
TXN104475,C1484,M558,2164.82,16,11,Net Banking,Chennai,Web
TXN104476,C1246,M502,2113.83,14,3,Net Banking,Hyderabad,Android
TXN104477,C1018,M516,9476.71,15,21,Debit Card,Chennai,Android
TXN104478,C1345,M577,932.44,14,1,Net Banking,Hyderabad,Web
TXN104479,C1435,M577,2772.54,11,27,UPI,Hyderabad,POS Terminal
TXN104480,C1025,M545,2904.87,16,14,Net Banking,Chennai,POS Terminal
TXN104481,C1216,M537,2886.52,11,11,Net Banking,Hyderabad,Web
TXN104482,C1153,M534,1299.29,20,14,Debit Card,Chennai,Web
TXN104483,C1153,M500,1175.67,18,23,Debit Card,Chennai,Android
TXN104484,C1173,M528,3355.77,13,22,Debit Card,Hyderabad,POS Terminal
TXN104485,C1091,M503,2346.28,20,28,Credit Card,Hyderabad,Android
TXN104486,C1432,M560,2708.04,14,10,Credit Card,Bengaluru,POS Terminal
TXN104487,C1337,M516,413.99,23,21,Debit Card,Delhi,POS Terminal
TXN104488,C1479,M527,1732.83,12,2,Net Banking,Delhi,iOS
TXN104489,C1180,M549,2119.81,13,24,Debit Card,Kolkata,Web
TXN104490,C1130,M507,933.17,18,5,UPI,Ahmedabad,iOS
TXN104491,C1449,M533,3491.53,14,15,Net Banking,Chennai,POS Terminal
TXN104492,C1480,M558,3021.69,15,18,Net Banking,Chennai,Android
TXN104493,C1297,M517,3310.36,19,16,Debit Card,Kolkata,Web
TXN104494,C1274,M558,1247.72,22,20,Net Banking,Mumbai,iOS
TXN104495,C1272,M526,1947.28,13,26,Net Banking,Pune,POS Terminal
TXN104496,C1491,M515,7613.25,13,24,UPI,Delhi,POS Terminal
TXN104497,C1416,M509,483.46,14,24,UPI,Chennai,iOS
TXN104498,C1075,M575,2823.64,18,3,Debit Card,Mumbai,Web
TXN104499,C1176,M521,5828.01,14,26,Net Banking,Ahmedabad,iOS
TXN104500,C1183,M515,1181.88,15,24,Credit Card,Pune,iOS
TXN104501,C1318,M511,2355.69,15,26,UPI,Pune,Android
TXN104502,C1130,M574,784.33,11,9,Credit Card,Ahmedabad,Android
TXN104503,C1362,M550,3845.14,15,29,Credit Card,Pune,iOS
TXN104504,C1048,M500,1345.29,9,18,Credit Card,Kolkata,iOS
TXN104505,C1054,M526,231.59,14,22,UPI,Mumbai,POS Terminal
TXN104506,C1153,M566,1204.77,13,27,UPI,Ahmedabad,Web
TXN104507,C1354,M511,2533.1,20,19,Net Banking,Mumbai,POS Terminal
TXN104508,C1199,M529,1695.13,12,5,Debit Card,Delhi,Android
TXN104509,C1307,M508,3864.72,19,4,Net Banking,Bengaluru,Web
TXN104510,C1355,M552,1700.26,19,29,UPI,Mumbai,Web
TXN104511,C1372,M560,6460.24,6,8,Net Banking,Kolkata,Android
TXN104512,C1117,M553,1775.91,12,7,Debit Card,Bengaluru,POS Terminal
TXN104513,C1262,M536,5521.6,17,23,Net Banking,Bengaluru,iOS
TXN104514,C1045,M564,2045.54,19,11,UPI,Hyderabad,iOS
TXN104515,C1301,M541,577.12,16,12,Credit Card,Pune,Web
TXN104516,C1355,M548,1860.54,21,12,Net Banking,Mumbai,Web
TXN104517,C1399,M503,1811.54,12,16,UPI,Mumbai,iOS
TXN104518,C1407,M563,1247.81,18,16,Credit Card,Pune,Web
TXN104519,C1188,M578,2125.56,15,15,UPI,Bengaluru,iOS
TXN104520,C1309,M550,5702.32,12,1,Net Banking,Mumbai,Android
TXN104521,C1317,M571,1603.8,13,15,Credit Card,Mumbai,Android
TXN104522,C1128,M559,2116.74,12,22,Net Banking,Mumbai,iOS
TXN104523,C1048,M578,2238.84,6,18,Debit Card,Kolkata,Web
TXN104524,C1024,M530,1507.29,23,24,Credit Card,Chennai,Android
TXN104525,C1265,M571,3692.52,16,6,Credit Card,Delhi,iOS
TXN104526,C1117,M557,2089.71,12,30,UPI,Bengaluru,iOS
TXN104527,C1463,M503,1472.29,14,9,Net Banking,Mumbai,Web
TXN104528,C1143,M521,1148.54,17,26,Debit Card,Ahmedabad,Web
TXN104529,C1441,M502,1871.18,16,17,UPI,Delhi,POS Terminal
TXN104530,C1199,M578,2113.57,17,24,Credit Card,Delhi,Web
TXN104531,C1156,M546,3884.87,17,12,Credit Card,Chennai,Android
TXN104532,C1486,M537,5106.64,7,2,Credit Card,Bengaluru,Android
TXN104533,C1347,M532,3340.62,10,16,Credit Card,Pune,Android
TXN104534,C1133,M577,2812.03,17,23,UPI,Bengaluru,iOS
TXN104535,C1399,M547,1660.18,12,15,Net Banking,Mumbai,iOS
TXN104536,C1147,M564,875.31,19,27,Net Banking,Kolkata,iOS
TXN104537,C1335,M525,1743.18,9,12,UPI,Pune,Android
TXN104538,C1070,M507,3517.11,18,15,UPI,Kolkata,POS Terminal
TXN104539,C1232,M549,2276.73,14,13,Debit Card,Pune,iOS
TXN104540,C1333,M579,690.73,18,12,Net Banking,Ahmedabad,POS Terminal
TXN104541,C1298,M537,1935.97,10,19,Net Banking,Pune,iOS
TXN104542,C1153,M509,1495.93,17,16,Credit Card,Chennai,Android
TXN104543,C1089,M541,5290.99,15,7,Net Banking,Pune,POS Terminal
TXN104544,C1333,M536,558.97,18,17,Debit Card,Ahmedabad,iOS
TXN104545,C1198,M525,1021.44,19,10,Credit Card,Delhi,Android
TXN104546,C1160,M511,2509.0,16,9,UPI,Chennai,iOS
TXN104547,C1025,M548,3105.91,12,6,Credit Card,Chennai,Web
TXN104548,C1120,M513,1769.71,16,23,Credit Card,Hyderabad,Android
TXN104549,C1300,M545,460.34,17,9,Net Banking,Chennai,iOS
TXN104550,C1211,M534,2763.0,19,26,Debit Card,Pune,POS Terminal
TXN104551,C1062,M528,2625.8,12,1,UPI,Kolkata,iOS
TXN104552,C1450,M511,5827.26,14,16,Credit Card,Chennai,POS Terminal
TXN104553,C1435,M543,2071.8,16,14,Net Banking,Hyderabad,Web
TXN104554,C1067,M565,731.85,11,8,UPI,Ahmedabad,Web
TXN104555,C1252,M501,3038.33,12,27,Debit Card,Pune,POS Terminal
TXN104556,C1409,M558,2890.22,18,15,Credit Card,Kolkata,iOS
TXN104557,C1458,M516,1884.55,11,16,Credit Card,Pune,POS Terminal
TXN104558,C1001,M509,4429.41,10,14,Net Banking,Pune,Web
TXN104559,C1397,M517,4569.16,14,16,Credit Card,Bengaluru,Web
TXN104560,C1107,M521,1434.7,13,7,Net Banking,Chennai,Web
TXN104561,C1285,M557,1626.17,15,29,Net Banking,Mumbai,POS Terminal
TXN104562,C1048,M552,1606.63,8,18,Net Banking,Delhi,Web
TXN104563,C1139,M500,971.01,8,17,Credit Card,Ahmedabad,iOS
TXN104564,C1217,M560,109151.59,5,26,Net Banking,Delhi,POS Terminal
TXN104565,C1043,M530,5162.38,17,30,UPI,Chennai,Web
TXN104566,C1416,M530,643.41,14,1,Debit Card,Chennai,POS Terminal
TXN104567,C1268,M565,773.41,21,11,Debit Card,Delhi,Web
TXN104568,C1077,M518,2558.18,13,20,Credit Card,Pune,Android
TXN104569,C1215,M552,3197.2,13,5,Debit Card,Delhi,Web
TXN104570,C1381,M575,2163.03,16,23,Debit Card,Pune,iOS
TXN104571,C1097,M573,2275.82,10,13,UPI,Delhi,Android
TXN104572,C1235,M521,2975.86,15,8,UPI,Ahmedabad,POS Terminal
TXN104573,C1281,M522,303.48,16,18,Net Banking,Mumbai,Web
TXN104574,C1148,M514,2099.33,15,13,UPI,Pune,Android
TXN104575,C1411,M525,2680.78,19,9,UPI,Hyderabad,POS Terminal
TXN104576,C1303,M502,2448.99,15,30,Credit Card,Hyderabad,Android
TXN104577,C1483,M519,1793.35,10,11,UPI,Delhi,iOS
TXN104578,C1423,M539,2403.32,14,23,Net Banking,Delhi,POS Terminal
TXN104579,C1065,M538,1042.2,9,6,Credit Card,Hyderabad,iOS
TXN104580,C1233,M571,2509.93,13,11,Debit Card,Chennai,Web
TXN104581,C1456,M517,4573.94,13,15,Debit Card,Chennai,POS Terminal
TXN104582,C1086,M540,139192.24,3,14,Net Banking,Kolkata,Android
TXN104583,C1078,M569,55768.71,1,8,Net Banking,Ahmedabad,Android
TXN104584,C1204,M526,2267.77,14,18,UPI,Pune,POS Terminal
TXN104585,C1278,M514,2095.55,19,1,Credit Card,Kolkata,Android
TXN104586,C1336,M536,2389.13,13,21,Credit Card,Ahmedabad,POS Terminal
TXN104587,C1253,M557,991.81,21,9,Credit Card,Hyderabad,iOS
TXN104588,C1303,M504,2515.24,13,23,Net Banking,Hyderabad,iOS
TXN104589,C1379,M572,1799.34,18,29,Debit Card,Bengaluru,iOS
TXN104590,C1129,M506,2325.23,23,7,UPI,Ahmedabad,iOS
TXN104591,C1083,M540,2987.98,13,15,Debit Card,Mumbai,Web
TXN104592,C1275,M509,2797.0,11,15,Credit Card,Kolkata,POS Terminal
TXN104593,C1186,M561,1751.3,13,9,Debit Card,Mumbai,POS Terminal
TXN104594,C1045,M525,1405.45,20,21,UPI,Hyderabad,Web
TXN104595,C1386,M567,3019.25,14,5,UPI,Mumbai,Android
TXN104596,C1182,M523,3773.89,14,7,UPI,Pune,Web
TXN104597,C1267,M577,3900.57,12,27,Credit Card,Chennai,Android
TXN104598,C1295,M540,1152.72,13,28,Debit Card,Pune,Android
TXN104599,C1321,M564,758.29,18,12,Net Banking,Mumbai,iOS
TXN104600,C1099,M516,2092.19,15,6,Credit Card,Kolkata,POS Terminal
TXN104601,C1077,M523,2809.98,10,10,UPI,Pune,iOS
TXN104602,C1271,M526,2447.46,10,15,Net Banking,Ahmedabad,Web
TXN104603,C1338,M506,4791.82,17,22,Credit Card,Hyderabad,Web
TXN104604,C1161,M572,4257.67,16,24,UPI,Pune,Web
TXN104605,C1043,M511,3802.06,19,4,Debit Card,Chennai,Android
TXN104606,C1237,M502,1054.03,12,15,Net Banking,Pune,Android
TXN104607,C1133,M578,3970.78,15,18,UPI,Bengaluru,iOS
TXN104608,C1460,M509,2172.24,12,3,Net Banking,Chennai,Web
TXN104609,C1191,M532,2619.81,17,26,Debit Card,Pune,POS Terminal
TXN104610,C1355,M545,1744.73,18,15,Net Banking,Mumbai,iOS
TXN104611,C1277,M558,1338.46,18,20,Debit Card,Bengaluru,Web
TXN104612,C1017,M551,1158.25,12,5,UPI,Pune,Web
TXN104613,C1011,M505,3270.16,11,2,Net Banking,Hyderabad,iOS
TXN104614,C1179,M501,9404.93,18,15,Debit Card,Delhi,Android
TXN104615,C1122,M528,3126.06,9,8,Debit Card,Pune,Web
TXN104616,C1245,M539,916.52,16,28,UPI,Pune,iOS
TXN104617,C1221,M560,4057.53,17,28,UPI,Chennai,Web
TXN104618,C1372,M567,2546.18,6,5,UPI,Kolkata,Android
TXN104619,C1050,M567,4591.87,13,23,Net Banking,Delhi,iOS
TXN104620,C1487,M528,2041.03,14,9,Credit Card,Bengaluru,Android
TXN104621,C1070,M561,4971.78,19,7,UPI,Ahmedabad,Web
TXN104622,C1479,M559,2635.83,11,4,Net Banking,Delhi,POS Terminal
TXN104623,C1047,M540,2279.68,14,19,UPI,Hyderabad,Android
TXN104624,C1018,M564,6987.63,16,8,Net Banking,Chennai,POS Terminal
TXN104625,C1261,M563,1522.79,17,14,Debit Card,Chennai,Web
TXN104626,C1083,M578,1603.28,8,29,Debit Card,Mumbai,Web
TXN104627,C1154,M562,4215.07,19,9,Debit Card,Mumbai,Web
TXN104628,C1052,M547,4585.71,10,5,Credit Card,Delhi,iOS
TXN104629,C1106,M519,1057.82,19,6,Net Banking,Delhi,Android
TXN104630,C1356,M536,1160.35,10,10,Credit Card,Mumbai,Android
TXN104631,C1303,M563,1554.81,19,28,UPI,Hyderabad,iOS
TXN104632,C1134,M504,3294.81,19,28,Debit Card,Ahmedabad,iOS
TXN104633,C1442,M533,1251.58,12,13,Debit Card,Hyderabad,Android
TXN104634,C1068,M538,2028.89,14,10,Debit Card,Bengaluru,Web
TXN104635,C1010,M566,49105.58,5,22,Credit Card,Kolkata,Android
TXN104636,C1142,M561,1200.71,20,13,UPI,Chennai,Web
TXN104637,C1191,M523,2553.27,10,3,Credit Card,Pune,POS Terminal
TXN104638,C1386,M502,2329.32,18,12,Debit Card,Bengaluru,POS Terminal
TXN104639,C1377,M570,3096.65,14,4,Credit Card,Chennai,Web
TXN104640,C1068,M566,1967.37,16,11,UPI,Bengaluru,Android
TXN104641,C1022,M578,1541.62,14,9,UPI,Mumbai,iOS
TXN104642,C1180,M549,1170.92,21,6,Debit Card,Kolkata,iOS
TXN104643,C1292,M528,2746.81,20,12,Credit Card,Hyderabad,POS Terminal
TXN104644,C1008,M573,1040.63,15,14,Debit Card,Kolkata,Web
TXN104645,C1270,M531,5762.3,16,21,Debit Card,Hyderabad,Android
TXN104646,C1386,M538,2086.82,11,9,UPI,Mumbai,POS Terminal
TXN104647,C1092,M508,3179.52,15,8,Debit Card,Kolkata,Android
TXN104648,C1453,M513,1411.51,15,9,Debit Card,Pune,iOS
TXN104649,C1016,M567,3189.37,11,13,UPI,Mumbai,Android
TXN104650,C1153,M563,969.22,16,30,Credit Card,Chennai,iOS
TXN104651,C1404,M519,2819.55,11,11,Credit Card,Bengaluru,Web
TXN104652,C1327,M527,1410.61,16,9,Credit Card,Delhi,POS Terminal
TXN104653,C1148,M513,3076.08,20,20,UPI,Pune,Android
TXN104654,C1376,M543,973.89,17,8,Debit Card,Ahmedabad,Android
TXN104655,C1266,M576,3105.71,19,10,Credit Card,Hyderabad,iOS
TXN104656,C1421,M538,2144.82,11,9,UPI,Pune,POS Terminal
TXN104657,C1327,M527,1255.04,12,27,Net Banking,Delhi,Web
TXN104658,C1105,M563,2149.67,11,21,Credit Card,Delhi,Web
TXN104659,C1471,M531,8277.89,19,4,Credit Card,Chennai,POS Terminal
TXN104660,C1380,M508,1985.93,13,10,Credit Card,Pune,iOS
TXN104661,C1034,M527,1506.49,19,17,Debit Card,Kolkata,Web
TXN104662,C1118,M516,2587.23,16,19,Net Banking,Pune,Android
TXN104663,C1013,M576,2449.02,14,10,UPI,Chennai,Android
TXN104664,C1013,M554,31572.37,3,18,Credit Card,Chennai,iOS
TXN104665,C1265,M509,5468.6,23,16,Credit Card,Delhi,Web
TXN104666,C1139,M579,961.36,18,28,UPI,Ahmedabad,POS Terminal
TXN104667,C1293,M505,2038.71,15,23,UPI,Pune,Web
TXN104668,C1363,M547,3306.09,12,4,UPI,Bengaluru,Android
TXN104669,C1118,M574,2288.64,13,9,UPI,Hyderabad,iOS
TXN104670,C1237,M566,1210.45,15,9,Net Banking,Pune,POS Terminal
TXN104671,C1033,M540,378.86,10,2,UPI,Pune,iOS
TXN104672,C1168,M578,2685.51,12,19,Debit Card,Mumbai,POS Terminal
TXN104673,C1009,M559,1895.82,11,8,UPI,Bengaluru,POS Terminal
TXN104674,C1121,M576,1688.17,8,26,Credit Card,Mumbai,Android
TXN104675,C1400,M541,1353.84,16,30,Debit Card,Pune,Android
TXN104676,C1144,M570,4407.32,8,19,Credit Card,Pune,POS Terminal
TXN104677,C1450,M527,5645.94,12,4,Debit Card,Chennai,Web
TXN104678,C1445,M512,3015.93,13,11,UPI,Kolkata,POS Terminal
TXN104679,C1222,M514,1569.93,15,3,Debit Card,Pune,POS Terminal
TXN104680,C1370,M535,3469.72,23,28,Credit Card,Ahmedabad,POS Terminal
TXN104681,C1256,M514,1902.2,18,29,Net Banking,Bengaluru,iOS
TXN104682,C1267,M574,1523.98,8,30,Debit Card,Chennai,Android
TXN104683,C1358,M555,3036.48,16,18,Debit Card,Hyderabad,POS Terminal
TXN104684,C1003,M503,1208.96,7,17,UPI,Ahmedabad,iOS
TXN104685,C1425,M551,3174.59,16,19,Credit Card,Bengaluru,iOS
TXN104686,C1396,M509,2596.81,13,9,Net Banking,Chennai,Web
TXN104687,C1353,M544,2481.25,10,30,Debit Card,Kolkata,Android
TXN104688,C1105,M528,1852.29,14,16,Credit Card,Delhi,Web
TXN104689,C1084,M552,5682.24,15,8,Debit Card,Mumbai,POS Terminal
TXN104690,C1213,M528,7907.21,13,9,Net Banking,Mumbai,POS Terminal
TXN104691,C1120,M522,2013.41,15,26,Credit Card,Hyderabad,Android
TXN104692,C1131,M556,2455.66,12,5,Net Banking,Bengaluru,POS Terminal
TXN104693,C1337,M549,290.58,12,5,Credit Card,Delhi,Android
TXN104694,C1196,M520,3469.44,11,14,Credit Card,Pune,iOS
TXN104695,C1018,M542,6667.49,18,24,UPI,Chennai,Android
TXN104696,C1129,M509,2700.46,11,14,UPI,Ahmedabad,iOS
TXN104697,C1011,M575,3182.53,14,29,Credit Card,Delhi,Android
TXN104698,C1080,M529,1698.1,9,5,Credit Card,Pune,Android
TXN104699,C1329,M550,1794.77,14,4,UPI,Ahmedabad,iOS
TXN104700,C1353,M532,2973.31,11,25,Debit Card,Kolkata,Web
TXN104701,C1261,M517,2834.94,6,17,Credit Card,Chennai,iOS
TXN104702,C1391,M577,3864.07,10,6,Net Banking,Bengaluru,Android
TXN104703,C1124,M521,4731.55,14,7,Credit Card,Mumbai,POS Terminal
TXN104704,C1306,M563,869.32,23,14,UPI,Bengaluru,Web
TXN104705,C1266,M520,3033.92,15,15,Debit Card,Hyderabad,POS Terminal
TXN104706,C1446,M500,85375.32,2,6,Credit Card,Kolkata,Android
TXN104707,C1440,M514,5395.86,11,28,Credit Card,Ahmedabad,Web
TXN104708,C1382,M535,3131.91,12,10,Credit Card,Kolkata,Web
TXN104709,C1139,M546,1115.62,14,8,Credit Card,Ahmedabad,Android
TXN104710,C1328,M553,1259.09,18,27,Net Banking,Bengaluru,POS Terminal
TXN104711,C1001,M531,4247.88,16,8,Net Banking,Pune,POS Terminal
TXN104712,C1007,M557,5387.74,12,5,Net Banking,Pune,Android
TXN104713,C1249,M545,1770.79,11,29,UPI,Hyderabad,Web
TXN104714,C1138,M553,2244.22,11,28,Debit Card,Kolkata,Web
TXN104715,C1123,M532,3555.61,9,29,Net Banking,Pune,Android
TXN104716,C1308,M538,1311.48,11,16,Net Banking,Hyderabad,POS Terminal
TXN104717,C1227,M522,2604.92,8,20,Net Banking,Bengaluru,POS Terminal
TXN104718,C1009,M542,2693.76,12,11,Debit Card,Bengaluru,POS Terminal
TXN104719,C1468,M554,3227.31,15,7,Credit Card,Kolkata,Android
TXN104720,C1211,M501,2901.91,13,25,Debit Card,Kolkata,iOS
TXN104721,C1111,M565,1796.17,6,29,Net Banking,Kolkata,Android
TXN104722,C1007,M537,4234.77,14,2,Debit Card,Pune,iOS
TXN104723,C1291,M528,2752.72,16,28,Net Banking,Delhi,POS Terminal
TXN104724,C1476,M566,1412.89,15,7,Debit Card,Chennai,Android
TXN104725,C1361,M570,4791.97,18,6,Credit Card,Pune,iOS
TXN104726,C1459,M535,2822.21,17,19,Debit Card,Chennai,POS Terminal
TXN104727,C1252,M528,4292.25,11,18,Debit Card,Pune,POS Terminal
TXN104728,C1013,M536,3184.78,19,1,Net Banking,Bengaluru,POS Terminal
TXN104729,C1239,M544,2305.58,18,18,Credit Card,Chennai,Android
TXN104730,C1437,M515,2450.3,13,12,Net Banking,Mumbai,POS Terminal
TXN104731,C1241,M530,2420.14,12,21,UPI,Mumbai,POS Terminal
TXN104732,C1468,M533,3641.8,19,17,UPI,Kolkata,Web
TXN104733,C1341,M549,1996.57,17,8,UPI,Ahmedabad,iOS
TXN104734,C1148,M564,3462.59,7,20,Net Banking,Pune,POS Terminal
TXN104735,C1235,M561,4576.39,19,3,Net Banking,Ahmedabad,Android
TXN104736,C1305,M542,2908.16,10,10,UPI,Hyderabad,iOS
TXN104737,C1477,M555,1169.85,15,16,Debit Card,Ahmedabad,POS Terminal
TXN104738,C1166,M514,1235.6,19,18,Credit Card,Hyderabad,POS Terminal
TXN104739,C1019,M547,2277.35,20,1,UPI,Hyderabad,iOS
TXN104740,C1215,M548,2987.19,9,8,Credit Card,Delhi,iOS
TXN104741,C1342,M543,3449.18,13,25,UPI,Delhi,iOS
TXN104742,C1134,M509,3585.06,11,19,Debit Card,Ahmedabad,Android
TXN104743,C1392,M519,805.96,17,3,Credit Card,Pune,iOS
TXN104744,C1128,M569,1739.58,19,16,Net Banking,Mumbai,Android
TXN104745,C1409,M507,3130.72,11,16,UPI,Kolkata,POS Terminal
TXN104746,C1421,M544,1687.67,15,16,Debit Card,Pune,iOS
TXN104747,C1293,M533,2173.61,14,25,Debit Card,Pune,Web
TXN104748,C1245,M550,39009.11,5,23,Debit Card,Chennai,Android
TXN104749,C1188,M503,2481.82,8,12,UPI,Bengaluru,POS Terminal
TXN104750,C1043,M538,3748.43,18,28,Credit Card,Chennai,Android
TXN104751,C1085,M523,3986.8,18,9,UPI,Ahmedabad,Android
TXN104752,C1043,M554,4596.41,12,18,Debit Card,Chennai,Android
TXN104753,C1329,M525,2477.72,10,23,Debit Card,Ahmedabad,iOS
TXN104754,C1374,M524,2860.68,8,30,Net Banking,Delhi,Web
TXN104755,C1445,M535,3292.95,13,29,UPI,Kolkata,Web
TXN104756,C1377,M570,3198.1,23,24,Credit Card,Chennai,POS Terminal
TXN104757,C1389,M573,1718.86,19,11,UPI,Kolkata,POS Terminal
TXN104758,C1144,M557,2843.03,10,20,Credit Card,Pune,Web
TXN104759,C1050,M511,4770.37,15,29,Credit Card,Delhi,Web
TXN104760,C1241,M500,3133.11,16,26,Net Banking,Mumbai,Android
TXN104761,C1293,M549,1977.81,12,11,UPI,Pune,POS Terminal
TXN104762,C1407,M524,1724.42,14,20,Credit Card,Pune,Web
TXN104763,C1050,M579,4084.95,11,12,Credit Card,Delhi,Web
TXN104764,C1265,M504,4598.22,9,18,Net Banking,Mumbai,Web
TXN104765,C1119,M567,4274.33,18,2,Debit Card,Ahmedabad,POS Terminal
TXN104766,C1199,M505,1356.25,11,4,Net Banking,Ahmedabad,Android
TXN104767,C1404,M525,3602.69,12,4,Debit Card,Bengaluru,Android
TXN104768,C1247,M554,2071.16,16,21,Debit Card,Hyderabad,iOS
TXN104769,C1069,M538,962.47,16,26,Net Banking,Hyderabad,POS Terminal
TXN104770,C1340,M508,2040.25,12,14,Debit Card,Delhi,iOS
TXN104771,C1056,M544,3051.59,7,26,Credit Card,Pune,Web
TXN104772,C1381,M513,1700.66,10,13,Credit Card,Pune,Android
TXN104773,C1038,M554,3732.55,16,26,Debit Card,Chennai,POS Terminal
TXN104774,C1471,M508,6855.8,21,9,UPI,Chennai,Android
TXN104775,C1288,M514,3286.89,14,15,Debit Card,Chennai,iOS
TXN104776,C1442,M536,1113.01,18,27,UPI,Hyderabad,Web
TXN104777,C1017,M549,1489.53,18,25,UPI,Pune,Android
TXN104778,C1439,M571,1969.27,19,23,Debit Card,Ahmedabad,iOS
TXN104779,C1219,M520,4883.18,22,22,Net Banking,Chennai,iOS
TXN104780,C1312,M556,1356.02,12,10,UPI,Mumbai,POS Terminal
TXN104781,C1243,M518,96962.91,1,5,UPI,Ahmedabad,Web
TXN104782,C1351,M557,2764.35,18,4,Debit Card,Bengaluru,Web
TXN104783,C1459,M505,2839.71,10,18,Credit Card,Chennai,Android
TXN104784,C1303,M503,2457.54,11,4,Net Banking,Hyderabad,Android
TXN104785,C1297,M542,3765.63,13,16,UPI,Kolkata,iOS
TXN104786,C1282,M541,1791.91,18,11,Debit Card,Kolkata,Android
TXN104787,C1073,M502,2172.4,13,7,Credit Card,Pune,Web
TXN104788,C1109,M500,2636.84,12,1,Net Banking,Bengaluru,POS Terminal
TXN104789,C1179,M554,6532.38,8,3,Net Banking,Mumbai,Android
TXN104790,C1425,M514,2600.08,15,16,Net Banking,Bengaluru,Android
TXN104791,C1031,M546,1564.5,13,4,Net Banking,Delhi,Android
TXN104792,C1233,M545,64398.69,5,23,Credit Card,Pune,POS Terminal
TXN104793,C1281,M557,406.55,13,3,Credit Card,Mumbai,Web
TXN104794,C1024,M570,2160.95,18,20,Net Banking,Chennai,Android
TXN104795,C1330,M538,2061.84,7,1,Credit Card,Delhi,Android
TXN104796,C1278,M502,1172.23,11,28,Credit Card,Pune,POS Terminal
TXN104797,C1225,M529,1348.22,13,1,UPI,Mumbai,Web
TXN104798,C1056,M534,1423.7,15,10,Net Banking,Pune,Web
TXN104799,C1179,M556,7858.98,12,12,Credit Card,Ahmedabad,POS Terminal
TXN104800,C1231,M528,3063.66,11,3,UPI,Pune,POS Terminal
TXN104801,C1381,M549,1689.4,13,23,Debit Card,Pune,Android
TXN104802,C1342,M561,85141.26,2,13,Debit Card,Ahmedabad,Android
TXN104803,C1476,M551,1584.04,13,27,Debit Card,Chennai,Web
TXN104804,C1286,M513,1386.72,19,6,Net Banking,Ahmedabad,iOS
TXN104805,C1063,M534,1986.19,15,21,Credit Card,Delhi,iOS
TXN104806,C1454,M527,1948.46,15,24,Debit Card,Hyderabad,POS Terminal
TXN104807,C1231,M557,1854.15,9,27,Net Banking,Pune,Web
TXN104808,C1288,M529,1980.09,18,24,UPI,Chennai,iOS
TXN104809,C1212,M506,2158.53,10,20,UPI,Pune,iOS
TXN104810,C1257,M538,2138.09,14,10,Credit Card,Delhi,POS Terminal
TXN104811,C1017,M568,988.38,9,6,Credit Card,Pune,Web
TXN104812,C1174,M534,5052.51,12,28,Debit Card,Chennai,iOS
TXN104813,C1416,M551,403.69,13,1,Credit Card,Chennai,Web
TXN104814,C1228,M513,535.31,11,26,Net Banking,Delhi,POS Terminal
TXN104815,C1225,M562,1499.0,19,15,Credit Card,Mumbai,iOS
TXN104816,C1083,M535,3504.25,19,14,Debit Card,Hyderabad,Android
TXN104817,C1290,M523,1466.57,6,12,Credit Card,Chennai,Android
TXN104818,C1434,M539,2466.24,14,10,UPI,Pune,Web
TXN104819,C1369,M528,580.96,11,9,Net Banking,Bengaluru,Web
TXN104820,C1245,M552,2348.6,9,30,Credit Card,Pune,iOS
TXN104821,C1401,M521,640.3,21,21,Debit Card,Mumbai,Web
TXN104822,C1109,M571,2403.46,23,15,UPI,Bengaluru,iOS
TXN104823,C1253,M514,693.3,10,14,Debit Card,Hyderabad,Web
TXN104824,C1087,M568,2321.88,15,24,Debit Card,Bengaluru,Web
TXN104825,C1071,M563,1527.35,9,10,Credit Card,Hyderabad,POS Terminal
TXN104826,C1380,M503,1632.02,11,26,Net Banking,Pune,Web
TXN104827,C1029,M574,2570.52,17,1,Net Banking,Ahmedabad,Android
TXN104828,C1171,M517,3251.94,21,30,Debit Card,Mumbai,Android
TXN104829,C1308,M541,839.57,12,20,Net Banking,Chennai,POS Terminal
TXN104830,C1393,M529,1991.38,14,29,Net Banking,Delhi,POS Terminal
TXN104831,C1342,M514,3539.84,12,2,Net Banking,Delhi,POS Terminal
TXN104832,C1435,M569,70019.47,5,2,UPI,Chennai,POS Terminal
TXN104833,C1176,M554,4637.25,16,2,UPI,Ahmedabad,iOS
TXN104834,C1138,M552,2529.67,7,2,UPI,Kolkata,Web
TXN104835,C1193,M515,1883.52,16,8,UPI,Ahmedabad,Web
TXN104836,C1185,M572,2217.24,12,22,Credit Card,Hyderabad,Android
TXN104837,C1217,M533,3157.96,14,25,Debit Card,Delhi,Android
TXN104838,C1163,M526,3558.13,16,18,Credit Card,Bengaluru,Android
TXN104839,C1160,M512,2666.07,17,13,UPI,Chennai,iOS
TXN104840,C1430,M526,1120.46,19,17,Credit Card,Chennai,Web
TXN104841,C1012,M572,1480.7,11,30,Debit Card,Ahmedabad,POS Terminal
TXN104842,C1295,M568,1447.29,8,8,Debit Card,Pune,iOS
TXN104843,C1088,M530,1840.59,18,10,Credit Card,Hyderabad,Android
TXN104844,C1323,M502,1359.38,13,14,Debit Card,Kolkata,POS Terminal
TXN104845,C1041,M529,3796.56,16,29,UPI,Delhi,Android
TXN104846,C1402,M520,2066.17,18,19,Credit Card,Delhi,iOS
TXN104847,C1209,M505,3867.78,13,19,Debit Card,Bengaluru,Android
TXN104848,C1228,M531,738.69,19,24,UPI,Delhi,Web
TXN104849,C1349,M541,2897.4,17,5,Credit Card,Hyderabad,POS Terminal
TXN104850,C1274,M561,714.65,16,24,Debit Card,Mumbai,Web
TXN104851,C1441,M531,1223.68,19,18,Net Banking,Delhi,Web
TXN104852,C1278,M538,2412.11,19,10,Debit Card,Pune,POS Terminal
TXN104853,C1250,M563,1628.74,15,16,UPI,Chennai,Android
TXN104854,C1309,M529,9130.18,13,25,Debit Card,Hyderabad,Android
TXN104855,C1207,M562,2592.14,15,18,Credit Card,Pune,iOS
TXN104856,C1320,M530,955.57,15,9,UPI,Chennai,Android
TXN104857,C1139,M539,1164.41,15,10,Net Banking,Kolkata,Android
TXN104858,C1279,M532,3910.3,16,22,Credit Card,Ahmedabad,Web
TXN104859,C1033,M562,758.93,19,12,Net Banking,Pune,Android
TXN104860,C1308,M524,1420.4,12,28,UPI,Hyderabad,Android
TXN104861,C1391,M535,4083.25,15,5,Debit Card,Bengaluru,Web
TXN104862,C1017,M523,1925.2,16,15,UPI,Pune,POS Terminal
TXN104863,C1056,M557,3196.8,16,23,UPI,Pune,iOS
TXN104864,C1111,M538,1692.55,9,30,Net Banking,Kolkata,POS Terminal
TXN104865,C1004,M545,44631.76,5,7,Credit Card,Bengaluru,POS Terminal
TXN104866,C1409,M576,1961.14,17,20,Debit Card,Kolkata,POS Terminal
TXN104867,C1413,M509,2455.18,16,7,Credit Card,Pune,POS Terminal
TXN104868,C1181,M531,3065.18,12,3,Credit Card,Ahmedabad,POS Terminal
TXN104869,C1012,M535,1802.24,15,3,Debit Card,Ahmedabad,Web
TXN104870,C1338,M527,5421.02,13,7,UPI,Hyderabad,Android
TXN104871,C1284,M515,1432.13,10,1,Credit Card,Mumbai,Android
TXN104872,C1258,M515,71424.24,4,24,UPI,Mumbai,iOS
TXN104873,C1089,M517,4589.66,9,27,Debit Card,Pune,POS Terminal
TXN104874,C1103,M507,3227.52,14,18,Net Banking,Pune,iOS
TXN104875,C1378,M579,1053.23,11,1,Net Banking,Delhi,Web
TXN104876,C1185,M574,2059.75,14,6,Net Banking,Hyderabad,Web
TXN104877,C1249,M569,1735.73,9,20,UPI,Hyderabad,POS Terminal
TXN104878,C1254,M500,4855.43,13,7,Net Banking,Chennai,iOS
TXN104879,C1075,M561,2627.73,22,12,Net Banking,Mumbai,POS Terminal
TXN104880,C1385,M575,3919.7,13,3,Debit Card,Chennai,POS Terminal
TXN104881,C1458,M537,2721.12,17,27,Debit Card,Pune,Web
TXN104882,C1107,M544,2833.71,8,2,Net Banking,Chennai,Web
TXN104883,C1155,M557,3546.89,7,28,Net Banking,Ahmedabad,Android
TXN104884,C1081,M500,1886.47,14,15,UPI,Hyderabad,iOS
TXN104885,C1076,M531,3829.46,9,27,Debit Card,Mumbai,Web
TXN104886,C1484,M507,1811.4,14,20,Credit Card,Chennai,iOS
TXN104887,C1469,M539,4899.85,15,4,Credit Card,Pune,iOS
TXN104888,C1459,M555,2958.15,20,27,UPI,Chennai,POS Terminal
TXN104889,C1257,M562,2905.95,22,20,Credit Card,Delhi,Android
TXN104890,C1126,M573,1343.3,9,19,Debit Card,Kolkata,iOS
TXN104891,C1484,M573,2122.57,6,23,Credit Card,Mumbai,iOS
TXN104892,C1390,M535,3132.42,19,21,Net Banking,Mumbai,iOS
TXN104893,C1281,M556,497.43,15,11,Credit Card,Mumbai,iOS
TXN104894,C1473,M573,1127.06,12,20,UPI,Bengaluru,POS Terminal
TXN104895,C1087,M544,2575.93,9,5,Debit Card,Bengaluru,iOS
TXN104896,C1203,M578,1430.34,18,23,Credit Card,Delhi,Android
TXN104897,C1015,M579,2035.29,13,20,Debit Card,Ahmedabad,iOS
TXN104898,C1150,M501,1304.34,18,12,UPI,Mumbai,Android
TXN104899,C1423,M567,4372.16,10,16,Credit Card,Delhi,Android
TXN104900,C1253,M549,782.0,6,29,Net Banking,Hyderabad,iOS
TXN104901,C1187,M528,2889.24,7,30,Debit Card,Hyderabad,POS Terminal
TXN104902,C1328,M509,1003.81,12,10,Credit Card,Hyderabad,Android
TXN104903,C1031,M526,1267.15,22,21,Net Banking,Delhi,Web
TXN104904,C1270,M514,6691.11,21,22,UPI,Hyderabad,Android
TXN104905,C1484,M559,2453.77,21,6,Net Banking,Chennai,iOS
TXN104906,C1396,M530,3863.98,6,28,UPI,Ahmedabad,POS Terminal
TXN104907,C1004,M520,2044.71,14,12,Debit Card,Kolkata,Web
TXN104908,C1458,M559,2275.2,23,7,Credit Card,Pune,Android
TXN104909,C1329,M557,2426.41,13,10,Credit Card,Ahmedabad,iOS
TXN104910,C1307,M540,4714.85,16,16,Debit Card,Bengaluru,Web
TXN104911,C1332,M545,2619.65,16,29,UPI,Hyderabad,iOS
TXN104912,C1168,M544,3153.28,18,3,UPI,Mumbai,iOS
TXN104913,C1180,M525,1168.17,17,16,Credit Card,Kolkata,iOS
TXN104914,C1365,M550,1635.14,16,12,Debit Card,Bengaluru,POS Terminal
TXN104915,C1177,M535,6089.58,13,8,Credit Card,Hyderabad,Web
TXN104916,C1142,M551,1663.59,11,5,UPI,Mumbai,Web
TXN104917,C1361,M550,3900.27,13,17,UPI,Ahmedabad,Web
TXN104918,C1247,M502,1692.71,10,20,Net Banking,Hyderabad,POS Terminal
TXN104919,C1126,M513,1476.83,9,27,UPI,Delhi,iOS
TXN104920,C1262,M548,5418.21,18,20,Credit Card,Bengaluru,Web
TXN104921,C1039,M576,5399.05,17,14,Net Banking,Pune,Android
TXN104922,C1411,M500,2898.81,18,24,Net Banking,Ahmedabad,Android
TXN104923,C1415,M556,23648.36,4,29,Debit Card,Chennai,iOS
TXN104924,C1354,M516,3017.81,11,26,Net Banking,Mumbai,Web
TXN104925,C1254,M549,3552.52,8,9,Net Banking,Chennai,iOS
TXN104926,C1142,M513,29564.77,4,19,Net Banking,Ahmedabad,POS Terminal
TXN104927,C1239,M558,3357.12,12,12,Credit Card,Chennai,POS Terminal
TXN104928,C1227,M502,2150.62,10,11,Debit Card,Bengaluru,iOS
TXN104929,C1340,M539,2318.82,17,26,Credit Card,Delhi,POS Terminal
TXN104930,C1197,M565,1396.87,13,1,Debit Card,Pune,Web
TXN104931,C1064,M533,1314.52,13,11,Debit Card,Mumbai,POS Terminal
TXN104932,C1387,M508,1107.92,17,29,Net Banking,Delhi,iOS
TXN104933,C1010,M520,4659.11,17,29,UPI,Hyderabad,Web
TXN104934,C1107,M524,3444.81,15,27,UPI,Chennai,iOS
TXN104935,C1025,M543,3091.11,6,8,Credit Card,Chennai,Web
TXN104936,C1444,M524,2682.83,17,25,Net Banking,Ahmedabad,iOS
TXN104937,C1420,M508,3146.83,14,20,Debit Card,Pune,Android
TXN104938,C1150,M561,1260.92,15,21,UPI,Mumbai,Android
TXN104939,C1220,M525,3278.73,14,4,Credit Card,Kolkata,POS Terminal
TXN104940,C1340,M556,2308.34,10,4,UPI,Delhi,iOS
TXN104941,C1495,M536,2170.36,15,11,Debit Card,Kolkata,iOS
TXN104942,C1236,M515,4119.3,10,29,UPI,Mumbai,Android
TXN104943,C1236,M536,53316.07,2,19,Credit Card,Chennai,Android
TXN104944,C1496,M575,3179.81,17,26,Credit Card,Hyderabad,Android
TXN104945,C1218,M523,991.83,15,4,Credit Card,Pune,iOS
TXN104946,C1486,M525,2907.07,14,25,Net Banking,Bengaluru,POS Terminal
TXN104947,C1423,M519,3728.67,18,23,Net Banking,Delhi,Android
TXN104948,C1460,M508,1791.49,12,6,Net Banking,Chennai,iOS
TXN104949,C1150,M528,1504.68,8,28,Credit Card,Mumbai,Web
TXN104950,C1122,M530,4509.03,14,9,UPI,Pune,iOS
TXN104951,C1143,M518,966.02,15,11,Credit Card,Ahmedabad,iOS
TXN104952,C1477,M519,1072.15,9,29,Net Banking,Hyderabad,POS Terminal
TXN104953,C1188,M526,1732.45,21,12,Credit Card,Bengaluru,iOS
TXN104954,C1254,M543,4049.66,13,18,UPI,Chennai,Android
TXN104955,C1067,M534,705.71,14,20,UPI,Ahmedabad,iOS
TXN104956,C1103,M570,4162.93,14,9,Debit Card,Pune,POS Terminal
TXN104957,C1335,M521,2040.58,20,24,Credit Card,Pune,Web
TXN104958,C1158,M573,3936.77,12,15,UPI,Ahmedabad,iOS
TXN104959,C1308,M514,1295.76,20,17,Credit Card,Hyderabad,Web
TXN104960,C1361,M512,3690.86,18,9,Net Banking,Ahmedabad,iOS
TXN104961,C1408,M503,4116.87,13,13,UPI,Ahmedabad,Web
TXN104962,C1299,M555,1351.17,17,26,UPI,Ahmedabad,Web
TXN104963,C1395,M522,2909.9,11,2,Net Banking,Mumbai,Android
TXN104964,C1089,M533,5536.22,15,17,Credit Card,Pune,Web
TXN104965,C1356,M516,1304.41,8,18,Debit Card,Mumbai,POS Terminal
TXN104966,C1255,M527,552.03,16,26,Credit Card,Kolkata,iOS
TXN104967,C1495,M513,2782.13,12,27,Debit Card,Kolkata,Web
TXN104968,C1352,M533,2084.35,11,6,Debit Card,Chennai,Web
TXN104969,C1219,M574,3571.67,15,2,Credit Card,Chennai,Web
TXN104970,C1008,M556,1438.15,14,30,Net Banking,Mumbai,POS Terminal
TXN104971,C1011,M576,2580.25,17,1,Debit Card,Mumbai,Android
TXN104972,C1324,M554,1872.24,20,5,Credit Card,Mumbai,iOS
TXN104973,C1437,M565,2387.39,18,14,UPI,Mumbai,Web
TXN104974,C1243,M536,4731.04,8,27,Debit Card,Kolkata,iOS
TXN104975,C1181,M567,2983.9,16,18,Credit Card,Ahmedabad,iOS
TXN104976,C1283,M575,6315.8,16,27,Debit Card,Hyderabad,Web
TXN104977,C1311,M525,2007.34,8,4,Credit Card,Kolkata,Android
TXN104978,C1098,M560,3072.65,9,27,Credit Card,Bengaluru,Android
TXN104979,C1196,M566,3329.84,19,14,Debit Card,Pune,iOS
TXN104980,C1481,M573,1827.82,14,15,UPI,Delhi,Android
TXN104981,C1365,M551,1318.21,17,27,UPI,Bengaluru,Android
TXN104982,C1225,M517,832.02,12,27,Debit Card,Mumbai,Web
TXN104983,C1332,M552,2345.97,12,24,Credit Card,Hyderabad,Android
TXN104984,C1102,M562,8763.6,10,26,UPI,Ahmedabad,Web
TXN104985,C1105,M552,1411.18,15,27,Credit Card,Delhi,Android
TXN104986,C1364,M526,1520.16,12,22,Debit Card,Chennai,POS Terminal
TXN104987,C1367,M530,3118.84,18,8,Credit Card,Chennai,POS Terminal
TXN104988,C1057,M500,4531.48,9,21,UPI,Pune,Web
TXN104989,C1077,M505,2094.37,16,2,UPI,Pune,POS Terminal
TXN104990,C1074,M510,3707.84,11,17,Debit Card,Hyderabad,iOS
TXN104991,C1041,M533,2757.86,10,28,Debit Card,Delhi,iOS
TXN104992,C1421,M562,2473.55,13,24,Debit Card,Pune,Web
TXN104993,C1323,M552,2105.9,7,17,Credit Card,Kolkata,Android
TXN104994,C1180,M517,1815.84,19,26,UPI,Kolkata,Web
TXN104995,C1032,M520,1276.71,15,25,Debit Card,Ahmedabad,Android
TXN104996,C1070,M518,3540.6,14,20,UPI,Ahmedabad,Android
TXN104997,C1055,M503,4508.73,15,6,UPI,Ahmedabad,iOS
TXN104998,C1104,M576,3254.67,18,6,Net Banking,Delhi,iOS
TXN104999,C1199,M528,2132.88,16,19,UPI,Delhi,Android
TXN105000,C1100,M524,5255.96,15,1,UPI,Mumbai,Web
TXN105001,C1255,M555,386.22,16,6,Debit Card,Kolkata,POS Terminal
TXN105002,C1306,M576,632.24,15,26,Debit Card,Bengaluru,Web
TXN105003,C1073,M562,2154.76,11,5,Credit Card,Bengaluru,Android
TXN105004,C1170,M526,4779.31,14,4,Debit Card,Hyderabad,POS Terminal
TXN105005,C1376,M559,983.96,10,25,UPI,Ahmedabad,Web
TXN105006,C1142,M548,905.17,13,13,Credit Card,Chennai,iOS
TXN105007,C1165,M564,877.29,15,20,Credit Card,Hyderabad,Android
TXN105008,C1398,M537,2191.07,10,17,Debit Card,Bengaluru,POS Terminal
TXN105009,C1260,M551,656.35,15,26,Net Banking,Kolkata,Web
TXN105010,C1220,M500,3162.99,6,13,Net Banking,Kolkata,Android
TXN105011,C1082,M539,1653.4,12,22,Debit Card,Bengaluru,Android
TXN105012,C1181,M520,2694.66,15,16,Net Banking,Ahmedabad,iOS
TXN105013,C1306,M514,806.51,19,13,UPI,Bengaluru,Web
TXN105014,C1009,M549,48660.42,3,23,Debit Card,Mumbai,Android
TXN105015,C1395,M547,2878.85,16,1,Credit Card,Mumbai,Android
TXN105016,C1003,M531,1504.4,9,25,Net Banking,Ahmedabad,Web
TXN105017,C1350,M548,43612.33,5,10,UPI,Chennai,POS Terminal
TXN105018,C1401,M567,828.53,15,18,UPI,Mumbai,Web
TXN105019,C1335,M544,1409.08,18,23,Net Banking,Pune,Web
TXN105020,C1487,M531,1588.75,10,27,Credit Card,Bengaluru,Web
TXN105021,C1291,M503,3031.57,6,24,Credit Card,Delhi,Android
TXN105022,C1280,M564,3735.34,18,24,Credit Card,Chennai,Web
TXN105023,C1214,M570,1302.56,18,17,Credit Card,Delhi,Android
TXN105024,C1459,M572,2892.67,14,26,Debit Card,Chennai,Android
TXN105025,C1097,M564,1250.31,18,17,Credit Card,Delhi,Web
TXN105026,C1419,M579,2946.9,20,10,Debit Card,Kolkata,iOS
TXN105027,C1100,M517,4830.2,20,20,Credit Card,Mumbai,iOS
TXN105028,C1450,M553,5724.87,15,2,Credit Card,Chennai,iOS
TXN105029,C1008,M546,1619.28,23,10,Credit Card,Kolkata,Android
TXN105030,C1060,M505,2374.98,20,28,Debit Card,Ahmedabad,Android
TXN105031,C1308,M565,1101.28,10,20,Credit Card,Hyderabad,POS Terminal
TXN105032,C1145,M508,1907.73,12,6,Debit Card,Hyderabad,iOS
TXN105033,C1426,M567,1660.6,13,3,UPI,Mumbai,Web
TXN105034,C1418,M522,2167.81,11,10,UPI,Pune,POS Terminal
TXN105035,C1062,M542,2391.13,18,28,Credit Card,Kolkata,POS Terminal
TXN105036,C1120,M550,2334.65,17,19,Net Banking,Hyderabad,Android
TXN105037,C1225,M571,1629.21,23,27,Net Banking,Mumbai,Web
TXN105038,C1104,M524,2330.99,13,17,Net Banking,Delhi,Android
TXN105039,C1461,M579,2842.25,13,12,Credit Card,Bengaluru,iOS
TXN105040,C1259,M534,3091.5,14,21,Credit Card,Bengaluru,iOS
TXN105041,C1348,M516,1528.93,19,12,Credit Card,Mumbai,Web
TXN105042,C1424,M517,1020.69,14,23,UPI,Delhi,POS Terminal
TXN105043,C1254,M526,3723.72,23,28,Debit Card,Chennai,Web
TXN105044,C1428,M514,3100.0,19,27,Credit Card,Chennai,Android
TXN105045,C1433,M568,3110.06,7,6,Net Banking,Pune,Android
TXN105046,C1206,M579,735.5,14,12,UPI,Kolkata,POS Terminal
TXN105047,C1027,M514,1389.65,11,20,Debit Card,Pune,Android
TXN105048,C1169,M541,2927.76,12,6,Credit Card,Bengaluru,Android
TXN105049,C1335,M533,1244.47,13,3,Net Banking,Pune,Web
TXN105050,C1075,M547,2810.25,14,3,UPI,Mumbai,iOS
TXN105051,C1115,M507,2303.57,14,23,Credit Card,Delhi,Web
TXN105052,C1068,M509,1680.27,17,9,Net Banking,Bengaluru,Web
TXN105053,C1353,M504,2665.07,16,1,Credit Card,Kolkata,POS Terminal
TXN105054,C1233,M547,2742.48,23,4,UPI,Chennai,POS Terminal
TXN105055,C1000,M525,2124.96,14,12,Credit Card,Ahmedabad,POS Terminal
TXN105056,C1166,M522,967.72,12,30,Credit Card,Kolkata,iOS
TXN105057,C1351,M561,3122.32,12,26,UPI,Bengaluru,Web
TXN105058,C1217,M512,5101.03,19,5,Credit Card,Mumbai,Web
TXN105059,C1272,M508,1904.7,10,18,Debit Card,Pune,Android
TXN105060,C1367,M519,2064.65,16,16,Net Banking,Chennai,Web
TXN105061,C1250,M556,1681.66,14,10,Credit Card,Kolkata,POS Terminal
TXN105062,C1346,M523,1499.2,13,12,UPI,Hyderabad,POS Terminal
TXN105063,C1343,M532,2157.88,13,11,Credit Card,Hyderabad,Web
TXN105064,C1418,M519,2743.49,19,19,Net Banking,Pune,Web
TXN105065,C1173,M559,3777.1,11,5,Credit Card,Hyderabad,Web
TXN105066,C1169,M547,2992.4,15,24,Credit Card,Bengaluru,Web
TXN105067,C1245,M563,1934.26,15,3,Net Banking,Pune,Android
TXN105068,C1422,M529,1227.39,17,28,Net Banking,Pune,POS Terminal
TXN105069,C1089,M572,3416.56,21,30,Debit Card,Pune,Android
TXN105070,C1048,M516,2348.65,12,19,Credit Card,Kolkata,POS Terminal
TXN105071,C1445,M513,3390.88,17,6,UPI,Kolkata,POS Terminal
TXN105072,C1293,M518,1797.82,19,24,UPI,Pune,iOS
TXN105073,C1406,M570,1530.1,17,17,UPI,Mumbai,POS Terminal
TXN105074,C1149,M558,3530.01,22,23,UPI,Kolkata,POS Terminal
TXN105075,C1131,M566,1916.87,14,13,Net Banking,Bengaluru,Web
TXN105076,C1432,M543,3255.12,22,7,Credit Card,Bengaluru,Web
TXN105077,C1058,M531,2159.83,16,19,Debit Card,Hyderabad,Android
TXN105078,C1456,M510,5712.54,22,19,UPI,Chennai,iOS
TXN105079,C1323,M501,2104.67,11,25,Net Banking,Kolkata,POS Terminal
TXN105080,C1198,M567,1297.78,12,26,Credit Card,Delhi,POS Terminal
TXN105081,C1214,M516,1847.69,7,12,Net Banking,Ahmedabad,Web
TXN105082,C1385,M539,1943.38,16,11,Debit Card,Chennai,Android
TXN105083,C1048,M545,2090.16,15,30,Debit Card,Kolkata,Android
TXN105084,C1471,M503,6648.98,17,17,UPI,Chennai,Web
TXN105085,C1231,M537,1977.33,15,17,Credit Card,Pune,Web
TXN105086,C1246,M562,2404.07,20,18,Credit Card,Hyderabad,POS Terminal
TXN105087,C1381,M528,2023.08,16,15,Net Banking,Kolkata,iOS
TXN105088,C1478,M518,3640.7,11,6,Net Banking,Hyderabad,Android
TXN105089,C1238,M528,2336.69,13,30,Net Banking,Mumbai,Android
TXN105090,C1414,M534,1935.55,14,8,Credit Card,Kolkata,Web
TXN105091,C1366,M569,2860.89,7,11,Credit Card,Hyderabad,Web
TXN105092,C1167,M522,4271.28,6,26,UPI,Pune,Android
TXN105093,C1047,M545,2894.73,9,13,Debit Card,Hyderabad,iOS
TXN105094,C1050,M543,5100.14,13,17,Debit Card,Delhi,POS Terminal
TXN105095,C1298,M547,1570.01,22,28,UPI,Pune,POS Terminal
TXN105096,C1097,M551,1926.39,12,17,Debit Card,Delhi,Android
TXN105097,C1438,M507,1259.1,22,18,Debit Card,Mumbai,iOS
TXN105098,C1215,M554,4468.38,15,28,Net Banking,Delhi,POS Terminal
TXN105099,C1176,M565,5475.24,13,16,UPI,Ahmedabad,POS Terminal
TXN105100,C1379,M576,1054.55,13,23,UPI,Bengaluru,iOS
TXN105101,C1473,M539,749.98,15,16,Debit Card,Bengaluru,iOS
TXN105102,C1079,M530,2992.55,11,4,UPI,Bengaluru,Android
TXN105103,C1184,M547,5735.64,14,17,Net Banking,Bengaluru,Web
TXN105104,C1366,M560,4129.38,16,8,Net Banking,Pune,Web
TXN105105,C1460,M551,2171.65,20,20,Credit Card,Chennai,POS Terminal
TXN105106,C1398,M537,1337.7,16,7,Credit Card,Bengaluru,Android
TXN105107,C1026,M535,3474.26,7,27,Net Banking,Hyderabad,iOS
TXN105108,C1451,M554,704.59,15,8,Net Banking,Bengaluru,Android
TXN105109,C1463,M512,1316.96,17,1,Debit Card,Mumbai,Web
TXN105110,C1447,M536,4467.55,13,2,UPI,Hyderabad,iOS
TXN105111,C1477,M546,1302.22,14,13,Credit Card,Ahmedabad,Android
TXN105112,C1491,M570,3577.97,11,2,Net Banking,Mumbai,POS Terminal
TXN105113,C1413,M521,2655.53,20,27,UPI,Pune,Android
TXN105114,C1419,M538,3041.46,20,5,Net Banking,Kolkata,Android
TXN105115,C1194,M557,3061.09,12,5,Net Banking,Chennai,iOS
TXN105116,C1213,M529,4326.01,11,6,Net Banking,Mumbai,iOS
TXN105117,C1368,M517,3320.06,23,18,Debit Card,Delhi,POS Terminal
TXN105118,C1341,M517,28124.61,1,16,Debit Card,Delhi,POS Terminal
TXN105119,C1113,M573,4101.9,15,24,UPI,Delhi,Android
TXN105120,C1241,M538,2750.62,16,17,UPI,Mumbai,Web
TXN105121,C1123,M525,3547.25,13,9,UPI,Pune,Web
TXN105122,C1304,M570,2124.44,8,21,Credit Card,Pune,POS Terminal
TXN105123,C1075,M506,2212.39,13,26,Debit Card,Mumbai,iOS
TXN105124,C1310,M568,2472.86,23,8,Debit Card,Delhi,Web
TXN105125,C1468,M564,4200.53,16,8,Credit Card,Kolkata,POS Terminal
TXN105126,C1311,M545,1869.43,23,2,Credit Card,Kolkata,Android
TXN105127,C1195,M517,3979.49,22,9,Credit Card,Kolkata,iOS
TXN105128,C1350,M512,1181.79,14,6,Debit Card,Ahmedabad,Android
TXN105129,C1043,M524,3179.66,8,19,UPI,Chennai,Android
TXN105130,C1414,M507,3456.83,14,1,UPI,Kolkata,iOS
TXN105131,C1185,M573,1980.24,14,25,Debit Card,Hyderabad,Android
TXN105132,C1342,M531,3558.32,11,19,Net Banking,Delhi,Web
TXN105133,C1245,M516,1271.85,14,1,Debit Card,Pune,Android
TXN105134,C1436,M578,4764.7,21,21,UPI,Chennai,Android
TXN105135,C1083,M578,3075.0,15,24,Credit Card,Ahmedabad,Web
TXN105136,C1206,M547,582.25,23,13,Net Banking,Kolkata,POS Terminal
TXN105137,C1150,M562,987.29,19,29,Credit Card,Mumbai,iOS
TXN105138,C1155,M539,4301.8,19,30,Debit Card,Mumbai,iOS
TXN105139,C1015,M514,3493.43,7,7,Debit Card,Chennai,Web
TXN105140,C1164,M505,2307.17,18,21,Debit Card,Mumbai,Android
TXN105141,C1404,M562,2412.61,10,30,Net Banking,Bengaluru,Web
TXN105142,C1462,M507,3037.05,15,13,Debit Card,Mumbai,iOS
TXN105143,C1144,M531,3196.84,9,18,UPI,Pune,iOS
TXN105144,C1497,M544,49138.63,4,2,Net Banking,Bengaluru,POS Terminal
TXN105145,C1036,M551,2173.43,19,3,UPI,Mumbai,Android
TXN105146,C1332,M578,2467.01,17,6,Debit Card,Hyderabad,Web
TXN105147,C1402,M512,3187.43,13,28,UPI,Delhi,Android
TXN105148,C1413,M523,4037.54,17,13,Credit Card,Pune,iOS
TXN105149,C1044,M539,2532.23,13,20,Credit Card,Pune,iOS
TXN105150,C1401,M513,781.26,15,28,Debit Card,Mumbai,Android
TXN105151,C1205,M574,4798.63,16,29,Credit Card,Bengaluru,Android
TXN105152,C1061,M569,3105.85,12,9,Debit Card,Hyderabad,iOS
TXN105153,C1419,M561,2530.27,12,3,UPI,Kolkata,Web
TXN105154,C1355,M560,2034.38,18,22,Net Banking,Mumbai,iOS
TXN105155,C1467,M500,1729.54,14,15,Debit Card,Kolkata,Android
TXN105156,C1307,M565,5270.53,17,4,Credit Card,Bengaluru,Web
TXN105157,C1018,M531,7021.16,22,17,Net Banking,Delhi,POS Terminal
TXN105158,C1364,M512,1368.83,23,17,Debit Card,Chennai,Android
TXN105159,C1299,M532,1238.37,17,13,Net Banking,Ahmedabad,Android
TXN105160,C1006,M531,1952.2,11,27,UPI,Chennai,POS Terminal
TXN105161,C1248,M555,3026.45,13,29,UPI,Chennai,POS Terminal
TXN105162,C1427,M523,4477.61,11,11,Net Banking,Pune,Web
TXN105163,C1116,M503,1699.58,18,29,Debit Card,Pune,iOS
TXN105164,C1067,M522,519.68,11,8,Net Banking,Ahmedabad,POS Terminal
TXN105165,C1033,M528,932.86,11,3,Credit Card,Pune,Android
TXN105166,C1193,M520,1689.28,18,18,Debit Card,Ahmedabad,Android
TXN105167,C1324,M529,1652.36,15,1,Net Banking,Mumbai,iOS
TXN105168,C1054,M519,392.62,15,8,Debit Card,Mumbai,iOS
TXN105169,C1265,M515,4355.19,18,30,Credit Card,Bengaluru,Web
TXN105170,C1479,M566,1674.04,15,9,Debit Card,Delhi,iOS
TXN105171,C1041,M548,4278.6,18,17,Net Banking,Delhi,iOS
TXN105172,C1296,M557,636.78,19,8,Net Banking,Pune,Android
TXN105173,C1460,M543,1770.39,16,11,Net Banking,Chennai,Android
TXN105174,C1230,M524,1205.04,12,1,UPI,Pune,iOS
TXN105175,C1452,M522,37547.6,3,26,UPI,Pune,Web
TXN105176,C1377,M558,3045.79,17,2,Credit Card,Chennai,POS Terminal
TXN105177,C1393,M500,2390.7,12,15,UPI,Delhi,POS Terminal
TXN105178,C1009,M514,1639.56,19,28,UPI,Mumbai,Web
TXN105179,C1357,M551,3214.72,14,17,Credit Card,Pune,Android
TXN105180,C1474,M557,3894.63,13,29,Debit Card,Pune,POS Terminal
TXN105181,C1443,M540,84979.9,4,15,Debit Card,Delhi,Web
TXN105182,C1127,M543,5103.61,11,29,Credit Card,Pune,POS Terminal
TXN105183,C1178,M503,1657.51,10,29,Credit Card,Bengaluru,Web
TXN105184,C1404,M576,2191.43,11,30,Net Banking,Bengaluru,Android
TXN105185,C1391,M567,2152.16,18,18,Debit Card,Bengaluru,iOS
TXN105186,C1192,M506,6241.18,10,12,UPI,Kolkata,iOS
TXN105187,C1091,M545,2359.06,12,14,Net Banking,Hyderabad,Android
TXN105188,C1368,M508,3141.79,11,12,Debit Card,Delhi,Android
TXN105189,C1230,M532,1484.6,8,2,UPI,Pune,Android
TXN105190,C1077,M532,2375.91,10,28,UPI,Pune,iOS
TXN105191,C1084,M503,2966.68,14,21,Credit Card,Mumbai,Web
TXN105192,C1029,M564,2292.85,14,29,UPI,Ahmedabad,iOS
TXN105193,C1212,M533,2243.74,21,26,Credit Card,Hyderabad,iOS
TXN105194,C1048,M578,1883.05,14,29,UPI,Kolkata,Android
TXN105195,C1264,M563,1728.71,15,16,Debit Card,Pune,Web
TXN105196,C1144,M524,4130.58,17,19,UPI,Pune,POS Terminal
TXN105197,C1068,M554,1998.01,10,29,Debit Card,Bengaluru,iOS
TXN105198,C1057,M508,6559.97,12,1,Credit Card,Pune,Web
TXN105199,C1184,M516,5219.54,16,26,Net Banking,Bengaluru,POS Terminal
TXN105200,C1061,M520,3500.28,8,2,Credit Card,Ahmedabad,Web
TXN105201,C1478,M559,2886.39,13,12,Net Banking,Hyderabad,Android
TXN105202,C1307,M512,4784.61,15,4,UPI,Bengaluru,Web
TXN105203,C1444,M502,2644.81,17,7,Debit Card,Ahmedabad,iOS
TXN105204,C1295,M567,1763.91,14,28,UPI,Pune,POS Terminal
TXN105205,C1165,M503,883.64,15,17,Credit Card,Hyderabad,POS Terminal
TXN105206,C1170,M506,2604.59,10,5,Debit Card,Pune,POS Terminal
TXN105207,C1062,M525,2154.8,20,2,Credit Card,Kolkata,Web
TXN105208,C1146,M574,586.13,19,13,Net Banking,Mumbai,POS Terminal
TXN105209,C1483,M523,1592.63,15,28,Credit Card,Delhi,POS Terminal
TXN105210,C1305,M509,2668.6,10,8,UPI,Hyderabad,Android
TXN105211,C1160,M512,2147.69,14,18,UPI,Chennai,iOS
TXN105212,C1140,M543,5670.8,18,4,UPI,Ahmedabad,POS Terminal
TXN105213,C1333,M538,810.22,12,6,Net Banking,Ahmedabad,Web
TXN105214,C1096,M518,1963.87,18,9,UPI,Bengaluru,iOS
TXN105215,C1445,M550,3331.12,11,10,Credit Card,Kolkata,POS Terminal
TXN105216,C1220,M518,3007.14,17,4,Net Banking,Kolkata,iOS
TXN105217,C1042,M575,3696.74,8,4,Credit Card,Delhi,POS Terminal
TXN105218,C1432,M551,3908.31,11,7,Debit Card,Bengaluru,POS Terminal
TXN105219,C1291,M546,3408.24,14,14,UPI,Delhi,POS Terminal
TXN105220,C1377,M529,3054.12,7,12,Debit Card,Chennai,Android
TXN105221,C1107,M545,3067.08,7,15,UPI,Chennai,iOS
TXN105222,C1265,M575,4350.59,22,17,Net Banking,Delhi,Android
TXN105223,C1094,M520,2988.78,12,21,Net Banking,Delhi,Android
TXN105224,C1261,M574,2718.97,16,21,Debit Card,Chennai,Web
TXN105225,C1312,M547,1029.87,19,13,Debit Card,Mumbai,POS Terminal
TXN105226,C1384,M561,1717.23,14,1,UPI,Mumbai,Android
TXN105227,C1070,M557,3480.26,12,22,Net Banking,Ahmedabad,Web
TXN105228,C1441,M517,1253.78,13,13,UPI,Delhi,iOS
TXN105229,C1218,M558,1011.69,9,16,Credit Card,Pune,iOS
TXN105230,C1020,M547,2176.31,9,13,Credit Card,Pune,Android
TXN105231,C1091,M562,2037.24,18,9,UPI,Hyderabad,Web
TXN105232,C1126,M511,1661.97,15,23,UPI,Delhi,POS Terminal
TXN105233,C1079,M533,3378.42,18,18,UPI,Hyderabad,iOS
TXN105234,C1311,M560,1146.31,14,16,UPI,Kolkata,Web
TXN105235,C1237,M552,1127.45,17,20,Debit Card,Pune,iOS
TXN105236,C1470,M524,2744.56,19,12,Debit Card,Pune,POS Terminal
TXN105237,C1371,M561,1502.51,19,8,Debit Card,Pune,Web
TXN105238,C1403,M503,1436.19,11,1,Debit Card,Mumbai,POS Terminal
TXN105239,C1485,M512,59137.4,3,13,Credit Card,Hyderabad,Android
TXN105240,C1181,M541,2996.17,7,22,UPI,Ahmedabad,POS Terminal
TXN105241,C1024,M548,35472.63,3,19,Debit Card,Kolkata,iOS
TXN105242,C1155,M577,99391.44,3,13,Debit Card,Pune,Android
TXN105243,C1004,M555,2035.77,16,3,Net Banking,Mumbai,POS Terminal
TXN105244,C1119,M546,3838.62,12,28,Net Banking,Ahmedabad,Android
TXN105245,C1276,M507,1722.29,14,30,UPI,Mumbai,POS Terminal
TXN105246,C1017,M554,1617.93,17,1,Debit Card,Pune,Web
TXN105247,C1430,M517,1041.23,11,14,Debit Card,Chennai,Android
TXN105248,C1197,M534,1434.74,12,24,Credit Card,Pune,POS Terminal
TXN105249,C1056,M531,2187.71,16,21,Debit Card,Pune,Android
TXN105250,C1092,M523,3447.29,19,1,UPI,Kolkata,POS Terminal
TXN105251,C1018,M506,5951.98,16,29,Net Banking,Ahmedabad,POS Terminal
TXN105252,C1383,M512,1154.56,9,5,Net Banking,Ahmedabad,Android
TXN105253,C1352,M568,3278.45,10,30,Debit Card,Mumbai,Android
TXN105254,C1192,M541,2590.42,19,5,Credit Card,Kolkata,Web
TXN105255,C1236,M530,3239.55,16,11,Credit Card,Ahmedabad,Web
TXN105256,C1386,M573,2668.37,23,25,UPI,Bengaluru,Android
TXN105257,C1425,M525,2562.81,8,28,Credit Card,Bengaluru,iOS
TXN105258,C1276,M575,1422.83,12,26,Debit Card,Mumbai,POS Terminal
TXN105259,C1226,M531,125500.58,3,19,UPI,Pune,Android
TXN105260,C1232,M551,3144.35,22,12,Debit Card,Pune,Android
TXN105261,C1039,M519,4911.24,17,25,UPI,Pune,POS Terminal
TXN105262,C1322,M539,416.39,23,8,Credit Card,Ahmedabad,iOS
TXN105263,C1152,M558,2710.6,13,10,Credit Card,Mumbai,iOS
TXN105264,C1126,M576,1687.83,18,18,Debit Card,Delhi,Android
TXN105265,C1236,M513,3696.2,18,9,Net Banking,Ahmedabad,Web
TXN105266,C1485,M543,2360.31,19,11,Credit Card,Kolkata,Web
TXN105267,C1492,M547,1403.04,11,30,Net Banking,Chennai,iOS
TXN105268,C1054,M542,317.88,18,30,Debit Card,Mumbai,POS Terminal
TXN105269,C1467,M515,1802.36,12,5,Credit Card,Kolkata,Android
TXN105270,C1435,M534,2734.87,8,24,Credit Card,Hyderabad,Android
TXN105271,C1171,M552,2092.88,8,13,Net Banking,Mumbai,Android
TXN105272,C1108,M533,1281.5,17,13,Debit Card,Delhi,POS Terminal
TXN105273,C1353,M502,2771.17,13,24,Net Banking,Kolkata,POS Terminal
TXN105274,C1468,M567,4120.69,20,4,Credit Card,Kolkata,Android
TXN105275,C1183,M504,809.31,19,17,UPI,Pune,Android
TXN105276,C1438,M509,1198.86,12,27,Credit Card,Mumbai,POS Terminal
TXN105277,C1367,M551,4628.89,15,14,Net Banking,Chennai,iOS
TXN105278,C1470,M528,2084.06,17,9,UPI,Pune,Web
TXN105279,C1197,M530,1627.32,15,22,Net Banking,Pune,iOS
TXN105280,C1370,M565,2708.82,16,2,UPI,Ahmedabad,iOS
TXN105281,C1372,M575,5326.68,14,4,UPI,Kolkata,Android
TXN105282,C1460,M568,2683.79,16,11,Net Banking,Chennai,iOS
TXN105283,C1496,M536,3612.67,18,10,Net Banking,Hyderabad,Android
TXN105284,C1086,M526,5365.42,17,5,UPI,Delhi,POS Terminal
TXN105285,C1200,M532,3765.03,13,16,UPI,Kolkata,iOS
TXN105286,C1336,M567,2113.69,9,6,Credit Card,Ahmedabad,Android
TXN105287,C1321,M558,863.65,11,5,Net Banking,Bengaluru,Web
TXN105288,C1274,M563,894.67,13,13,Credit Card,Mumbai,Android
TXN105289,C1210,M543,69778.53,2,9,Debit Card,Pune,Android
TXN105290,C1390,M548,2858.84,15,10,Net Banking,Mumbai,Web
TXN105291,C1117,M552,2009.39,7,27,Debit Card,Bengaluru,Android
TXN105292,C1190,M573,2379.7,11,2,Debit Card,Hyderabad,Android
TXN105293,C1041,M548,2193.23,9,15,Net Banking,Delhi,Web
TXN105294,C1041,M565,3761.91,15,27,Debit Card,Delhi,Android
TXN105295,C1314,M562,1554.74,16,12,UPI,Chennai,iOS
TXN105296,C1275,M524,2411.67,22,12,Credit Card,Kolkata,Android
TXN105297,C1328,M503,1112.05,14,3,UPI,Ahmedabad,iOS
TXN105298,C1016,M550,4801.26,10,26,Debit Card,Mumbai,Web
TXN105299,C1282,M510,3348.76,18,15,UPI,Kolkata,iOS
TXN105300,C1430,M516,1223.05,19,27,Net Banking,Chennai,Web
TXN105301,C1257,M565,1647.27,14,19,Debit Card,Delhi,Android
TXN105302,C1062,M569,2038.4,14,13,Net Banking,Mumbai,Android
TXN105303,C1061,M572,2819.69,13,3,Debit Card,Ahmedabad,Web
TXN105304,C1099,M568,2749.6,14,13,Debit Card,Kolkata,iOS
TXN105305,C1018,M528,8751.32,18,22,Net Banking,Chennai,iOS
TXN105306,C1016,M572,3888.1,9,24,Debit Card,Mumbai,iOS
TXN105307,C1324,M571,38380.3,2,5,Credit Card,Pune,iOS
TXN105308,C1422,M519,1073.04,13,11,Net Banking,Pune,Android
TXN105309,C1465,M526,2101.93,15,22,Debit Card,Kolkata,iOS
TXN105310,C1372,M507,4493.87,14,17,Credit Card,Kolkata,POS Terminal
TXN105311,C1245,M560,2318.91,23,26,Credit Card,Pune,Web
TXN105312,C1250,M527,2161.45,13,19,Debit Card,Kolkata,iOS
TXN105313,C1454,M569,2055.14,9,20,Credit Card,Hyderabad,Web
TXN105314,C1080,M502,861.17,11,27,Debit Card,Pune,Web
TXN105315,C1038,M568,3780.36,19,23,Debit Card,Chennai,Android
TXN105316,C1035,M572,2027.69,11,27,Debit Card,Hyderabad,Web
TXN105317,C1423,M506,3359.77,17,12,Debit Card,Delhi,iOS
TXN105318,C1428,M559,1707.46,6,29,Credit Card,Chennai,POS Terminal
TXN105319,C1387,M503,1621.74,11,5,UPI,Delhi,iOS
TXN105320,C1485,M504,2823.1,16,17,Net Banking,Kolkata,Android
TXN105321,C1408,M510,3141.51,15,19,UPI,Ahmedabad,iOS
TXN105322,C1196,M514,3929.15,14,11,Debit Card,Pune,Web
TXN105323,C1157,M563,4203.26,16,2,Debit Card,Hyderabad,POS Terminal
TXN105324,C1203,M512,1710.49,20,6,Debit Card,Delhi,iOS
TXN105325,C1195,M506,4255.85,9,21,UPI,Kolkata,Web
TXN105326,C1215,M505,3770.47,12,3,Net Banking,Delhi,iOS
TXN105327,C1284,M555,1107.32,11,15,UPI,Mumbai,POS Terminal
TXN105328,C1456,M563,8255.52,11,18,Net Banking,Chennai,iOS
TXN105329,C1195,M549,2887.1,12,17,Debit Card,Kolkata,iOS
TXN105330,C1306,M529,996.19,14,15,Credit Card,Bengaluru,Web
TXN105331,C1151,M521,2598.48,20,2,Credit Card,Bengaluru,POS Terminal
TXN105332,C1013,M524,2593.86,16,5,UPI,Bengaluru,Web
TXN105333,C1324,M527,1494.89,15,5,Credit Card,Mumbai,Android
TXN105334,C1145,M538,2622.76,17,9,Credit Card,Hyderabad,Web
TXN105335,C1425,M566,2195.68,15,6,Net Banking,Bengaluru,POS Terminal
TXN105336,C1056,M504,1903.42,15,19,Debit Card,Chennai,Web
TXN105337,C1210,M564,5871.62,11,10,Credit Card,Delhi,iOS
TXN105338,C1267,M514,2405.62,12,27,Debit Card,Chennai,POS Terminal
TXN105339,C1209,M566,6950.65,13,19,Debit Card,Bengaluru,POS Terminal
TXN105340,C1016,M539,4435.04,11,19,Debit Card,Mumbai,iOS
TXN105341,C1285,M568,3291.88,13,16,Debit Card,Mumbai,Android
TXN105342,C1343,M576,1843.05,13,12,Credit Card,Hyderabad,Android
TXN105343,C1202,M542,5339.65,16,24,UPI,Kolkata,Android
TXN105344,C1098,M500,2192.52,16,9,Credit Card,Bengaluru,iOS
TXN105345,C1278,M521,1613.06,10,3,UPI,Pune,Android
TXN105346,C1208,M561,1660.51,20,17,UPI,Bengaluru,iOS
TXN105347,C1128,M578,1017.11,11,30,Debit Card,Mumbai,POS Terminal
TXN105348,C1334,M525,2349.56,17,27,Credit Card,Hyderabad,iOS
TXN105349,C1287,M517,5775.05,19,24,Net Banking,Mumbai,Android
TXN105350,C1251,M547,4358.72,10,10,UPI,Bengaluru,Web
TXN105351,C1264,M508,1364.72,19,18,UPI,Pune,Android
TXN105352,C1270,M500,5972.08,23,7,Credit Card,Ahmedabad,POS Terminal
TXN105353,C1411,M508,2154.66,11,7,Net Banking,Hyderabad,POS Terminal
TXN105354,C1407,M522,1022.08,18,9,Net Banking,Pune,POS Terminal
TXN105355,C1187,M544,3349.06,15,16,UPI,Hyderabad,Android
TXN105356,C1418,M501,2073.49,18,24,Credit Card,Pune,iOS
TXN105357,C1213,M513,6231.01,17,11,Net Banking,Chennai,iOS
TXN105358,C1282,M537,2920.65,13,9,Debit Card,Kolkata,Web
TXN105359,C1210,M539,6335.49,18,1,Net Banking,Delhi,iOS
TXN105360,C1364,M562,2238.12,8,12,UPI,Chennai,Web
TXN105361,C1075,M515,3604.89,14,3,Debit Card,Mumbai,POS Terminal
TXN105362,C1147,M574,958.5,10,20,Net Banking,Kolkata,Web
TXN105363,C1320,M505,771.52,18,19,Net Banking,Chennai,Web
TXN105364,C1212,M502,2463.98,9,8,Net Banking,Hyderabad,Web
TXN105365,C1432,M513,4344.35,12,7,UPI,Bengaluru,Android
TXN105366,C1108,M565,1327.89,15,5,Debit Card,Delhi,POS Terminal
TXN105367,C1128,M574,25112.33,2,5,UPI,Bengaluru,Android
TXN105368,C1009,M566,2142.05,14,20,Net Banking,Bengaluru,POS Terminal
TXN105369,C1046,M530,830.9,22,5,Credit Card,Delhi,Android
TXN105370,C1378,M532,1117.04,18,12,Debit Card,Delhi,Android
TXN105371,C1314,M500,1355.59,14,21,Credit Card,Chennai,POS Terminal
TXN105372,C1095,M543,2802.68,12,20,UPI,Pune,POS Terminal
TXN105373,C1445,M514,3058.95,6,5,Debit Card,Kolkata,iOS
TXN105374,C1102,M536,8001.77,16,23,Debit Card,Ahmedabad,Web
TXN105375,C1379,M526,977.48,7,25,Net Banking,Bengaluru,POS Terminal
TXN105376,C1341,M547,47083.38,2,7,UPI,Hyderabad,iOS
TXN105377,C1145,M526,2348.76,20,1,Net Banking,Hyderabad,Android
TXN105378,C1367,M511,2795.19,11,25,Net Banking,Chennai,Web
TXN105379,C1429,M566,1953.61,14,19,UPI,Mumbai,Web
TXN105380,C1415,M529,893.13,22,2,Net Banking,Pune,iOS
TXN105381,C1026,M565,1236.55,7,12,UPI,Hyderabad,Android
TXN105382,C1219,M506,2672.68,17,10,Credit Card,Mumbai,POS Terminal
TXN105383,C1017,M533,927.89,15,25,Net Banking,Bengaluru,iOS
TXN105384,C1166,M531,1160.35,12,28,Debit Card,Hyderabad,Web
TXN105385,C1432,M538,3501.75,10,28,Debit Card,Bengaluru,Android
TXN105386,C1476,M542,1928.47,17,16,Credit Card,Chennai,Android
TXN105387,C1081,M542,1562.09,7,11,Debit Card,Hyderabad,iOS
TXN105388,C1427,M577,4327.39,14,18,Credit Card,Pune,iOS
TXN105389,C1071,M502,2406.29,16,30,Credit Card,Hyderabad,iOS
TXN105390,C1309,M545,6279.25,15,26,Net Banking,Mumbai,Android
TXN105391,C1478,M531,3931.54,16,29,UPI,Hyderabad,POS Terminal
TXN105392,C1253,M542,902.12,13,12,Credit Card,Hyderabad,POS Terminal
TXN105393,C1161,M502,3035.27,14,9,Debit Card,Pune,Web
TXN105394,C1326,M573,2998.95,20,21,Debit Card,Bengaluru,Android
TXN105395,C1419,M562,2602.17,6,22,UPI,Kolkata,POS Terminal
TXN105396,C1401,M539,841.39,17,7,Net Banking,Mumbai,Android
TXN105397,C1037,M517,1581.17,15,7,Debit Card,Chennai,Android
TXN105398,C1442,M566,1235.06,14,13,Net Banking,Kolkata,Android
TXN105399,C1392,M561,815.55,15,20,Credit Card,Pune,iOS
TXN105400,C1200,M509,3253.58,10,13,Debit Card,Kolkata,POS Terminal
TXN105401,C1493,M551,2161.43,10,20,Credit Card,Mumbai,iOS
TXN105402,C1199,M572,2024.27,11,28,Debit Card,Kolkata,Web
TXN105403,C1254,M545,3732.49,16,5,Debit Card,Chennai,Android
TXN105404,C1178,M554,2043.58,21,25,UPI,Bengaluru,Android
TXN105405,C1034,M545,1255.28,16,14,Credit Card,Kolkata,Web
TXN105406,C1081,M574,1594.09,13,16,UPI,Hyderabad,POS Terminal
TXN105407,C1388,M559,1741.8,17,13,UPI,Ahmedabad,Android
TXN105408,C1397,M525,5579.84,22,26,UPI,Bengaluru,Android
TXN105409,C1219,M526,3730.65,13,12,UPI,Bengaluru,POS Terminal
TXN105410,C1157,M537,5342.79,14,1,Net Banking,Hyderabad,Web
TXN105411,C1003,M521,884.81,13,8,Net Banking,Ahmedabad,Web
TXN105412,C1166,M525,1120.48,15,8,Net Banking,Hyderabad,POS Terminal
TXN105413,C1467,M568,1709.86,16,23,Credit Card,Kolkata,POS Terminal
TXN105414,C1447,M534,3352.72,20,22,Net Banking,Delhi,Web
TXN105415,C1408,M565,3517.74,16,27,Credit Card,Ahmedabad,Web
TXN105416,C1411,M572,2421.69,13,15,Debit Card,Hyderabad,Android
TXN105417,C1203,M550,1754.95,23,3,Net Banking,Ahmedabad,Web
TXN105418,C1193,M517,2309.85,9,29,Debit Card,Ahmedabad,Web
TXN105419,C1234,M542,1709.41,22,27,Net Banking,Bengaluru,iOS
TXN105420,C1205,M511,5186.73,13,8,UPI,Bengaluru,iOS
TXN105421,C1149,M502,3057.03,15,23,Net Banking,Kolkata,Web
TXN105422,C1158,M506,2384.42,12,24,Credit Card,Ahmedabad,POS Terminal
TXN105423,C1278,M505,1762.05,16,18,Debit Card,Pune,Web
TXN105424,C1303,M544,1910.75,15,24,UPI,Hyderabad,POS Terminal
TXN105425,C1403,M538,1701.16,14,29,Net Banking,Mumbai,iOS
TXN105426,C1380,M550,1522.92,19,7,UPI,Pune,POS Terminal
TXN105427,C1165,M508,1329.87,16,29,Debit Card,Hyderabad,Web
TXN105428,C1310,M522,2732.74,15,22,Credit Card,Delhi,iOS
TXN105429,C1067,M511,673.18,19,25,Net Banking,Ahmedabad,iOS
TXN105430,C1462,M561,3594.96,13,12,Debit Card,Mumbai,iOS
TXN105431,C1087,M572,2065.33,12,15,Debit Card,Bengaluru,Android
TXN105432,C1216,M576,2892.59,16,8,Credit Card,Hyderabad,iOS
TXN105433,C1000,M539,26471.24,2,29,Debit Card,Delhi,POS Terminal
TXN105434,C1134,M553,3070.0,15,16,UPI,Ahmedabad,POS Terminal
TXN105435,C1184,M506,6244.5,17,5,Net Banking,Bengaluru,Web
TXN105436,C1350,M516,2138.63,15,5,Debit Card,Bengaluru,Web
TXN105437,C1139,M549,877.64,17,9,Net Banking,Ahmedabad,iOS
TXN105438,C1105,M523,1545.93,18,13,Net Banking,Delhi,Android
TXN105439,C1132,M501,5150.05,21,30,Credit Card,Mumbai,Web
TXN105440,C1107,M532,2762.48,18,15,Net Banking,Chennai,POS Terminal
TXN105441,C1177,M520,5477.31,17,8,Credit Card,Hyderabad,POS Terminal
TXN105442,C1297,M573,4996.12,19,12,Debit Card,Kolkata,iOS
TXN105443,C1357,M552,1859.49,12,20,Debit Card,Chennai,Web
TXN105444,C1379,M545,1521.46,6,29,Debit Card,Bengaluru,POS Terminal
TXN105445,C1395,M544,2139.76,11,9,Net Banking,Mumbai,iOS
TXN105446,C1358,M508,83490.55,2,27,Net Banking,Kolkata,Web
TXN105447,C1145,M505,2273.7,7,15,UPI,Delhi,Android
TXN105448,C1449,M550,4758.87,15,15,Net Banking,Chennai,Android
TXN105449,C1073,M534,1641.73,18,13,Credit Card,Bengaluru,Android
TXN105450,C1462,M552,2797.33,11,15,UPI,Mumbai,Android
TXN105451,C1477,M518,1005.01,11,22,Net Banking,Ahmedabad,Web
TXN105452,C1107,M568,3380.06,7,5,UPI,Chennai,Web
TXN105453,C1121,M524,3289.62,17,10,Net Banking,Mumbai,Android
TXN105454,C1016,M510,3398.88,15,23,Net Banking,Mumbai,POS Terminal
TXN105455,C1195,M573,5072.04,12,30,UPI,Kolkata,Web
TXN105456,C1326,M516,4544.74,20,25,Credit Card,Chennai,iOS
TXN105457,C1317,M535,1639.59,20,12,Credit Card,Mumbai,POS Terminal
TXN105458,C1296,M520,1204.15,13,17,Net Banking,Pune,POS Terminal
TXN105459,C1478,M517,2394.57,18,9,UPI,Hyderabad,POS Terminal
TXN105460,C1498,M559,1652.57,11,29,Credit Card,Kolkata,Android
TXN105461,C1251,M517,4554.93,10,26,Credit Card,Bengaluru,POS Terminal
TXN105462,C1486,M500,4350.44,19,5,Credit Card,Bengaluru,Web
TXN105463,C1118,M513,2284.13,19,9,Debit Card,Pune,POS Terminal
TXN105464,C1161,M507,5576.23,16,5,Credit Card,Pune,POS Terminal
TXN105465,C1197,M565,1209.71,23,23,Net Banking,Pune,iOS
TXN105466,C1497,M550,2722.22,21,14,Net Banking,Chennai,iOS
TXN105467,C1485,M578,3296.69,16,7,Credit Card,Kolkata,Web
TXN105468,C1044,M559,1974.57,16,9,Credit Card,Pune,POS Terminal
TXN105469,C1313,M533,5036.48,12,12,UPI,Mumbai,Android
TXN105470,C1178,M535,1775.32,6,5,Debit Card,Bengaluru,iOS
TXN105471,C1381,M561,1779.61,17,7,Net Banking,Pune,Android
TXN105472,C1417,M500,3171.12,21,5,Debit Card,Bengaluru,Web
TXN105473,C1043,M541,2937.05,12,20,UPI,Chennai,Web
TXN105474,C1270,M500,7951.88,14,29,Credit Card,Hyderabad,POS Terminal
TXN105475,C1077,M553,3058.74,7,17,Credit Card,Pune,Web
TXN105476,C1325,M546,3325.48,16,11,Debit Card,Bengaluru,POS Terminal
TXN105477,C1177,M538,7745.27,15,5,Net Banking,Pune,Android
TXN105478,C1356,M529,1101.16,15,28,Credit Card,Mumbai,Android
TXN105479,C1497,M506,3929.9,21,4,Debit Card,Chennai,iOS
TXN105480,C1415,M521,1261.78,12,27,UPI,Pune,iOS
TXN105481,C1450,M549,4091.81,20,1,Debit Card,Chennai,POS Terminal
TXN105482,C1002,M544,2286.31,18,26,Debit Card,Kolkata,Android
TXN105483,C1213,M573,7439.17,12,1,Net Banking,Mumbai,Web
TXN105484,C1341,M571,1320.9,21,14,Debit Card,Ahmedabad,Android
TXN105485,C1073,M509,1474.2,11,21,Debit Card,Bengaluru,iOS
TXN105486,C1050,M513,5450.68,17,28,Debit Card,Delhi,Web
TXN105487,C1066,M545,2942.15,13,28,Net Banking,Ahmedabad,iOS
TXN105488,C1331,M574,1566.66,15,9,UPI,Chennai,Web
TXN105489,C1092,M505,4489.99,14,1,Net Banking,Kolkata,Android
TXN105490,C1175,M520,4985.42,14,8,Credit Card,Kolkata,iOS
TXN105491,C1144,M561,3440.74,13,13,Credit Card,Pune,Web
TXN105492,C1006,M518,1546.62,10,9,Debit Card,Chennai,iOS
TXN105493,C1268,M561,752.7,10,15,Credit Card,Delhi,Android
TXN105494,C1375,M552,1455.62,6,27,Net Banking,Delhi,iOS
TXN105495,C1321,M523,674.62,17,11,Debit Card,Bengaluru,iOS
TXN105496,C1003,M555,22854.11,1,26,Net Banking,Kolkata,POS Terminal
TXN105497,C1137,M561,1385.66,8,4,Credit Card,Pune,Web
TXN105498,C1230,M533,1326.9,15,29,Credit Card,Pune,POS Terminal
TXN105499,C1087,M521,1859.37,23,8,Net Banking,Bengaluru,Web
TXN105500,C1016,M567,3166.97,18,13,Net Banking,Mumbai,POS Terminal
TXN105501,C1051,M556,324.08,8,17,Credit Card,Bengaluru,Android
TXN105502,C1133,M509,2636.75,9,4,Credit Card,Bengaluru,POS Terminal
TXN105503,C1210,M565,3064.21,14,10,Net Banking,Delhi,POS Terminal
TXN105504,C1324,M507,1126.31,11,2,Net Banking,Mumbai,Web
TXN105505,C1479,M537,1584.88,13,26,UPI,Delhi,POS Terminal
TXN105506,C1457,M561,3355.51,16,30,Net Banking,Hyderabad,Web
TXN105507,C1392,M527,778.13,14,15,Debit Card,Pune,iOS
TXN105508,C1218,M509,847.75,15,20,Net Banking,Pune,Android
TXN105509,C1204,M544,2047.55,12,30,Debit Card,Pune,Android
TXN105510,C1210,M564,5869.11,10,18,UPI,Delhi,Web
TXN105511,C1276,M566,1949.55,13,30,UPI,Mumbai,iOS
TXN105512,C1023,M508,5413.88,10,14,UPI,Chennai,Android
TXN105513,C1485,M504,1864.86,15,3,Net Banking,Kolkata,Android
TXN105514,C1003,M509,1075.27,22,1,UPI,Ahmedabad,iOS
TXN105515,C1151,M511,2397.39,11,26,UPI,Bengaluru,POS Terminal
TXN105516,C1442,M557,1390.59,6,3,Debit Card,Hyderabad,Web
TXN105517,C1482,M520,1128.38,22,23,Net Banking,Delhi,Web
TXN105518,C1258,M520,5044.83,15,27,UPI,Delhi,POS Terminal
TXN105519,C1323,M564,1486.45,14,13,Debit Card,Kolkata,Web
TXN105520,C1356,M502,868.22,12,8,Debit Card,Mumbai,iOS
TXN105521,C1167,M568,4509.76,16,22,Net Banking,Pune,iOS
TXN105522,C1175,M563,6037.94,8,17,Credit Card,Kolkata,Android
TXN105523,C1309,M548,9389.9,10,23,Credit Card,Mumbai,POS Terminal
TXN105524,C1290,M571,2001.37,12,29,Net Banking,Chennai,iOS
TXN105525,C1478,M516,3523.07,11,16,Credit Card,Hyderabad,Web
TXN105526,C1055,M572,3887.76,11,16,UPI,Ahmedabad,Android
TXN105527,C1107,M531,2863.13,11,12,UPI,Chennai,iOS
TXN105528,C1472,M569,2817.16,20,19,Net Banking,Delhi,POS Terminal
TXN105529,C1295,M520,1014.23,10,30,Credit Card,Pune,iOS
TXN105530,C1460,M506,2620.35,17,16,UPI,Chennai,Android
TXN105531,C1323,M506,1754.14,9,15,Credit Card,Kolkata,Web
TXN105532,C1301,M526,398.2,11,29,Debit Card,Pune,POS Terminal
TXN105533,C1333,M507,824.2,18,9,Debit Card,Ahmedabad,Web
TXN105534,C1140,M572,7806.09,15,16,Net Banking,Ahmedabad,iOS
TXN105535,C1154,M527,6450.68,16,27,Debit Card,Mumbai,POS Terminal
TXN105536,C1261,M578,2302.53,14,2,Debit Card,Chennai,Android
TXN105537,C1272,M565,1724.63,15,25,Credit Card,Pune,iOS
TXN105538,C1419,M570,4184.34,11,10,Debit Card,Kolkata,Android
TXN105539,C1231,M546,1949.63,16,12,Net Banking,Pune,iOS
TXN105540,C1240,M509,42497.43,4,18,Debit Card,Mumbai,Web
TXN105541,C1354,M532,2727.59,18,18,UPI,Mumbai,Android
TXN105542,C1336,M506,2256.57,19,28,Net Banking,Ahmedabad,Web
TXN105543,C1488,M502,4072.01,12,4,Net Banking,Kolkata,Web
TXN105544,C1257,M513,2245.71,8,2,Net Banking,Delhi,Android
TXN105545,C1248,M543,4100.65,17,7,Debit Card,Chennai,POS Terminal
TXN105546,C1076,M545,3474.07,21,19,Debit Card,Mumbai,Android
TXN105547,C1179,M560,7418.7,14,11,Net Banking,Delhi,iOS
TXN105548,C1065,M535,1447.43,14,30,Credit Card,Hyderabad,Android
TXN105549,C1307,M512,4668.42,20,13,Net Banking,Bengaluru,iOS
TXN105550,C1347,M515,4192.08,15,29,UPI,Pune,Android
TXN105551,C1170,M579,74924.13,2,20,UPI,Bengaluru,Web
TXN105552,C1473,M504,1008.49,16,17,UPI,Bengaluru,Android
TXN105553,C1021,M537,5431.36,11,10,UPI,Kolkata,POS Terminal
TXN105554,C1366,M549,4065.33,14,16,Net Banking,Pune,Android
TXN105555,C1106,M537,1306.34,14,20,Net Banking,Delhi,iOS
TXN105556,C1438,M555,1529.83,9,16,Net Banking,Mumbai,iOS
TXN105557,C1322,M562,455.4,18,20,Net Banking,Ahmedabad,POS Terminal
TXN105558,C1226,M547,7300.76,13,20,Net Banking,Delhi,POS Terminal
TXN105559,C1443,M558,2396.65,11,16,Credit Card,Kolkata,Web
TXN105560,C1441,M576,937.01,17,27,Credit Card,Delhi,POS Terminal
TXN105561,C1395,M543,2761.2,11,25,Credit Card,Mumbai,Android
TXN105562,C1215,M554,3239.49,16,19,Net Banking,Delhi,iOS
TXN105563,C1068,M554,2041.78,23,13,Debit Card,Bengaluru,POS Terminal
TXN105564,C1083,M500,3372.59,14,23,Net Banking,Pune,POS Terminal
TXN105565,C1102,M507,73768.88,2,20,UPI,Mumbai,Android
TXN105566,C1038,M503,3944.15,14,11,Net Banking,Chennai,Web
TXN105567,C1012,M552,1103.27,20,12,UPI,Ahmedabad,iOS
TXN105568,C1296,M557,968.71,9,17,Credit Card,Ahmedabad,Web
TXN105569,C1312,M536,1284.11,11,15,UPI,Mumbai,POS Terminal
TXN105570,C1180,M548,36065.76,2,26,Net Banking,Chennai,iOS
TXN105571,C1492,M566,2317.28,10,3,Debit Card,Chennai,POS Terminal
TXN105572,C1267,M518,2275.39,9,9,UPI,Chennai,Android
TXN105573,C1012,M500,1352.85,11,10,Debit Card,Ahmedabad,iOS
TXN105574,C1119,M528,4327.17,17,12,Net Banking,Ahmedabad,Web
TXN105575,C1457,M532,3587.98,8,22,Net Banking,Hyderabad,iOS
TXN105576,C1352,M551,2897.06,16,24,UPI,Chennai,POS Terminal
TXN105577,C1056,M540,2870.85,19,9,UPI,Pune,Android
TXN105578,C1039,M522,4383.46,11,24,Credit Card,Pune,Android
TXN105579,C1373,M504,1769.55,6,5,Debit Card,Mumbai,Web
TXN105580,C1335,M570,1486.35,16,22,UPI,Pune,Web
TXN105581,C1127,M556,4708.57,13,26,Net Banking,Mumbai,POS Terminal
TXN105582,C1172,M505,1613.1,8,2,UPI,Bengaluru,iOS
TXN105583,C1034,M548,1220.41,19,28,Net Banking,Kolkata,Android
TXN105584,C1258,M521,3827.69,12,13,Credit Card,Delhi,Android
TXN105585,C1375,M576,1101.45,9,11,Debit Card,Delhi,POS Terminal
TXN105586,C1004,M575,1791.93,12,9,Debit Card,Kolkata,iOS
TXN105587,C1217,M503,5137.78,6,22,Credit Card,Mumbai,iOS
TXN105588,C1010,M571,4354.12,14,8,UPI,Hyderabad,Web
TXN105589,C1381,M563,1507.35,12,23,Debit Card,Pune,Web
TXN105590,C1326,M536,4203.94,23,15,Credit Card,Delhi,iOS
TXN105591,C1116,M530,1757.44,14,28,Credit Card,Chennai,POS Terminal
TXN105592,C1183,M536,933.44,19,29,Credit Card,Pune,iOS
TXN105593,C1393,M544,1393.9,12,16,Credit Card,Delhi,iOS
TXN105594,C1361,M507,4942.6,16,10,Credit Card,Ahmedabad,Android
TXN105595,C1115,M539,2109.53,16,2,Net Banking,Delhi,POS Terminal
TXN105596,C1161,M504,3561.09,10,30,UPI,Bengaluru,POS Terminal
TXN105597,C1066,M527,1738.21,9,15,Debit Card,Ahmedabad,POS Terminal
TXN105598,C1199,M508,1923.52,14,18,Credit Card,Delhi,POS Terminal
TXN105599,C1030,M501,4597.68,16,13,Net Banking,Delhi,Web
TXN105600,C1074,M562,3334.15,14,5,UPI,Hyderabad,Web
TXN105601,C1236,M550,3752.0,12,19,UPI,Ahmedabad,Android
TXN105602,C1326,M530,1931.41,9,1,Net Banking,Hyderabad,Web
TXN105603,C1492,M506,1930.35,8,26,Credit Card,Chennai,POS Terminal
TXN105604,C1065,M529,1437.12,18,27,Debit Card,Hyderabad,iOS
TXN105605,C1069,M557,675.64,13,29,Credit Card,Hyderabad,Android
TXN105606,C1296,M502,965.22,13,3,Net Banking,Pune,iOS
TXN105607,C1446,M550,3625.54,6,23,Credit Card,Delhi,Web
TXN105608,C1415,M555,1656.62,13,10,Debit Card,Pune,POS Terminal
TXN105609,C1019,M572,1687.85,15,15,Net Banking,Hyderabad,Android
TXN105610,C1440,M509,4937.6,10,25,Credit Card,Ahmedabad,Web
TXN105611,C1225,M560,716.52,16,16,UPI,Mumbai,iOS
TXN105612,C1433,M549,74226.47,4,27,Net Banking,Hyderabad,iOS
TXN105613,C1463,M546,1239.77,11,29,UPI,Mumbai,POS Terminal
TXN105614,C1408,M500,2498.25,17,4,Debit Card,Ahmedabad,Web
TXN105615,C1395,M556,2872.54,18,24,Debit Card,Mumbai,Android
TXN105616,C1198,M537,862.24,22,22,Credit Card,Delhi,Android
TXN105617,C1038,M561,4238.09,23,20,UPI,Chennai,Android
TXN105618,C1144,M578,4004.81,13,3,UPI,Pune,iOS
TXN105619,C1044,M569,2579.13,18,5,Credit Card,Pune,Web
TXN105620,C1394,M564,2499.54,8,3,Debit Card,Kolkata,Android
TXN105621,C1325,M561,3420.3,13,8,UPI,Bengaluru,Android
TXN105622,C1380,M555,1617.88,19,27,UPI,Pune,Android
TXN105623,C1406,M566,1424.06,7,28,Credit Card,Mumbai,Android
TXN105624,C1090,M516,2962.11,15,6,Debit Card,Pune,Android
TXN105625,C1237,M507,958.12,16,15,Credit Card,Pune,Web
TXN105626,C1069,M559,536.33,7,27,UPI,Hyderabad,iOS
TXN105627,C1165,M539,1128.28,10,6,Credit Card,Hyderabad,POS Terminal
TXN105628,C1129,M561,2571.04,10,23,Credit Card,Ahmedabad,Web
TXN105629,C1213,M540,5623.44,10,28,Debit Card,Mumbai,iOS
TXN105630,C1339,M511,57083.07,1,30,Credit Card,Chennai,iOS
TXN105631,C1088,M553,2184.82,18,7,Net Banking,Hyderabad,Web
TXN105632,C1334,M510,2623.67,23,8,Net Banking,Mumbai,iOS
TXN105633,C1251,M559,3487.72,14,16,Net Banking,Bengaluru,iOS
TXN105634,C1368,M567,2490.38,17,21,UPI,Delhi,iOS
TXN105635,C1348,M577,1769.38,16,13,UPI,Mumbai,iOS
TXN105636,C1071,M545,1674.24,12,5,Debit Card,Hyderabad,Android
TXN105637,C1164,M537,1843.01,13,22,Credit Card,Mumbai,Web
TXN105638,C1048,M560,2557.82,17,20,Debit Card,Kolkata,Web
TXN105639,C1051,M516,309.66,18,2,Credit Card,Bengaluru,POS Terminal
TXN105640,C1288,M565,3117.65,19,14,Debit Card,Chennai,Android
TXN105641,C1277,M571,1193.4,15,18,Credit Card,Bengaluru,Android
TXN105642,C1113,M535,4848.74,13,18,Net Banking,Delhi,Android
TXN105643,C1238,M573,2950.54,14,18,Debit Card,Mumbai,POS Terminal
TXN105644,C1132,M506,5198.91,15,15,Credit Card,Mumbai,Web
TXN105645,C1486,M515,2759.56,22,5,Net Banking,Bengaluru,Android
TXN105646,C1273,M513,2680.45,16,2,UPI,Kolkata,Web
TXN105647,C1165,M579,1159.24,14,23,Credit Card,Hyderabad,POS Terminal
TXN105648,C1373,M524,1984.63,10,11,Credit Card,Mumbai,Android
TXN105649,C1372,M503,3680.02,19,20,Credit Card,Kolkata,Web
TXN105650,C1292,M528,4400.57,12,10,Debit Card,Hyderabad,iOS
TXN105651,C1477,M555,995.62,12,5,UPI,Ahmedabad,Android
TXN105652,C1242,M505,703.2,15,2,Debit Card,Kolkata,iOS
TXN105653,C1478,M500,4834.33,15,12,UPI,Hyderabad,Android
TXN105654,C1319,M538,3433.99,15,17,Debit Card,Chennai,Web
TXN105655,C1137,M500,1528.21,11,25,Credit Card,Mumbai,iOS
TXN105656,C1078,M562,2425.37,12,22,Credit Card,Bengaluru,iOS
TXN105657,C1169,M556,2823.02,14,29,Debit Card,Bengaluru,iOS
TXN105658,C1122,M566,2832.86,21,5,Credit Card,Pune,Android
TXN105659,C1175,M564,7461.89,16,21,Debit Card,Kolkata,Android
TXN105660,C1299,M564,1331.09,17,18,Debit Card,Ahmedabad,POS Terminal
TXN105661,C1081,M520,1490.4,11,16,UPI,Hyderabad,Android
TXN105662,C1086,M529,7309.1,15,8,Credit Card,Delhi,iOS
TXN105663,C1224,M532,1478.17,8,4,Credit Card,Delhi,POS Terminal
TXN105664,C1015,M547,2637.89,20,4,Credit Card,Chennai,Web
TXN105665,C1309,M521,4052.69,17,24,Debit Card,Mumbai,iOS
TXN105666,C1357,M553,2648.08,9,4,UPI,Ahmedabad,iOS
TXN105667,C1162,M503,2190.42,15,17,Credit Card,Bengaluru,Web
TXN105668,C1097,M554,1956.53,10,20,Net Banking,Delhi,Web
TXN105669,C1155,M543,5648.11,11,29,Debit Card,Bengaluru,POS Terminal
TXN105670,C1001,M511,4867.14,18,10,Credit Card,Pune,iOS
TXN105671,C1349,M578,3451.65,13,1,UPI,Hyderabad,iOS
TXN105672,C1396,M573,3823.84,16,22,Debit Card,Chennai,Web
TXN105673,C1168,M551,2185.2,17,18,Debit Card,Mumbai,iOS
TXN105674,C1463,M575,1545.37,11,27,Debit Card,Mumbai,iOS
TXN105675,C1314,M564,2348.03,9,15,Debit Card,Chennai,POS Terminal
TXN105676,C1324,M564,1692.1,15,29,Net Banking,Ahmedabad,Web
TXN105677,C1374,M509,3277.38,16,25,UPI,Delhi,Android
TXN105678,C1091,M517,2107.57,9,29,Debit Card,Hyderabad,iOS
TXN105679,C1180,M546,2135.56,16,10,Debit Card,Kolkata,POS Terminal
TXN105680,C1230,M565,948.9,13,16,Debit Card,Pune,iOS
TXN105681,C1300,M548,674.46,12,4,UPI,Chennai,POS Terminal
TXN105682,C1147,M571,887.83,13,27,Credit Card,Kolkata,POS Terminal
TXN105683,C1279,M521,3927.69,7,29,Net Banking,Hyderabad,Android
TXN105684,C1188,M525,2077.52,14,24,Net Banking,Chennai,POS Terminal
TXN105685,C1346,M508,1763.48,18,27,Net Banking,Hyderabad,Web
TXN105686,C1349,M520,2286.15,13,18,Credit Card,Hyderabad,POS Terminal
TXN105687,C1313,M562,3959.19,16,21,UPI,Mumbai,Android
TXN105688,C1492,M505,2554.61,13,28,UPI,Chennai,iOS
TXN105689,C1410,M513,990.13,23,11,Net Banking,Chennai,POS Terminal
TXN105690,C1409,M532,1946.41,11,8,Net Banking,Kolkata,Android
TXN105691,C1127,M570,3645.55,15,1,Debit Card,Pune,Web
TXN105692,C1006,M523,1547.02,9,22,UPI,Chennai,iOS
TXN105693,C1425,M572,2232.89,19,2,Credit Card,Bengaluru,Android
TXN105694,C1046,M574,568.09,16,21,Credit Card,Chennai,iOS
TXN105695,C1052,M550,3018.03,16,17,Credit Card,Delhi,Web
TXN105696,C1186,M501,1849.99,13,28,UPI,Mumbai,POS Terminal
TXN105697,C1037,M514,1433.52,7,20,Net Banking,Chennai,POS Terminal
TXN105698,C1452,M534,2908.79,16,19,Net Banking,Bengaluru,Android
TXN105699,C1470,M535,2170.41,18,10,UPI,Pune,Web
TXN105700,C1475,M538,3932.82,12,30,Net Banking,Delhi,POS Terminal
TXN105701,C1225,M503,2068.12,16,21,Debit Card,Mumbai,iOS
TXN105702,C1052,M563,4635.48,9,8,Debit Card,Delhi,iOS
TXN105703,C1398,M573,3055.25,18,25,Debit Card,Bengaluru,Web
TXN105704,C1223,M505,2407.27,19,21,Debit Card,Ahmedabad,iOS
TXN105705,C1153,M556,1170.8,7,9,Debit Card,Chennai,Web
TXN105706,C1047,M529,2001.86,14,10,UPI,Hyderabad,Web
TXN105707,C1350,M573,2315.05,16,20,Credit Card,Ahmedabad,POS Terminal
TXN105708,C1146,M566,1304.48,19,28,Net Banking,Mumbai,Web
TXN105709,C1392,M514,1131.4,14,5,Debit Card,Pune,POS Terminal
TXN105710,C1063,M516,2805.24,18,29,Debit Card,Delhi,iOS
TXN105711,C1348,M517,1896.13,14,27,Credit Card,Mumbai,Web
TXN105712,C1181,M518,4539.81,23,9,Credit Card,Ahmedabad,iOS
TXN105713,C1124,M575,3122.62,15,11,Credit Card,Mumbai,Web
TXN105714,C1178,M568,2066.23,16,25,Credit Card,Bengaluru,iOS
TXN105715,C1038,M523,2641.71,11,18,UPI,Chennai,Android
TXN105716,C1259,M547,2817.45,11,21,Net Banking,Bengaluru,Web
TXN105717,C1381,M529,1898.65,23,30,Credit Card,Pune,POS Terminal
TXN105718,C1002,M514,1978.74,14,24,Net Banking,Kolkata,Android
TXN105719,C1063,M546,2371.34,22,1,Debit Card,Delhi,Android
TXN105720,C1028,M543,3258.49,16,16,Credit Card,Hyderabad,POS Terminal
TXN105721,C1371,M526,1794.31,16,20,Debit Card,Pune,Web
TXN105722,C1010,M563,4723.34,10,24,UPI,Hyderabad,Android
TXN105723,C1096,M540,2247.4,17,10,Debit Card,Bengaluru,POS Terminal
TXN105724,C1357,M567,3222.65,17,28,UPI,Pune,Android
TXN105725,C1441,M504,1770.93,9,18,Debit Card,Delhi,Web
TXN105726,C1202,M552,5797.97,9,1,Net Banking,Kolkata,Android
TXN105727,C1410,M507,1452.33,20,28,UPI,Chennai,Web
TXN105728,C1480,M521,2258.34,11,6,Credit Card,Chennai,Web
TXN105729,C1020,M506,1669.49,13,22,UPI,Pune,Android
TXN105730,C1038,M521,3208.82,18,1,Credit Card,Chennai,Web
TXN105731,C1222,M545,1961.68,16,3,UPI,Pune,Android
TXN105732,C1101,M529,2823.55,12,26,Credit Card,Delhi,Web
TXN105733,C1045,M515,1507.33,16,13,UPI,Hyderabad,Web
TXN105734,C1065,M578,1626.31,19,12,Debit Card,Hyderabad,Web
TXN105735,C1090,M504,3865.61,15,24,Debit Card,Pune,Android
TXN105736,C1163,M566,3861.53,10,14,Debit Card,Bengaluru,iOS
TXN105737,C1458,M522,1849.32,8,25,Credit Card,Pune,Android
TXN105738,C1110,M560,3252.74,12,28,Debit Card,Mumbai,POS Terminal
TXN105739,C1337,M573,341.59,16,24,Net Banking,Delhi,Web
TXN105740,C1122,M504,41808.54,2,17,Net Banking,Hyderabad,Android
TXN105741,C1192,M522,5898.06,11,16,Debit Card,Kolkata,Web
TXN105742,C1446,M578,4542.62,16,27,UPI,Delhi,iOS
TXN105743,C1098,M524,2627.28,14,13,Debit Card,Bengaluru,iOS
TXN105744,C1290,M507,33530.97,3,4,Credit Card,Pune,Android
TXN105745,C1158,M520,2255.52,13,15,Credit Card,Pune,Android
TXN105746,C1411,M501,2742.28,16,28,Net Banking,Hyderabad,POS Terminal
TXN105747,C1102,M521,5856.06,9,9,UPI,Ahmedabad,iOS
TXN105748,C1384,M571,2261.34,16,17,Credit Card,Mumbai,POS Terminal
TXN105749,C1280,M571,3876.88,17,28,Credit Card,Chennai,Android
TXN105750,C1042,M567,3865.16,19,30,Net Banking,Delhi,POS Terminal
TXN105751,C1485,M563,2286.45,15,11,UPI,Kolkata,Web
TXN105752,C1083,M518,2873.1,7,20,Net Banking,Mumbai,Web
TXN105753,C1450,M552,5168.21,16,26,Debit Card,Chennai,POS Terminal
TXN105754,C1190,M551,2757.18,15,7,UPI,Hyderabad,Android
TXN105755,C1050,M546,4736.11,15,30,UPI,Ahmedabad,POS Terminal
TXN105756,C1385,M553,4888.46,8,7,Debit Card,Chennai,iOS
TXN105757,C1209,M543,3184.93,13,23,UPI,Bengaluru,Web
TXN105758,C1125,M506,4329.74,14,26,Net Banking,Hyderabad,Web
TXN105759,C1491,M500,6470.89,15,4,Net Banking,Mumbai,Web
TXN105760,C1447,M562,3956.89,21,8,Credit Card,Delhi,Web
TXN105761,C1457,M538,2847.47,18,19,Net Banking,Hyderabad,iOS
TXN105762,C1068,M518,1460.4,14,14,Net Banking,Bengaluru,Web
TXN105763,C1264,M530,2498.1,12,25,UPI,Pune,iOS
TXN105764,C1257,M576,2647.36,22,22,Net Banking,Delhi,iOS
TXN105765,C1417,M523,3126.04,8,23,Net Banking,Bengaluru,iOS
TXN105766,C1187,M568,3235.99,14,25,Debit Card,Hyderabad,Web
TXN105767,C1229,M564,3985.5,10,4,Debit Card,Bengaluru,Web
TXN105768,C1188,M532,1547.11,14,21,UPI,Bengaluru,iOS
TXN105769,C1414,M558,1943.81,20,17,Debit Card,Kolkata,Web
TXN105770,C1009,M532,1269.16,20,26,Net Banking,Bengaluru,POS Terminal
TXN105771,C1113,M531,4632.59,13,24,UPI,Delhi,Web
TXN105772,C1075,M558,2783.13,14,18,Net Banking,Mumbai,Web
TXN105773,C1163,M540,3679.49,17,21,Credit Card,Pune,iOS
TXN105774,C1084,M511,3925.42,18,15,Credit Card,Mumbai,POS Terminal
TXN105775,C1048,M572,2507.28,16,5,Debit Card,Kolkata,POS Terminal
TXN105776,C1494,M510,802.74,12,15,Net Banking,Ahmedabad,iOS
TXN105777,C1325,M518,43721.95,3,26,Debit Card,Ahmedabad,Web
TXN105778,C1495,M553,2172.19,12,4,UPI,Kolkata,Web
TXN105779,C1176,M556,4847.04,13,4,Net Banking,Ahmedabad,iOS
TXN105780,C1386,M541,68023.39,5,12,Credit Card,Delhi,Android
TXN105781,C1457,M570,2848.17,12,18,Debit Card,Hyderabad,iOS
TXN105782,C1388,M530,2756.3,14,29,Net Banking,Ahmedabad,POS Terminal
TXN105783,C1493,M551,1970.28,17,19,Net Banking,Mumbai,Web
TXN105784,C1217,M501,5284.53,6,26,Credit Card,Mumbai,Android
TXN105785,C1188,M537,1476.61,15,18,UPI,Bengaluru,POS Terminal
TXN105786,C1468,M531,3292.72,17,1,Credit Card,Kolkata,Web
TXN105787,C1492,M509,2518.06,15,4,UPI,Chennai,POS Terminal
TXN105788,C1345,M507,796.87,11,25,Debit Card,Hyderabad,iOS
TXN105789,C1229,M574,3362.7,13,15,Debit Card,Delhi,Web
TXN105790,C1254,M519,2145.63,10,30,Debit Card,Chennai,POS Terminal
TXN105791,C1235,M519,2564.86,15,6,Debit Card,Ahmedabad,POS Terminal
TXN105792,C1025,M508,2627.39,13,24,UPI,Chennai,POS Terminal
TXN105793,C1071,M571,2738.34,19,2,UPI,Hyderabad,Android
TXN105794,C1260,M514,922.59,15,30,Debit Card,Bengaluru,Web
TXN105795,C1253,M562,674.28,19,2,Debit Card,Hyderabad,iOS
TXN105796,C1270,M520,9435.45,15,2,Net Banking,Hyderabad,iOS
TXN105797,C1122,M504,3232.28,16,11,Net Banking,Pune,iOS
TXN105798,C1143,M534,1468.2,15,8,Credit Card,Ahmedabad,POS Terminal
TXN105799,C1256,M567,1797.07,18,17,UPI,Bengaluru,POS Terminal
TXN105800,C1143,M547,1640.57,11,21,Credit Card,Ahmedabad,iOS
TXN105801,C1420,M579,3364.82,11,12,UPI,Pune,POS Terminal
TXN105802,C1258,M561,5921.39,18,4,UPI,Delhi,Android
TXN105803,C1435,M534,2460.98,12,27,Debit Card,Hyderabad,Web
TXN105804,C1046,M569,559.09,9,1,Debit Card,Delhi,Web
TXN105805,C1350,M520,2305.77,10,28,Credit Card,Ahmedabad,Android
TXN105806,C1012,M579,1490.62,18,10,Debit Card,Ahmedabad,Web
TXN105807,C1375,M538,1440.75,13,7,Debit Card,Delhi,Android
TXN105808,C1207,M533,2441.05,9,16,Debit Card,Pune,Android
TXN105809,C1310,M514,2975.71,15,17,Net Banking,Delhi,Android
TXN105810,C1234,M505,1313.29,12,6,UPI,Bengaluru,Android
TXN105811,C1148,M565,3995.47,6,28,Debit Card,Pune,iOS
TXN105812,C1321,M555,855.57,11,1,Debit Card,Bengaluru,Android
TXN105813,C1437,M548,3134.41,10,11,UPI,Mumbai,Android
TXN105814,C1154,M500,5651.49,14,13,Credit Card,Mumbai,POS Terminal
TXN105815,C1165,M564,1210.63,14,13,Net Banking,Hyderabad,POS Terminal
TXN105816,C1089,M527,6055.03,13,9,Net Banking,Pune,iOS
TXN105817,C1185,M519,2448.23,18,3,Net Banking,Hyderabad,Android
TXN105818,C1317,M547,1544.94,15,28,Net Banking,Mumbai,Android
TXN105819,C1357,M571,2014.39,16,2,Debit Card,Pune,iOS
TXN105820,C1173,M564,3617.97,21,23,Debit Card,Kolkata,Android
TXN105821,C1216,M550,2851.39,17,1,UPI,Hyderabad,Web
TXN105822,C1394,M542,2772.82,20,7,Net Banking,Kolkata,Android
TXN105823,C1455,M548,1254.71,12,25,Net Banking,Mumbai,iOS
TXN105824,C1263,M524,3305.68,13,20,Debit Card,Pune,Android
TXN105825,C1096,M573,2543.03,23,10,Net Banking,Bengaluru,Android
TXN105826,C1116,M575,1975.91,18,2,Debit Card,Pune,iOS
TXN105827,C1198,M540,955.97,13,4,UPI,Delhi,iOS
TXN105828,C1319,M570,2348.17,22,25,Credit Card,Chennai,Web
TXN105829,C1485,M563,2256.37,15,16,UPI,Kolkata,Web
TXN105830,C1020,M560,2216.14,21,8,Debit Card,Pune,Web
TXN105831,C1199,M511,1299.16,19,12,Credit Card,Delhi,Web
TXN105832,C1370,M568,2701.64,13,5,UPI,Ahmedabad,iOS
TXN105833,C1446,M513,2368.92,17,24,Debit Card,Delhi,Web
TXN105834,C1340,M533,1441.92,16,23,Debit Card,Delhi,Web
TXN105835,C1447,M547,2892.52,16,20,Credit Card,Delhi,iOS
TXN105836,C1247,M560,2158.01,16,3,Credit Card,Hyderabad,Android
TXN105837,C1275,M534,2353.7,15,1,Net Banking,Kolkata,Android
TXN105838,C1263,M564,2074.38,13,14,Debit Card,Pune,Android
TXN105839,C1057,M558,5007.09,9,30,Credit Card,Pune,Android
TXN105840,C1301,M535,355.81,17,19,Debit Card,Pune,POS Terminal
TXN105841,C1030,M578,2693.36,15,24,Credit Card,Delhi,Android
TXN105842,C1497,M518,3595.76,15,25,UPI,Bengaluru,POS Terminal
TXN105843,C1248,M541,4967.48,17,16,Net Banking,Chennai,iOS
TXN105844,C1092,M568,4652.13,23,9,Net Banking,Kolkata,Web
TXN105845,C1495,M518,2271.96,17,5,UPI,Kolkata,Web
TXN105846,C1264,M538,2393.24,21,4,Net Banking,Pune,POS Terminal
TXN105847,C1270,M568,4790.03,22,6,Credit Card,Hyderabad,Web
TXN105848,C1093,M551,1844.14,20,12,Credit Card,Chennai,Android
TXN105849,C1153,M511,1063.44,6,14,Net Banking,Chennai,iOS
TXN105850,C1393,M546,2415.64,12,23,Debit Card,Delhi,Android
TXN105851,C1284,M575,1351.03,14,14,Debit Card,Mumbai,POS Terminal
TXN105852,C1079,M535,4422.0,16,6,Debit Card,Bengaluru,iOS
TXN105853,C1291,M562,2858.04,6,5,UPI,Delhi,iOS
TXN105854,C1083,M575,2447.39,13,29,UPI,Mumbai,POS Terminal
TXN105855,C1364,M550,2088.35,17,2,UPI,Chennai,Android
TXN105856,C1373,M542,1245.67,8,3,Credit Card,Mumbai,iOS
TXN105857,C1036,M533,2009.11,23,9,Net Banking,Chennai,POS Terminal
TXN105858,C1341,M548,1915.25,21,7,UPI,Ahmedabad,Android
TXN105859,C1326,M517,3856.4,12,26,Credit Card,Hyderabad,Web
TXN105860,C1406,M560,1827.99,16,12,Credit Card,Mumbai,POS Terminal
TXN105861,C1424,M556,1320.41,12,18,Credit Card,Delhi,POS Terminal
TXN105862,C1231,M504,2497.11,16,28,UPI,Pune,iOS
TXN105863,C1092,M523,4217.77,21,13,UPI,Kolkata,iOS
TXN105864,C1335,M563,1369.28,13,1,Credit Card,Pune,Web
TXN105865,C1101,M558,4512.42,9,1,UPI,Delhi,POS Terminal
TXN105866,C1411,M537,2090.28,12,1,Credit Card,Hyderabad,POS Terminal
TXN105867,C1431,M532,2587.02,18,30,Credit Card,Mumbai,Web
TXN105868,C1165,M509,1113.47,21,22,UPI,Bengaluru,iOS
TXN105869,C1158,M536,3896.32,16,21,Credit Card,Ahmedabad,Web
TXN105870,C1013,M510,3063.62,15,7,UPI,Bengaluru,Web
TXN105871,C1372,M523,4443.69,20,28,UPI,Kolkata,iOS
TXN105872,C1224,M570,1536.88,17,21,Net Banking,Delhi,POS Terminal
TXN105873,C1072,M520,654.7,17,9,Credit Card,Delhi,Android
TXN105874,C1248,M519,3882.87,7,1,Debit Card,Chennai,iOS
TXN105875,C1090,M509,2911.48,17,15,UPI,Pune,iOS
TXN105876,C1215,M546,3999.59,16,25,Credit Card,Delhi,Android
TXN105877,C1460,M546,2012.63,8,12,Debit Card,Chennai,Web
TXN105878,C1089,M514,3532.9,23,4,Net Banking,Pune,iOS
TXN105879,C1028,M543,1223.41,7,10,Net Banking,Hyderabad,Web
TXN105880,C1434,M561,4920.86,12,23,Debit Card,Pune,POS Terminal
TXN105881,C1304,M505,1807.34,17,18,Net Banking,Pune,Web
TXN105882,C1426,M565,1541.0,12,19,Debit Card,Mumbai,Android
TXN105883,C1475,M575,3150.53,14,20,Net Banking,Kolkata,iOS
TXN105884,C1219,M503,4156.37,15,5,Net Banking,Chennai,POS Terminal
TXN105885,C1327,M522,1607.75,15,28,Credit Card,Delhi,Android
TXN105886,C1214,M512,1971.27,10,2,Net Banking,Delhi,Android
TXN105887,C1220,M530,3359.82,16,7,Credit Card,Mumbai,POS Terminal
TXN105888,C1388,M515,2206.02,18,6,Debit Card,Ahmedabad,Android
TXN105889,C1041,M540,3189.17,23,16,Net Banking,Delhi,iOS
TXN105890,C1134,M500,3439.58,14,15,Credit Card,Ahmedabad,POS Terminal
TXN105891,C1041,M511,2798.56,10,9,UPI,Delhi,iOS
TXN105892,C1163,M555,3530.39,14,7,Debit Card,Bengaluru,Android
TXN105893,C1360,M549,1540.88,12,10,Net Banking,Hyderabad,iOS
TXN105894,C1282,M519,2837.7,12,26,Debit Card,Kolkata,POS Terminal
TXN105895,C1057,M565,6280.9,14,30,Net Banking,Pune,iOS
TXN105896,C1301,M535,690.98,18,2,Debit Card,Pune,POS Terminal
TXN105897,C1321,M578,669.77,12,3,Debit Card,Bengaluru,Web
TXN105898,C1024,M537,2292.6,11,19,Credit Card,Mumbai,Web
TXN105899,C1072,M521,1086.91,15,24,Debit Card,Delhi,Android
TXN105900,C1372,M560,5175.39,12,24,Debit Card,Kolkata,Android
TXN105901,C1410,M549,1202.06,12,3,Net Banking,Chennai,Web
TXN105902,C1128,M558,1621.23,16,8,Debit Card,Mumbai,Web
TXN105903,C1086,M519,6101.99,12,5,Debit Card,Delhi,Web
TXN105904,C1329,M535,1687.84,19,27,UPI,Ahmedabad,iOS
TXN105905,C1425,M514,3546.46,12,29,Debit Card,Bengaluru,Web
TXN105906,C1435,M561,3190.8,16,20,Credit Card,Hyderabad,Android
TXN105907,C1152,M502,1675.64,10,12,UPI,Mumbai,Web
TXN105908,C1181,M504,4878.32,18,11,Net Banking,Ahmedabad,POS Terminal
TXN105909,C1124,M555,2544.86,15,4,UPI,Mumbai,Web
TXN105910,C1066,M530,2088.92,17,4,Debit Card,Ahmedabad,Web
TXN105911,C1005,M534,942.37,16,1,Net Banking,Pune,Android
TXN105912,C1124,M570,4925.65,14,27,Credit Card,Mumbai,Android
TXN105913,C1313,M569,2706.68,12,7,UPI,Mumbai,POS Terminal
TXN105914,C1325,M525,3740.79,17,27,Net Banking,Bengaluru,Android
TXN105915,C1052,M500,3918.36,11,26,UPI,Delhi,Android
TXN105916,C1065,M506,29828.51,4,26,Net Banking,Pune,POS Terminal
TXN105917,C1313,M535,4814.06,11,20,Credit Card,Mumbai,Web
TXN105918,C1081,M575,1861.15,18,2,UPI,Hyderabad,Android
TXN105919,C1086,M524,8989.61,16,1,Debit Card,Delhi,Web
TXN105920,C1001,M558,4849.56,17,19,Net Banking,Pune,Web
TXN105921,C1203,M560,1550.37,11,17,UPI,Delhi,iOS
TXN105922,C1149,M528,3282.81,12,11,Net Banking,Mumbai,Android
TXN105923,C1292,M517,2041.91,10,5,Debit Card,Hyderabad,Android
TXN105924,C1403,M540,1582.31,21,6,Net Banking,Mumbai,iOS
TXN105925,C1102,M518,7558.17,6,27,Credit Card,Ahmedabad,Web
TXN105926,C1023,M503,3804.41,13,22,Net Banking,Chennai,POS Terminal
TXN105927,C1367,M564,3558.06,23,6,Net Banking,Chennai,Android
TXN105928,C1211,M540,3176.13,16,23,Credit Card,Kolkata,Web
TXN105929,C1064,M514,1368.45,10,17,Net Banking,Mumbai,POS Terminal
TXN105930,C1448,M553,2022.78,17,20,Net Banking,Delhi,POS Terminal
TXN105931,C1208,M563,1634.21,14,10,Net Banking,Bengaluru,iOS
TXN105932,C1250,M571,1818.72,18,10,UPI,Kolkata,Android
TXN105933,C1384,M514,2585.0,17,9,Credit Card,Mumbai,Web
TXN105934,C1116,M578,2083.88,14,26,Debit Card,Pune,Web
TXN105935,C1115,M549,2312.5,22,28,Debit Card,Delhi,iOS
TXN105936,C1236,M521,4521.55,21,18,Debit Card,Ahmedabad,Web
TXN105937,C1477,M517,1289.53,21,13,UPI,Ahmedabad,POS Terminal
TXN105938,C1104,M579,2252.39,12,8,Net Banking,Delhi,iOS
TXN105939,C1494,M501,1182.12,13,11,Net Banking,Ahmedabad,iOS
TXN105940,C1258,M535,4016.38,21,7,Debit Card,Delhi,POS Terminal
TXN105941,C1045,M519,1325.83,20,7,Debit Card,Hyderabad,iOS
TXN105942,C1310,M515,3014.19,6,29,Credit Card,Delhi,Android
TXN105943,C1330,M566,2173.25,13,3,UPI,Ahmedabad,iOS
TXN105944,C1215,M529,2921.83,12,16,Net Banking,Hyderabad,Android
TXN105945,C1469,M554,3744.94,13,13,Credit Card,Pune,Web
TXN105946,C1447,M565,3026.57,8,18,Debit Card,Delhi,POS Terminal
TXN105947,C1491,M525,6705.5,15,18,Debit Card,Mumbai,Android
TXN105948,C1300,M556,295.85,14,12,Credit Card,Chennai,Web
TXN105949,C1409,M568,3128.12,14,13,Net Banking,Kolkata,iOS
TXN105950,C1332,M501,3134.39,14,3,Net Banking,Hyderabad,Android
TXN105951,C1448,M555,2057.29,19,30,Credit Card,Delhi,Android
TXN105952,C1023,M561,4887.19,13,3,Net Banking,Chennai,Android
TXN105953,C1457,M533,1829.8,9,26,Credit Card,Hyderabad,POS Terminal
TXN105954,C1034,M555,1264.6,16,2,Debit Card,Kolkata,iOS
TXN105955,C1023,M554,89310.3,4,7,Net Banking,Mumbai,iOS
TXN105956,C1027,M519,1234.1,18,2,Credit Card,Pune,POS Terminal
TXN105957,C1483,M549,2018.98,17,6,Net Banking,Delhi,Android
TXN105958,C1463,M524,43513.45,5,13,UPI,Chennai,iOS
TXN105959,C1487,M524,786.75,21,11,Net Banking,Bengaluru,POS Terminal
TXN105960,C1015,M552,3181.67,17,5,UPI,Chennai,iOS
TXN105961,C1058,M513,3786.42,18,7,Credit Card,Hyderabad,Android
TXN105962,C1464,M559,2868.09,13,11,UPI,Ahmedabad,iOS
TXN105963,C1242,M542,509.23,15,27,UPI,Kolkata,POS Terminal
TXN105964,C1437,M561,2543.65,18,7,UPI,Mumbai,Web
TXN105965,C1206,M575,901.62,11,8,Credit Card,Kolkata,Android
TXN105966,C1399,M568,1482.1,10,4,Net Banking,Mumbai,iOS
TXN105967,C1270,M562,2114.49,17,10,UPI,Hyderabad,POS Terminal
TXN105968,C1248,M501,3975.68,14,29,UPI,Chennai,Web
TXN105969,C1481,M553,2534.74,23,21,Debit Card,Pune,Android
TXN105970,C1266,M515,2665.95,18,26,Credit Card,Hyderabad,POS Terminal
TXN105971,C1192,M554,5871.07,20,29,Debit Card,Kolkata,Web
TXN105972,C1334,M542,2278.76,17,20,Debit Card,Hyderabad,iOS
TXN105973,C1217,M560,3066.11,21,29,Credit Card,Mumbai,Web
TXN105974,C1114,M537,3408.66,19,15,Net Banking,Pune,Web
TXN105975,C1067,M544,662.97,20,23,Net Banking,Bengaluru,Android
TXN105976,C1298,M550,1681.23,17,15,Net Banking,Pune,Android
TXN105977,C1324,M541,1648.86,10,19,Net Banking,Mumbai,Web
TXN105978,C1482,M523,1967.75,23,10,UPI,Delhi,Web
TXN105979,C1396,M529,2949.45,13,2,Debit Card,Chennai,Web
TXN105980,C1393,M536,1858.84,12,16,UPI,Delhi,iOS
TXN105981,C1074,M552,3267.1,13,20,UPI,Ahmedabad,POS Terminal
TXN105982,C1465,M562,2018.9,22,30,UPI,Kolkata,iOS
TXN105983,C1481,M510,2048.14,14,5,Net Banking,Delhi,iOS
TXN105984,C1102,M577,5092.82,23,27,Credit Card,Ahmedabad,Android
TXN105985,C1296,M522,1051.67,16,17,Debit Card,Pune,Android
TXN105986,C1489,M579,1655.03,12,3,Debit Card,Delhi,POS Terminal
TXN105987,C1177,M549,6511.46,14,8,Credit Card,Hyderabad,Android
TXN105988,C1214,M554,1552.44,15,11,UPI,Delhi,Android
TXN105989,C1454,M554,1736.29,6,5,UPI,Hyderabad,Web
TXN105990,C1314,M503,1618.78,15,17,UPI,Chennai,Android
TXN105991,C1038,M553,4068.33,13,4,Net Banking,Chennai,POS Terminal
TXN105992,C1258,M560,5908.44,18,24,Credit Card,Delhi,POS Terminal
TXN105993,C1203,M577,1913.63,9,29,Debit Card,Delhi,Android
TXN105994,C1006,M504,29188.72,4,8,Net Banking,Kolkata,Web
TXN105995,C1048,M517,1745.57,6,2,Net Banking,Kolkata,POS Terminal
TXN105996,C1025,M543,2574.56,9,16,Debit Card,Pune,Web
TXN105997,C1160,M530,2874.34,14,9,Credit Card,Chennai,iOS
TXN105998,C1356,M520,1291.14,23,26,Debit Card,Mumbai,Web
TXN105999,C1175,M546,5104.47,12,17,Debit Card,Kolkata,Web
TXN106000,C1078,M529,2367.38,17,10,Credit Card,Bengaluru,Android
TXN106001,C1001,M554,5044.94,13,24,Debit Card,Pune,Web
TXN106002,C1488,M567,5088.32,15,24,UPI,Kolkata,iOS
TXN106003,C1382,M568,4115.94,16,13,UPI,Kolkata,Web
TXN106004,C1454,M540,1592.36,15,22,Credit Card,Hyderabad,iOS
TXN106005,C1415,M544,1089.69,11,17,Net Banking,Pune,Android
TXN106006,C1131,M573,2259.03,20,12,Net Banking,Bengaluru,POS Terminal
TXN106007,C1275,M579,2432.82,13,29,Net Banking,Kolkata,Web
TXN106008,C1497,M529,3626.72,10,9,UPI,Chennai,iOS
TXN106009,C1116,M576,1767.84,19,15,Net Banking,Pune,iOS
TXN106010,C1163,M544,5417.91,15,10,UPI,Bengaluru,Android
TXN106011,C1287,M544,6304.04,14,19,UPI,Mumbai,Web
TXN106012,C1027,M578,30837.84,3,30,Debit Card,Bengaluru,Android
TXN106013,C1332,M544,2438.32,16,17,Debit Card,Hyderabad,POS Terminal
TXN106014,C1000,M554,1811.83,6,7,Net Banking,Ahmedabad,POS Terminal
TXN106015,C1187,M558,3626.75,17,14,Net Banking,Hyderabad,iOS
TXN106016,C1055,M504,2734.9,16,13,UPI,Delhi,Android
TXN106017,C1034,M531,1687.87,14,26,Net Banking,Kolkata,iOS
TXN106018,C1111,M505,1043.65,17,21,Net Banking,Kolkata,Web
TXN106019,C1285,M525,3254.41,19,2,UPI,Mumbai,iOS
TXN106020,C1309,M536,6256.18,18,16,Credit Card,Mumbai,POS Terminal
TXN106021,C1035,M512,1518.28,10,29,Net Banking,Hyderabad,Web
TXN106022,C1438,M568,1316.89,15,17,UPI,Mumbai,iOS
TXN106023,C1216,M524,3019.59,16,6,Net Banking,Hyderabad,Android
TXN106024,C1079,M512,2683.79,17,1,Net Banking,Bengaluru,Android
TXN106025,C1313,M519,3008.84,13,6,Credit Card,Mumbai,iOS
TXN106026,C1082,M571,2533.06,11,1,UPI,Bengaluru,iOS
TXN106027,C1064,M559,1918.57,8,23,Debit Card,Mumbai,POS Terminal
TXN106028,C1324,M572,1229.36,11,23,Credit Card,Mumbai,POS Terminal
TXN106029,C1127,M520,3708.08,12,10,Net Banking,Pune,Android
TXN106030,C1306,M560,642.15,14,20,UPI,Bengaluru,Android
TXN106031,C1021,M578,3171.04,7,23,Credit Card,Kolkata,iOS
TXN106032,C1215,M525,3531.67,10,29,UPI,Delhi,POS Terminal
TXN106033,C1106,M553,1186.88,15,24,Debit Card,Delhi,iOS
TXN106034,C1108,M541,2210.01,14,8,Credit Card,Delhi,POS Terminal
TXN106035,C1371,M510,47139.39,2,28,Credit Card,Ahmedabad,Android
TXN106036,C1356,M536,1041.32,19,28,Debit Card,Mumbai,Web
TXN106037,C1180,M510,2084.8,15,16,Net Banking,Kolkata,POS Terminal
TXN106038,C1355,M526,1893.49,10,12,Net Banking,Mumbai,POS Terminal
TXN106039,C1163,M533,3023.43,23,19,UPI,Hyderabad,Web
TXN106040,C1067,M537,649.21,16,30,Debit Card,Ahmedabad,POS Terminal
TXN106041,C1291,M560,3742.02,14,14,Debit Card,Delhi,Web
TXN106042,C1179,M552,3808.98,10,8,Credit Card,Delhi,Web
TXN106043,C1180,M564,1692.73,17,29,UPI,Kolkata,Android
TXN106044,C1465,M502,2076.8,7,19,Net Banking,Kolkata,iOS
TXN106045,C1433,M566,3852.47,15,29,Credit Card,Pune,Web
TXN106046,C1463,M527,1460.58,18,27,Credit Card,Mumbai,POS Terminal
TXN106047,C1168,M513,2275.86,11,15,Credit Card,Mumbai,POS Terminal
TXN106048,C1401,M551,640.75,12,5,Credit Card,Mumbai,POS Terminal
TXN106049,C1021,M529,4804.43,11,17,Net Banking,Kolkata,Android
TXN106050,C1065,M557,1169.09,8,28,Debit Card,Hyderabad,POS Terminal
TXN106051,C1020,M553,1105.46,11,23,Net Banking,Pune,Web
TXN106052,C1099,M568,2613.35,18,14,UPI,Kolkata,iOS
TXN106053,C1383,M514,1223.63,16,15,Net Banking,Ahmedabad,Android
TXN106054,C1299,M537,1552.8,19,26,Debit Card,Ahmedabad,iOS
TXN106055,C1102,M577,6750.34,10,8,Net Banking,Ahmedabad,iOS
TXN106056,C1046,M513,792.49,14,4,Net Banking,Delhi,Android
TXN106057,C1038,M556,3968.82,6,7,Credit Card,Chennai,iOS
TXN106058,C1284,M558,1057.47,14,7,Credit Card,Mumbai,iOS
TXN106059,C1309,M507,6750.72,18,22,Credit Card,Mumbai,Web
TXN106060,C1089,M571,5104.38,15,30,Debit Card,Pune,POS Terminal
TXN106061,C1084,M518,4555.13,9,5,Net Banking,Mumbai,POS Terminal
TXN106062,C1272,M531,1679.41,12,10,Net Banking,Pune,POS Terminal
TXN106063,C1335,M528,2783.56,16,20,Debit Card,Pune,POS Terminal
TXN106064,C1187,M540,3735.41,16,5,UPI,Hyderabad,iOS
TXN106065,C1158,M574,3958.8,16,23,UPI,Ahmedabad,POS Terminal
TXN106066,C1242,M544,818.86,15,24,Net Banking,Kolkata,iOS
TXN106067,C1072,M512,893.28,11,4,Credit Card,Delhi,iOS
TXN106068,C1478,M526,2917.71,11,21,Debit Card,Hyderabad,Web
TXN106069,C1461,M518,2246.55,10,11,Debit Card,Bengaluru,iOS
TXN106070,C1048,M525,2314.03,12,6,Credit Card,Kolkata,iOS
TXN106071,C1100,M552,4719.04,13,15,Credit Card,Mumbai,Web
TXN106072,C1001,M550,3239.36,8,11,Credit Card,Pune,Web
TXN106073,C1243,M536,4020.64,19,25,Net Banking,Kolkata,Android
TXN106074,C1175,M508,5238.4,20,26,Credit Card,Kolkata,Android
TXN106075,C1237,M551,1112.48,14,22,Debit Card,Pune,iOS
TXN106076,C1397,M553,3164.77,18,7,Credit Card,Bengaluru,Web
TXN106077,C1058,M502,3367.2,16,24,UPI,Hyderabad,Android
TXN106078,C1352,M568,2454.4,12,19,Net Banking,Chennai,Android
TXN106079,C1098,M507,2616.05,18,5,Credit Card,Bengaluru,Web
TXN106080,C1441,M513,1509.89,11,4,Credit Card,Delhi,iOS
TXN106081,C1358,M502,64272.21,5,1,Net Banking,Ahmedabad,iOS
TXN106082,C1441,M523,1501.41,16,16,Credit Card,Delhi,Web
TXN106083,C1494,M512,1258.63,23,12,UPI,Ahmedabad,POS Terminal
TXN106084,C1434,M542,3895.6,14,20,Debit Card,Pune,iOS
TXN106085,C1467,M528,1951.85,16,18,UPI,Kolkata,Web
TXN106086,C1001,M571,3762.65,19,20,UPI,Pune,iOS
TXN106087,C1242,M550,911.85,21,2,Debit Card,Kolkata,POS Terminal
TXN106088,C1296,M541,882.75,16,13,UPI,Hyderabad,Android
TXN106089,C1210,M530,2915.92,22,12,Debit Card,Delhi,POS Terminal
TXN106090,C1122,M562,2465.6,12,4,Credit Card,Pune,Web
TXN106091,C1228,M525,754.05,20,4,Net Banking,Delhi,iOS
TXN106092,C1081,M517,1835.22,15,13,Debit Card,Hyderabad,iOS
TXN106093,C1143,M556,1893.46,15,27,UPI,Ahmedabad,Web
TXN106094,C1387,M506,1975.2,14,3,Credit Card,Delhi,iOS
TXN106095,C1139,M547,1162.14,20,21,UPI,Ahmedabad,Android
TXN106096,C1028,M579,2444.69,16,25,Credit Card,Hyderabad,iOS
TXN106097,C1390,M559,2791.64,13,17,UPI,Mumbai,Android
TXN106098,C1269,M532,1214.28,15,7,Credit Card,Hyderabad,iOS
TXN106099,C1246,M502,1888.2,17,26,Credit Card,Hyderabad,Android
TXN106100,C1011,M503,3708.17,8,13,UPI,Delhi,Android
TXN106101,C1354,M503,2100.48,14,15,UPI,Mumbai,iOS
TXN106102,C1388,M541,2716.2,12,14,Credit Card,Ahmedabad,iOS
TXN106103,C1336,M508,1018.18,19,16,UPI,Hyderabad,POS Terminal
TXN106104,C1105,M550,2056.6,13,17,UPI,Delhi,Web
TXN106105,C1031,M516,1314.57,13,26,Credit Card,Delhi,Android
TXN106106,C1073,M516,1322.26,14,16,Net Banking,Bengaluru,POS Terminal
TXN106107,C1170,M519,3904.3,12,28,Debit Card,Hyderabad,Web
TXN106108,C1336,M513,4285.7,9,16,Credit Card,Ahmedabad,iOS
TXN106109,C1068,M521,2379.84,6,28,Debit Card,Ahmedabad,Web
TXN106110,C1300,M551,680.33,19,1,Net Banking,Kolkata,Android
TXN106111,C1361,M526,3198.33,17,14,UPI,Ahmedabad,POS Terminal
TXN106112,C1136,M542,1606.6,17,2,Debit Card,Delhi,POS Terminal
TXN106113,C1432,M502,3216.98,14,26,UPI,Bengaluru,Android
TXN106114,C1416,M507,613.66,15,22,Credit Card,Chennai,Web
TXN106115,C1483,M509,1358.84,20,27,Credit Card,Bengaluru,Android
TXN106116,C1099,M528,2311.34,12,30,Net Banking,Kolkata,Web
TXN106117,C1145,M539,1763.5,8,9,Credit Card,Hyderabad,Android
TXN106118,C1008,M564,880.41,12,19,UPI,Kolkata,Web
TXN106119,C1061,M520,3380.55,20,5,UPI,Ahmedabad,POS Terminal
TXN106120,C1184,M523,3947.9,12,24,Net Banking,Bengaluru,iOS
TXN106121,C1028,M572,2046.51,12,10,UPI,Hyderabad,Android
TXN106122,C1380,M559,1559.57,13,6,Credit Card,Pune,POS Terminal
TXN106123,C1113,M525,4629.19,16,3,UPI,Delhi,Android
TXN106124,C1461,M508,2831.64,17,2,Net Banking,Kolkata,Android
TXN106125,C1408,M519,4691.92,9,29,Debit Card,Ahmedabad,Web
TXN106126,C1142,M555,1217.94,13,19,Credit Card,Chennai,Android
TXN106127,C1389,M535,1319.92,6,6,Net Banking,Kolkata,iOS
TXN106128,C1119,M535,5286.5,17,21,UPI,Ahmedabad,iOS
TXN106129,C1169,M572,2167.55,6,24,UPI,Bengaluru,Android
TXN106130,C1156,M521,3382.94,22,10,Net Banking,Chennai,iOS
TXN106131,C1334,M500,2605.27,23,18,Debit Card,Hyderabad,Android
TXN106132,C1348,M568,1932.93,19,14,Net Banking,Mumbai,Web
TXN106133,C1259,M572,3385.04,15,28,Credit Card,Bengaluru,POS Terminal
TXN106134,C1081,M536,2431.15,16,2,Net Banking,Hyderabad,Web
TXN106135,C1241,M571,2710.35,14,4,Net Banking,Mumbai,Web
TXN106136,C1440,M512,4031.63,7,29,Debit Card,Ahmedabad,Android
TXN106137,C1432,M542,2149.25,15,15,UPI,Bengaluru,POS Terminal
TXN106138,C1171,M536,3164.65,11,25,UPI,Mumbai,Web
TXN106139,C1230,M573,1144.39,14,21,Debit Card,Pune,POS Terminal
TXN106140,C1207,M524,2742.03,13,23,Credit Card,Pune,iOS
TXN106141,C1074,M520,3270.81,11,23,Net Banking,Hyderabad,Android
TXN106142,C1269,M540,2247.4,18,6,Net Banking,Hyderabad,iOS
TXN106143,C1386,M572,2468.26,19,28,UPI,Mumbai,Web
TXN106144,C1498,M541,1442.19,15,6,Debit Card,Kolkata,Android
TXN106145,C1113,M541,5576.82,12,9,Credit Card,Delhi,iOS
TXN106146,C1061,M501,3891.7,11,20,UPI,Chennai,POS Terminal
TXN106147,C1361,M567,3221.93,12,18,Debit Card,Ahmedabad,iOS
TXN106148,C1319,M507,2978.73,11,23,Debit Card,Chennai,POS Terminal
TXN106149,C1101,M560,56229.27,3,22,Credit Card,Mumbai,Web
TXN106150,C1428,M513,3596.4,12,4,Net Banking,Chennai,POS Terminal
TXN106151,C1361,M576,2720.41,15,1,UPI,Ahmedabad,Web
TXN106152,C1209,M520,5222.28,23,4,Credit Card,Bengaluru,iOS
TXN106153,C1441,M523,1950.42,16,22,Net Banking,Delhi,Web
TXN106154,C1254,M549,3542.95,14,27,Credit Card,Chennai,Android
TXN106155,C1019,M544,1263.85,6,3,Net Banking,Hyderabad,Android
TXN106156,C1057,M563,3277.91,14,13,UPI,Pune,iOS
TXN106157,C1111,M563,1716.32,16,15,UPI,Kolkata,Android
TXN106158,C1472,M525,3166.08,7,29,Credit Card,Delhi,iOS
TXN106159,C1312,M531,1250.76,19,1,Credit Card,Mumbai,POS Terminal
TXN106160,C1485,M556,2152.91,23,28,Net Banking,Kolkata,iOS
TXN106161,C1460,M552,1954.73,20,16,Net Banking,Chennai,iOS
TXN106162,C1195,M532,4014.71,18,2,UPI,Kolkata,iOS
TXN106163,C1374,M551,3264.9,19,6,Debit Card,Delhi,POS Terminal
TXN106164,C1461,M517,2776.61,14,1,Debit Card,Bengaluru,Web
TXN106165,C1352,M534,3822.72,8,22,Net Banking,Chennai,Android
TXN106166,C1091,M511,2400.78,14,17,Net Banking,Hyderabad,Android
TXN106167,C1051,M550,212.2,17,17,UPI,Bengaluru,Web
TXN106168,C1292,M509,3764.98,13,22,Debit Card,Hyderabad,POS Terminal
TXN106169,C1007,M551,4355.18,18,29,Debit Card,Pune,Web
TXN106170,C1299,M533,1290.39,14,1,Credit Card,Ahmedabad,Web
TXN106171,C1097,M566,2053.41,11,16,Credit Card,Pune,POS Terminal
TXN106172,C1235,M538,4611.02,15,28,Credit Card,Ahmedabad,POS Terminal
TXN106173,C1388,M507,1693.95,15,9,Net Banking,Ahmedabad,Web
TXN106174,C1373,M528,2414.65,17,2,Debit Card,Mumbai,iOS
TXN106175,C1068,M521,1977.16,10,25,Credit Card,Bengaluru,POS Terminal
TXN106176,C1414,M569,2857.43,9,21,Net Banking,Chennai,POS Terminal
TXN106177,C1044,M560,2930.35,11,5,Debit Card,Pune,Web
TXN106178,C1136,M542,1779.04,16,26,Debit Card,Delhi,POS Terminal
TXN106179,C1233,M548,2194.22,14,8,Credit Card,Chennai,Android
TXN106180,C1031,M528,995.2,14,1,UPI,Delhi,POS Terminal
TXN106181,C1288,M530,3091.04,17,9,Debit Card,Chennai,iOS
TXN106182,C1125,M552,7521.2,8,14,Debit Card,Hyderabad,Android
TXN106183,C1066,M533,1642.67,18,17,UPI,Ahmedabad,Android
TXN106184,C1029,M537,1789.46,21,5,Credit Card,Ahmedabad,Android
TXN106185,C1113,M556,6374.89,10,8,Debit Card,Delhi,POS Terminal
TXN106186,C1203,M503,1658.23,14,17,UPI,Delhi,Web
TXN106187,C1028,M501,1761.71,11,21,UPI,Hyderabad,Android
TXN106188,C1130,M511,988.18,7,29,UPI,Ahmedabad,POS Terminal
TXN106189,C1473,M534,27225.68,4,12,Credit Card,Ahmedabad,POS Terminal
TXN106190,C1184,M569,4409.62,10,19,UPI,Bengaluru,Android
TXN106191,C1252,M571,3139.24,14,8,Net Banking,Pune,Android
TXN106192,C1285,M520,3277.98,16,29,Credit Card,Mumbai,Web
TXN106193,C1392,M560,985.03,15,19,UPI,Pune,Android
TXN106194,C1409,M534,2685.41,6,12,Net Banking,Kolkata,Web
TXN106195,C1385,M547,3520.23,17,8,Debit Card,Chennai,iOS
TXN106196,C1061,M514,3305.13,12,11,Debit Card,Hyderabad,Android
TXN106197,C1002,M570,2491.88,23,11,UPI,Kolkata,Web
TXN106198,C1429,M514,1890.93,11,15,Debit Card,Mumbai,iOS
TXN106199,C1067,M505,694.17,21,2,Credit Card,Ahmedabad,Android
TXN106200,C1024,M567,3067.94,18,26,UPI,Chennai,iOS
TXN106201,C1178,M521,2301.87,18,30,Debit Card,Bengaluru,Android
TXN106202,C1140,M531,9488.81,11,3,UPI,Ahmedabad,Android
TXN106203,C1230,M521,1381.49,19,29,Debit Card,Pune,POS Terminal
TXN106204,C1299,M526,1671.26,16,1,Credit Card,Ahmedabad,iOS
TXN106205,C1162,M514,1424.79,19,1,UPI,Ahmedabad,POS Terminal
TXN106206,C1310,M543,3097.4,16,4,Net Banking,Delhi,iOS
TXN106207,C1470,M508,2900.46,9,21,Debit Card,Pune,Web
TXN106208,C1392,M533,986.69,8,30,Net Banking,Pune,Android
TXN106209,C1129,M572,1375.35,16,19,UPI,Ahmedabad,iOS
TXN106210,C1444,M514,2893.73,11,18,Debit Card,Ahmedabad,Web
TXN106211,C1245,M561,1465.07,16,1,UPI,Pune,POS Terminal
TXN106212,C1296,M544,722.47,9,19,Credit Card,Pune,Android
TXN106213,C1171,M571,2828.13,20,1,Credit Card,Mumbai,Android
TXN106214,C1063,M557,2318.71,11,26,Debit Card,Delhi,POS Terminal
TXN106215,C1030,M518,3174.35,21,10,Credit Card,Delhi,POS Terminal
TXN106216,C1491,M515,6822.97,11,22,Net Banking,Mumbai,iOS
TXN106217,C1046,M574,478.15,23,13,Credit Card,Delhi,POS Terminal
TXN106218,C1129,M507,1981.7,15,27,Credit Card,Ahmedabad,POS Terminal
TXN106219,C1351,M532,2707.66,12,19,UPI,Mumbai,POS Terminal
TXN106220,C1465,M573,2113.16,16,28,UPI,Kolkata,iOS
TXN106221,C1332,M517,830.64,13,20,Debit Card,Hyderabad,POS Terminal
TXN106222,C1109,M534,1460.29,17,8,Credit Card,Bengaluru,iOS
TXN106223,C1068,M542,1956.99,17,26,Net Banking,Bengaluru,Android
TXN106224,C1057,M549,3676.85,18,5,Net Banking,Pune,POS Terminal
TXN106225,C1105,M502,1976.39,17,11,Credit Card,Delhi,iOS
TXN106226,C1299,M558,1591.71,15,21,Debit Card,Ahmedabad,iOS
TXN106227,C1329,M527,1881.05,16,8,Debit Card,Ahmedabad,Web
TXN106228,C1255,M545,455.66,20,26,Net Banking,Bengaluru,iOS
TXN106229,C1311,M563,1613.07,16,26,Net Banking,Kolkata,Web
TXN106230,C1170,M569,4753.04,13,28,UPI,Hyderabad,iOS
TXN106231,C1382,M546,3279.97,16,14,Credit Card,Kolkata,iOS
TXN106232,C1472,M513,2396.65,22,12,Credit Card,Delhi,Web
TXN106233,C1161,M506,4565.74,19,11,Credit Card,Pune,Android
TXN106234,C1484,M573,1147.35,16,13,Net Banking,Mumbai,Android
TXN106235,C1285,M578,2881.92,14,10,Net Banking,Mumbai,Android
TXN106236,C1070,M530,3547.15,15,20,Net Banking,Ahmedabad,Web
TXN106237,C1254,M550,3259.98,11,29,UPI,Chennai,POS Terminal
TXN106238,C1453,M528,1446.48,20,8,Net Banking,Delhi,iOS
TXN106239,C1373,M514,1801.18,12,10,UPI,Mumbai,Web
TXN106240,C1054,M575,329.13,15,21,UPI,Mumbai,POS Terminal
TXN106241,C1322,M524,342.57,9,6,Net Banking,Ahmedabad,POS Terminal
TXN106242,C1396,M560,2910.73,14,1,Credit Card,Chennai,Android
TXN106243,C1002,M540,2237.72,11,9,Debit Card,Kolkata,POS Terminal
TXN106244,C1025,M568,2316.53,20,4,UPI,Chennai,Web
TXN106245,C1312,M503,1109.64,10,1,Credit Card,Mumbai,Web
TXN106246,C1125,M556,7781.53,18,23,Net Banking,Hyderabad,Android
TXN106247,C1407,M530,1400.73,20,10,UPI,Pune,iOS
TXN106248,C1052,M502,4029.35,16,20,Debit Card,Delhi,iOS
TXN106249,C1197,M566,1330.04,19,21,Net Banking,Pune,Android
TXN106250,C1298,M549,1358.46,18,27,Credit Card,Pune,iOS
TXN106251,C1187,M516,4688.24,19,7,UPI,Hyderabad,POS Terminal
TXN106252,C1185,M559,2443.34,11,23,Net Banking,Hyderabad,Android
TXN106253,C1304,M573,3616.86,11,25,Net Banking,Pune,POS Terminal
TXN106254,C1297,M565,3510.31,15,25,Net Banking,Kolkata,POS Terminal
TXN106255,C1203,M574,831.68,16,7,Credit Card,Delhi,iOS
TXN106256,C1496,M523,2620.46,6,28,Net Banking,Hyderabad,Android
TXN106257,C1483,M531,2265.64,14,26,Debit Card,Delhi,Web
TXN106258,C1449,M518,96545.94,3,25,Debit Card,Hyderabad,Web
TXN106259,C1010,M565,4201.75,19,5,Debit Card,Hyderabad,Web
TXN106260,C1358,M559,2617.22,18,2,Debit Card,Hyderabad,Android
TXN106261,C1353,M565,1863.71,18,9,Credit Card,Kolkata,POS Terminal
TXN106262,C1473,M514,787.68,14,6,UPI,Hyderabad,POS Terminal
TXN106263,C1145,M534,2457.42,13,22,Net Banking,Kolkata,Web
TXN106264,C1084,M568,2909.5,13,9,Debit Card,Mumbai,POS Terminal
TXN106265,C1099,M526,2741.58,14,15,Credit Card,Kolkata,Web
TXN106266,C1103,M506,2904.17,18,13,Net Banking,Pune,iOS
TXN106267,C1435,M505,1799.82,21,15,Net Banking,Hyderabad,Web
TXN106268,C1045,M532,1492.45,13,1,Net Banking,Hyderabad,Android
TXN106269,C1043,M557,4085.91,6,15,Debit Card,Chennai,POS Terminal
TXN106270,C1277,M548,32812.07,4,18,Debit Card,Pune,Android
TXN106271,C1180,M516,1445.46,15,11,Net Banking,Kolkata,Web
TXN106272,C1186,M541,1216.57,14,3,Net Banking,Mumbai,iOS
TXN106273,C1477,M571,825.49,12,1,Credit Card,Ahmedabad,Web
TXN106274,C1113,M539,7817.78,18,4,Credit Card,Delhi,POS Terminal
TXN106275,C1490,M545,2965.96,21,2,Net Banking,Hyderabad,Android
TXN106276,C1254,M570,4109.16,9,16,Credit Card,Chennai,Web
TXN106277,C1380,M569,1439.5,13,19,Debit Card,Pune,iOS
TXN106278,C1379,M567,1547.0,21,16,Debit Card,Bengaluru,Web
TXN106279,C1029,M500,2170.74,11,12,Net Banking,Ahmedabad,Android
TXN106280,C1263,M578,2595.77,11,8,UPI,Pune,POS Terminal
TXN106281,C1097,M551,2158.9,16,27,Debit Card,Delhi,Android
TXN106282,C1312,M534,1305.69,19,4,UPI,Mumbai,iOS
TXN106283,C1366,M568,4059.37,10,16,Debit Card,Bengaluru,iOS
TXN106284,C1328,M504,998.83,11,9,UPI,Chennai,iOS
TXN106285,C1114,M516,2246.31,13,22,UPI,Hyderabad,POS Terminal
TXN106286,C1275,M552,2081.79,14,15,UPI,Kolkata,Android
TXN106287,C1487,M551,1569.77,13,12,Credit Card,Bengaluru,POS Terminal
TXN106288,C1280,M513,3362.61,23,17,Credit Card,Chennai,Web
TXN106289,C1274,M528,1464.45,12,22,UPI,Delhi,iOS
TXN106290,C1260,M507,566.14,16,23,Net Banking,Kolkata,POS Terminal
TXN106291,C1330,M500,1362.62,17,28,Credit Card,Ahmedabad,iOS
TXN106292,C1206,M528,707.62,14,15,Debit Card,Kolkata,Web
TXN106293,C1383,M535,1032.7,15,4,Credit Card,Ahmedabad,Web
TXN106294,C1327,M550,2037.37,15,8,Credit Card,Delhi,POS Terminal
TXN106295,C1210,M536,5772.26,15,28,Debit Card,Delhi,iOS
TXN106296,C1214,M568,1664.68,10,26,Debit Card,Delhi,POS Terminal
TXN106297,C1410,M552,829.31,11,3,UPI,Chennai,POS Terminal
TXN106298,C1039,M551,2430.11,11,7,Credit Card,Pune,Web
TXN106299,C1479,M511,2238.25,12,7,Net Banking,Delhi,POS Terminal
TXN106300,C1025,M551,1622.24,23,15,Debit Card,Chennai,POS Terminal
TXN106301,C1026,M500,2235.34,14,20,Debit Card,Hyderabad,iOS
TXN106302,C1189,M506,5191.92,18,17,Credit Card,Pune,iOS
TXN106303,C1082,M516,2432.93,14,28,Net Banking,Bengaluru,iOS
TXN106304,C1383,M542,1051.65,14,10,Credit Card,Ahmedabad,Web
TXN106305,C1433,M570,5152.56,22,16,UPI,Pune,iOS
TXN106306,C1169,M516,2195.44,15,16,Net Banking,Bengaluru,Web
TXN106307,C1412,M558,5718.15,14,26,Credit Card,Mumbai,POS Terminal
TXN106308,C1166,M502,33942.07,3,22,Debit Card,Delhi,Android
TXN106309,C1187,M528,4063.45,11,15,Credit Card,Hyderabad,POS Terminal
TXN106310,C1168,M521,3344.6,19,26,UPI,Mumbai,Web
TXN106311,C1288,M537,2420.6,21,28,Net Banking,Chennai,Web
TXN106312,C1466,M553,2875.24,15,28,Net Banking,Kolkata,POS Terminal
TXN106313,C1228,M549,1050.85,20,12,Credit Card,Delhi,Android
TXN106314,C1466,M568,3359.86,12,7,Credit Card,Kolkata,POS Terminal
TXN106315,C1096,M529,1372.96,16,3,Net Banking,Bengaluru,Android
TXN106316,C1366,M522,3402.17,13,28,Credit Card,Pune,iOS
TXN106317,C1015,M546,51392.28,3,21,Debit Card,Bengaluru,Android
TXN106318,C1278,M520,1742.29,17,24,Debit Card,Pune,POS Terminal
TXN106319,C1134,M519,3858.34,9,23,Net Banking,Ahmedabad,Web
TXN106320,C1025,M522,2951.29,15,2,Debit Card,Chennai,iOS
TXN106321,C1351,M567,2434.8,11,4,Net Banking,Bengaluru,iOS
TXN106322,C1011,M520,4211.54,16,23,Debit Card,Delhi,Android
TXN106323,C1071,M520,1426.25,13,30,UPI,Hyderabad,Android
TXN106324,C1132,M500,4963.7,6,27,Debit Card,Mumbai,Android
TXN106325,C1105,M514,1473.34,16,25,Debit Card,Delhi,POS Terminal
TXN106326,C1219,M516,4868.66,15,23,UPI,Mumbai,iOS
TXN106327,C1372,M550,5404.15,18,8,Debit Card,Kolkata,iOS
TXN106328,C1452,M562,2899.72,19,10,Debit Card,Bengaluru,Android
TXN106329,C1176,M513,3888.91,10,12,Debit Card,Ahmedabad,POS Terminal
TXN106330,C1281,M558,494.49,15,12,Credit Card,Mumbai,iOS
TXN106331,C1132,M549,4482.94,21,9,UPI,Mumbai,iOS
TXN106332,C1021,M533,5101.15,18,11,Debit Card,Kolkata,iOS
TXN106333,C1462,M505,1323.66,15,13,Net Banking,Mumbai,iOS
TXN106334,C1268,M548,682.78,13,1,Net Banking,Delhi,iOS
TXN106335,C1411,M505,2036.58,20,3,Net Banking,Hyderabad,Web
TXN106336,C1160,M568,3173.03,21,22,UPI,Chennai,iOS
TXN106337,C1106,M506,1350.46,6,24,Net Banking,Delhi,Android
TXN106338,C1278,M576,2356.85,13,11,Debit Card,Pune,iOS
TXN106339,C1352,M550,3412.28,10,30,Credit Card,Pune,iOS
TXN106340,C1234,M500,1671.1,22,15,Debit Card,Bengaluru,Android
TXN106341,C1017,M512,1194.69,13,7,Debit Card,Pune,Web
TXN106342,C1241,M542,1934.87,15,28,Net Banking,Mumbai,Android
TXN106343,C1116,M526,1817.97,8,16,Net Banking,Pune,Android
TXN106344,C1285,M570,3211.72,12,6,Credit Card,Mumbai,Android
TXN106345,C1281,M502,596.56,20,20,Credit Card,Mumbai,POS Terminal
TXN106346,C1143,M557,1539.49,11,24,UPI,Ahmedabad,iOS
TXN106347,C1204,M516,2989.12,11,10,Net Banking,Pune,iOS
TXN106348,C1038,M544,58702.29,1,4,UPI,Bengaluru,iOS
TXN106349,C1416,M577,697.88,17,6,Net Banking,Chennai,Android
TXN106350,C1153,M557,1149.14,9,30,Debit Card,Chennai,iOS
TXN106351,C1175,M555,4814.52,16,12,Net Banking,Kolkata,POS Terminal
TXN106352,C1448,M553,2101.97,13,3,Debit Card,Delhi,Web
TXN106353,C1240,M528,3287.27,19,28,Net Banking,Hyderabad,iOS
TXN106354,C1421,M553,2218.7,16,12,Credit Card,Pune,iOS
TXN106355,C1385,M526,4466.78,14,23,Net Banking,Chennai,Android
TXN106356,C1368,M544,2773.46,15,16,Debit Card,Delhi,Web
TXN106357,C1133,M530,3628.5,12,12,UPI,Bengaluru,Web
TXN106358,C1045,M535,1603.76,10,15,Credit Card,Hyderabad,Web
TXN106359,C1049,M560,2070.56,10,22,Credit Card,Delhi,iOS
TXN106360,C1165,M536,1180.48,14,23,Credit Card,Hyderabad,Web
TXN106361,C1105,M566,1447.74,18,21,Debit Card,Delhi,Android
TXN106362,C1215,M535,2618.98,9,21,Net Banking,Delhi,Web
TXN106363,C1145,M504,1346.94,8,18,Net Banking,Hyderabad,iOS
TXN106364,C1410,M545,1223.65,14,16,UPI,Chennai,Web
TXN106365,C1424,M578,1148.9,15,6,Credit Card,Delhi,Web
TXN106366,C1071,M551,2086.34,10,17,UPI,Hyderabad,Android
TXN106367,C1475,M548,6479.44,16,23,Credit Card,Kolkata,Web
TXN106368,C1329,M505,2299.86,15,3,Credit Card,Ahmedabad,iOS
TXN106369,C1272,M509,1623.2,10,18,Net Banking,Pune,POS Terminal
TXN106370,C1246,M522,1740.75,23,11,UPI,Hyderabad,iOS
TXN106371,C1445,M516,1581.05,14,23,Net Banking,Kolkata,Web
TXN106372,C1412,M543,7734.34,16,25,Credit Card,Mumbai,Android
TXN106373,C1185,M540,2440.5,17,17,Debit Card,Hyderabad,Android
TXN106374,C1069,M514,816.13,17,6,UPI,Hyderabad,iOS
TXN106375,C1461,M543,3212.78,18,24,UPI,Bengaluru,Android
TXN106376,C1149,M557,3525.09,13,18,Net Banking,Kolkata,Web
TXN106377,C1245,M549,1754.14,19,5,Credit Card,Pune,POS Terminal
TXN106378,C1261,M551,1988.28,15,16,Net Banking,Chennai,Android
TXN106379,C1025,M569,3024.01,15,29,UPI,Chennai,POS Terminal
TXN106380,C1422,M567,1040.18,17,29,Debit Card,Pune,Android
TXN106381,C1139,M562,1231.51,18,28,Credit Card,Ahmedabad,iOS
TXN106382,C1098,M557,3527.09,13,20,Debit Card,Bengaluru,Web
TXN106383,C1397,M522,4923.65,13,10,Debit Card,Mumbai,POS Terminal
TXN106384,C1277,M543,41402.86,3,28,Debit Card,Chennai,POS Terminal
TXN106385,C1050,M543,3340.18,10,16,Net Banking,Delhi,iOS
TXN106386,C1150,M551,1414.82,16,3,UPI,Mumbai,Android
TXN106387,C1431,M566,2912.58,19,10,Net Banking,Mumbai,iOS
TXN106388,C1454,M527,1582.68,17,24,Credit Card,Hyderabad,POS Terminal
TXN106389,C1103,M566,4518.74,13,18,Credit Card,Pune,Android
TXN106390,C1433,M577,3840.3,11,16,Debit Card,Pune,iOS
TXN106391,C1088,M517,2928.11,16,17,Debit Card,Hyderabad,POS Terminal
TXN106392,C1140,M526,9703.0,9,17,Credit Card,Ahmedabad,POS Terminal
TXN106393,C1212,M550,2001.28,11,10,Credit Card,Hyderabad,Android
TXN106394,C1232,M559,1592.49,12,5,Debit Card,Pune,iOS
TXN106395,C1393,M573,1752.23,17,25,Credit Card,Delhi,Android
TXN106396,C1182,M548,3046.3,18,4,Debit Card,Pune,Web
TXN106397,C1250,M514,1767.97,18,15,Debit Card,Kolkata,iOS
TXN106398,C1008,M572,1191.88,12,16,Debit Card,Kolkata,Android
TXN106399,C1078,M567,1604.2,10,23,Debit Card,Bengaluru,Android
TXN106400,C1051,M514,247.38,15,18,UPI,Bengaluru,Web
TXN106401,C1385,M550,3390.59,23,19,Credit Card,Chennai,Android
TXN106402,C1408,M547,4393.8,10,10,Credit Card,Ahmedabad,iOS
TXN106403,C1268,M571,865.28,13,11,Credit Card,Delhi,Web
TXN106404,C1225,M500,1831.81,8,9,Debit Card,Mumbai,iOS
TXN106405,C1050,M506,6220.77,23,5,Net Banking,Delhi,iOS
TXN106406,C1185,M552,2331.51,20,6,Net Banking,Hyderabad,Android
TXN106407,C1033,M530,731.78,13,3,UPI,Pune,Android
TXN106408,C1290,M517,1355.87,16,13,Credit Card,Chennai,iOS
TXN106409,C1229,M511,3120.09,21,6,Debit Card,Delhi,POS Terminal
TXN106410,C1130,M547,1243.99,11,11,Debit Card,Ahmedabad,Android
TXN106411,C1489,M529,2313.46,12,29,UPI,Delhi,iOS
TXN106412,C1119,M506,3551.36,12,16,UPI,Ahmedabad,Android
TXN106413,C1442,M502,1093.77,16,11,Debit Card,Hyderabad,iOS
TXN106414,C1325,M562,4093.24,9,10,Net Banking,Bengaluru,Android
TXN106415,C1246,M505,1770.41,17,16,Credit Card,Hyderabad,Web
TXN106416,C1431,M514,2671.88,15,24,Debit Card,Mumbai,POS Terminal
TXN106417,C1191,M570,2369.97,11,14,UPI,Pune,iOS
TXN106418,C1496,M542,2290.78,13,16,Debit Card,Hyderabad,Android
TXN106419,C1402,M517,2074.07,14,26,Net Banking,Delhi,Web
TXN106420,C1322,M521,452.08,16,17,Debit Card,Ahmedabad,iOS
TXN106421,C1209,M560,4712.91,17,26,UPI,Bengaluru,POS Terminal
TXN106422,C1102,M560,7082.65,17,24,UPI,Ahmedabad,POS Terminal
TXN106423,C1328,M552,688.15,16,8,Debit Card,Ahmedabad,POS Terminal
TXN106424,C1371,M525,2533.7,10,23,UPI,Bengaluru,Web
TXN106425,C1459,M539,1695.21,13,4,Net Banking,Chennai,Web
TXN106426,C1132,M507,4558.97,22,17,Credit Card,Mumbai,Web
TXN106427,C1322,M520,405.23,20,10,Credit Card,Ahmedabad,POS Terminal
TXN106428,C1138,M542,2880.42,19,2,Credit Card,Kolkata,Web
TXN106429,C1120,M520,2844.11,7,12,UPI,Hyderabad,POS Terminal
TXN106430,C1093,M502,1341.62,14,29,Net Banking,Chennai,iOS
TXN106431,C1451,M530,639.84,11,26,Net Banking,Bengaluru,iOS
TXN106432,C1452,M526,2929.88,8,19,Debit Card,Bengaluru,iOS
TXN106433,C1128,M526,1215.4,9,21,Debit Card,Mumbai,Android
TXN106434,C1090,M572,2834.96,19,19,Debit Card,Pune,POS Terminal
TXN106435,C1091,M556,1988.69,16,30,Net Banking,Hyderabad,Web
TXN106436,C1062,M532,2011.6,12,29,Net Banking,Kolkata,POS Terminal
TXN106437,C1028,M543,2980.52,14,8,Debit Card,Hyderabad,POS Terminal
TXN106438,C1209,M542,5854.42,22,6,Net Banking,Bengaluru,Android
TXN106439,C1011,M530,3442.01,11,19,Credit Card,Delhi,Web
TXN106440,C1332,M564,2982.64,19,18,Debit Card,Hyderabad,Android
TXN106441,C1296,M575,629.2,17,14,Debit Card,Pune,Android
TXN106442,C1129,M516,2405.27,8,3,UPI,Ahmedabad,iOS
TXN106443,C1292,M514,3072.36,15,18,UPI,Hyderabad,POS Terminal
TXN106444,C1172,M533,1678.75,11,28,Debit Card,Kolkata,Web
TXN106445,C1207,M579,2446.81,13,19,Credit Card,Pune,iOS
TXN106446,C1431,M503,1965.4,11,25,Net Banking,Mumbai,Android
TXN106447,C1023,M571,2666.15,18,15,Credit Card,Chennai,Android
TXN106448,C1098,M578,2232.41,14,16,Credit Card,Bengaluru,iOS
TXN106449,C1405,M527,3405.13,9,17,Net Banking,Kolkata,iOS
TXN106450,C1355,M572,1873.9,16,3,UPI,Mumbai,iOS
TXN106451,C1138,M501,3738.56,10,23,Net Banking,Kolkata,iOS
TXN106452,C1313,M516,3545.82,10,18,Credit Card,Mumbai,iOS
TXN106453,C1173,M557,2444.01,9,13,Net Banking,Hyderabad,Web
TXN106454,C1028,M573,3335.35,12,12,UPI,Hyderabad,POS Terminal
TXN106455,C1418,M508,3361.91,11,19,Net Banking,Pune,Web
TXN106456,C1495,M530,2769.12,10,22,Net Banking,Kolkata,POS Terminal
TXN106457,C1142,M565,1044.72,6,28,Net Banking,Chennai,POS Terminal
TXN106458,C1315,M561,1893.09,13,2,Credit Card,Kolkata,iOS
TXN106459,C1350,M518,2034.64,12,1,Net Banking,Ahmedabad,Web
TXN106460,C1041,M573,3553.6,12,10,Net Banking,Delhi,Web
TXN106461,C1488,M554,4258.98,11,18,UPI,Kolkata,Android
TXN106462,C1298,M527,2114.62,12,27,UPI,Pune,Web
TXN106463,C1207,M549,2751.87,20,12,UPI,Pune,Web
TXN106464,C1329,M564,2461.75,17,13,Net Banking,Ahmedabad,Android
TXN106465,C1432,M502,3736.36,15,4,Debit Card,Bengaluru,POS Terminal
TXN106466,C1191,M578,2299.36,9,21,UPI,Pune,POS Terminal
TXN106467,C1159,M551,1711.24,10,1,Net Banking,Mumbai,iOS
TXN106468,C1063,M509,2145.76,9,4,UPI,Ahmedabad,POS Terminal
TXN106469,C1242,M520,675.67,10,21,UPI,Kolkata,POS Terminal
TXN106470,C1257,M536,2458.08,8,20,Net Banking,Delhi,Web
TXN106471,C1151,M514,62250.7,1,18,Credit Card,Kolkata,Android
TXN106472,C1214,M577,1529.01,22,17,UPI,Delhi,iOS
TXN106473,C1321,M578,570.11,18,20,Debit Card,Bengaluru,Web
TXN106474,C1165,M573,985.6,20,14,Credit Card,Hyderabad,Web
TXN106475,C1030,M508,3139.36,11,2,Credit Card,Mumbai,Web
TXN106476,C1370,M543,2945.48,14,14,Debit Card,Ahmedabad,Android
TXN106477,C1231,M538,2534.99,15,10,UPI,Pune,iOS
TXN106478,C1281,M504,322.19,6,25,Net Banking,Mumbai,iOS
TXN106479,C1028,M524,44591.73,3,20,UPI,Bengaluru,Web
TXN106480,C1194,M555,2501.05,15,30,Credit Card,Mumbai,POS Terminal
TXN106481,C1333,M563,601.98,19,3,Debit Card,Ahmedabad,Android
TXN106482,C1255,M571,552.0,18,15,Net Banking,Kolkata,iOS
TXN106483,C1280,M551,45750.91,2,7,Credit Card,Kolkata,iOS
TXN106484,C1303,M575,1109.65,12,27,Credit Card,Hyderabad,iOS
TXN106485,C1320,M508,497.48,14,30,UPI,Chennai,POS Terminal
TXN106486,C1436,M509,5181.16,12,15,UPI,Chennai,POS Terminal
TXN106487,C1322,M509,517.31,19,19,Debit Card,Ahmedabad,Android
TXN106488,C1345,M572,542.73,8,26,Credit Card,Hyderabad,POS Terminal
TXN106489,C1401,M561,891.8,11,12,Debit Card,Mumbai,POS Terminal
TXN106490,C1392,M559,733.58,8,24,Credit Card,Delhi,Web
TXN106491,C1293,M518,53602.76,5,21,Debit Card,Ahmedabad,POS Terminal
TXN106492,C1086,M537,6450.14,11,4,Debit Card,Delhi,iOS
TXN106493,C1148,M505,3402.61,13,1,Debit Card,Pune,Android
TXN106494,C1248,M514,3383.16,7,5,Debit Card,Kolkata,Web
TXN106495,C1320,M546,831.8,6,9,Net Banking,Chennai,Web
TXN106496,C1404,M544,3122.13,12,8,Net Banking,Bengaluru,Android
TXN106497,C1282,M504,3096.13,23,14,Credit Card,Kolkata,Web
TXN106498,C1361,M577,3649.51,20,14,Debit Card,Ahmedabad,Web
TXN106499,C1378,M552,1099.12,20,4,Credit Card,Delhi,Android
TXN106500,C1197,M565,1523.49,16,25,Debit Card,Pune,Web
TXN106501,C1043,M561,4312.1,14,7,UPI,Chennai,POS Terminal
TXN106502,C1355,M522,3112.08,15,2,Credit Card,Mumbai,Android
TXN106503,C1027,M543,1370.87,9,11,Credit Card,Pune,iOS
TXN106504,C1428,M551,3995.32,19,7,Credit Card,Chennai,Android
TXN106505,C1016,M545,3194.65,17,20,Net Banking,Mumbai,POS Terminal
TXN106506,C1126,M518,1671.21,18,29,Debit Card,Delhi,POS Terminal
TXN106507,C1378,M546,947.91,10,21,Credit Card,Delhi,iOS
TXN106508,C1167,M551,2976.33,16,17,Debit Card,Pune,POS Terminal
TXN106509,C1243,M523,3160.84,23,27,Debit Card,Kolkata,iOS
TXN106510,C1386,M516,2951.37,8,15,UPI,Mumbai,iOS
TXN106511,C1075,M545,2525.36,16,30,UPI,Mumbai,Android
TXN106512,C1230,M563,1826.81,10,4,UPI,Kolkata,Android
TXN106513,C1203,M527,1106.55,15,2,Net Banking,Delhi,Android
TXN106514,C1449,M549,2970.93,22,9,Debit Card,Chennai,iOS
TXN106515,C1247,M563,2547.88,8,28,Credit Card,Hyderabad,Web
TXN106516,C1301,M527,678.96,18,12,Credit Card,Pune,Web
TXN106517,C1213,M555,5248.87,15,30,UPI,Mumbai,Android
TXN106518,C1214,M558,2080.87,12,24,Credit Card,Delhi,Web
TXN106519,C1157,M504,3616.93,6,19,Net Banking,Hyderabad,iOS
TXN106520,C1068,M553,40016.04,2,23,UPI,Delhi,iOS
TXN106521,C1392,M543,782.28,17,23,Net Banking,Bengaluru,POS Terminal
TXN106522,C1084,M541,4891.9,13,29,UPI,Mumbai,POS Terminal
TXN106523,C1266,M571,2115.7,17,22,Net Banking,Hyderabad,Web
TXN106524,C1068,M556,2421.01,17,19,Credit Card,Bengaluru,Web
TXN106525,C1098,M546,1983.01,14,25,Credit Card,Bengaluru,POS Terminal
TXN106526,C1346,M575,2010.36,18,25,Net Banking,Hyderabad,iOS
TXN106527,C1496,M524,2189.76,20,22,Debit Card,Hyderabad,Android
TXN106528,C1449,M543,4536.28,17,3,Credit Card,Chennai,Android
TXN106529,C1215,M514,3741.29,14,20,Credit Card,Delhi,Web
TXN106530,C1414,M550,3259.12,15,5,UPI,Pune,Web
TXN106531,C1160,M552,2114.24,13,9,Debit Card,Chennai,POS Terminal
TXN106532,C1422,M533,869.2,12,19,Credit Card,Bengaluru,Android
TXN106533,C1093,M576,1147.38,17,9,Net Banking,Chennai,POS Terminal
TXN106534,C1173,M507,1793.97,15,21,Debit Card,Hyderabad,POS Terminal
TXN106535,C1164,M576,2721.15,9,22,Debit Card,Mumbai,Web
TXN106536,C1114,M569,3849.66,9,18,UPI,Pune,Web
TXN106537,C1219,M520,4341.89,20,16,UPI,Chennai,POS Terminal
TXN106538,C1443,M506,98054.47,3,2,Credit Card,Ahmedabad,Web
TXN106539,C1030,M578,3123.51,10,30,UPI,Delhi,iOS
TXN106540,C1010,M555,3240.73,13,28,Debit Card,Hyderabad,POS Terminal
TXN106541,C1342,M548,3495.94,13,12,Net Banking,Delhi,Android
TXN106542,C1376,M541,1065.66,10,18,UPI,Ahmedabad,POS Terminal
TXN106543,C1129,M522,2865.71,15,23,UPI,Ahmedabad,Web
TXN106544,C1487,M551,28009.91,1,29,Net Banking,Chennai,Web
TXN106545,C1104,M578,2848.44,15,27,Debit Card,Delhi,Web
TXN106546,C1026,M552,1995.44,9,11,Debit Card,Hyderabad,Web
TXN106547,C1226,M515,4251.2,11,22,UPI,Delhi,Web
TXN106548,C1001,M536,5478.0,6,23,UPI,Pune,POS Terminal
TXN106549,C1358,M517,3314.75,12,29,Net Banking,Hyderabad,Web
TXN106550,C1100,M519,3883.51,8,3,UPI,Mumbai,iOS
TXN106551,C1020,M545,1916.33,18,20,Debit Card,Pune,iOS
TXN106552,C1057,M501,6330.49,17,27,Debit Card,Pune,POS Terminal
TXN106553,C1388,M562,2573.05,23,22,Net Banking,Ahmedabad,POS Terminal
TXN106554,C1179,M502,6966.4,7,3,Net Banking,Delhi,iOS
TXN106555,C1428,M545,3345.88,6,15,UPI,Chennai,iOS
TXN106556,C1340,M548,2261.79,13,12,Credit Card,Delhi,Web
TXN106557,C1348,M500,1316.0,10,30,Net Banking,Mumbai,POS Terminal
TXN106558,C1019,M521,2174.89,11,1,Debit Card,Hyderabad,POS Terminal
TXN106559,C1254,M513,3220.31,23,22,UPI,Chennai,Web
TXN106560,C1316,M544,506.48,17,26,Net Banking,Kolkata,POS Terminal
TXN106561,C1037,M505,1812.58,15,11,Debit Card,Chennai,Web
TXN106562,C1147,M564,950.9,18,26,UPI,Kolkata,iOS
TXN106563,C1497,M520,3377.18,18,2,Net Banking,Chennai,iOS
TXN106564,C1024,M503,2927.7,16,29,UPI,Chennai,iOS
TXN106565,C1385,M502,5231.4,8,23,UPI,Chennai,Android
TXN106566,C1120,M529,2221.46,17,29,Credit Card,Pune,Web
TXN106567,C1415,M530,1198.34,17,21,Net Banking,Pune,iOS
TXN106568,C1025,M533,2846.35,18,14,Net Banking,Chennai,iOS
TXN106569,C1453,M519,1457.31,7,1,Net Banking,Delhi,Web
TXN106570,C1168,M553,2220.13,13,25,Credit Card,Mumbai,Android
TXN106571,C1322,M524,301.09,22,18,Debit Card,Ahmedabad,POS Terminal
TXN106572,C1224,M514,1859.1,18,18,Net Banking,Delhi,iOS
TXN106573,C1000,M537,1813.01,16,15,Net Banking,Ahmedabad,Android
TXN106574,C1306,M522,663.89,14,26,Debit Card,Bengaluru,iOS
TXN106575,C1260,M551,627.55,18,26,Net Banking,Kolkata,iOS
TXN106576,C1012,M565,1254.86,13,4,Credit Card,Ahmedabad,Web
TXN106577,C1402,M556,2505.05,20,2,Net Banking,Delhi,Android
TXN106578,C1395,M556,3184.54,16,15,UPI,Chennai,iOS
TXN106579,C1047,M578,1914.85,11,13,Credit Card,Delhi,Web
TXN106580,C1408,M551,4075.31,12,10,Credit Card,Ahmedabad,iOS
TXN106581,C1312,M534,1208.15,18,15,UPI,Mumbai,Web
TXN106582,C1370,M573,2641.55,17,6,Debit Card,Ahmedabad,POS Terminal
TXN106583,C1290,M513,1378.38,19,29,Credit Card,Chennai,iOS
TXN106584,C1331,M513,1223.45,15,21,Net Banking,Chennai,Web
TXN106585,C1093,M532,1863.93,16,10,Debit Card,Chennai,iOS
TXN106586,C1260,M551,17902.76,5,26,Credit Card,Delhi,Web
TXN106587,C1481,M500,2817.68,17,3,Net Banking,Delhi,POS Terminal
TXN106588,C1277,M533,935.15,13,13,Net Banking,Bengaluru,Web
TXN106589,C1358,M518,3176.74,17,18,Credit Card,Mumbai,Android
TXN106590,C1204,M523,2526.31,20,6,Debit Card,Pune,Web
TXN106591,C1184,M503,5001.05,18,14,Debit Card,Bengaluru,Android
TXN106592,C1174,M535,4835.13,8,18,UPI,Hyderabad,Web
TXN106593,C1437,M576,2158.59,19,11,UPI,Mumbai,Web
TXN106594,C1386,M557,1953.58,13,20,Credit Card,Mumbai,Web
TXN106595,C1379,M531,1058.9,22,15,Net Banking,Bengaluru,Web
TXN106596,C1308,M508,1549.21,16,21,Credit Card,Hyderabad,Android
TXN106597,C1467,M579,1657.78,13,13,UPI,Kolkata,Web
TXN106598,C1414,M566,2315.76,8,16,UPI,Kolkata,Web
TXN106599,C1068,M519,1891.63,18,27,Credit Card,Bengaluru,Web
TXN106600,C1471,M573,6871.21,8,24,UPI,Chennai,Web
TXN106601,C1103,M561,3063.38,13,12,Debit Card,Pune,Web
TXN106602,C1245,M557,1990.22,17,1,Credit Card,Bengaluru,POS Terminal
TXN106603,C1160,M521,2845.53,19,23,Credit Card,Chennai,POS Terminal
TXN106604,C1199,M566,1945.74,13,14,Credit Card,Delhi,POS Terminal
TXN106605,C1215,M574,3787.65,10,22,Credit Card,Delhi,POS Terminal
TXN106606,C1433,M547,4534.97,22,3,Debit Card,Pune,Web
TXN106607,C1211,M507,2362.34,8,10,UPI,Kolkata,iOS
TXN106608,C1015,M572,3244.92,15,26,Credit Card,Chennai,POS Terminal
TXN106609,C1497,M514,2241.97,9,10,Credit Card,Chennai,Android
TXN106610,C1371,M531,2486.15,16,1,Net Banking,Pune,Android
TXN106611,C1331,M552,818.21,20,18,Credit Card,Chennai,Web
TXN106612,C1204,M566,2511.0,14,17,Credit Card,Pune,POS Terminal
TXN106613,C1364,M503,1513.11,13,19,Net Banking,Chennai,iOS
TXN106614,C1489,M529,1717.81,23,1,Debit Card,Delhi,iOS
TXN106615,C1038,M512,3198.77,16,26,UPI,Chennai,POS Terminal
TXN106616,C1088,M520,1833.54,13,5,Debit Card,Hyderabad,Android
TXN106617,C1429,M540,1922.56,9,26,Credit Card,Mumbai,POS Terminal
TXN106618,C1255,M518,385.54,18,6,Credit Card,Kolkata,POS Terminal
TXN106619,C1479,M547,2730.21,13,1,Debit Card,Chennai,iOS
TXN106620,C1253,M562,710.81,12,30,Credit Card,Hyderabad,iOS
TXN106621,C1215,M519,4254.62,14,17,Debit Card,Delhi,POS Terminal
TXN106622,C1367,M563,4907.04,14,12,Debit Card,Chennai,Android
TXN106623,C1302,M536,3528.54,21,4,UPI,Bengaluru,Android
TXN106624,C1171,M530,48452.23,5,4,UPI,Hyderabad,Android
TXN106625,C1136,M573,2114.0,10,24,UPI,Delhi,POS Terminal
TXN106626,C1487,M517,1297.57,14,10,UPI,Bengaluru,POS Terminal
TXN106627,C1497,M519,3244.61,17,23,Debit Card,Chennai,Web
TXN106628,C1470,M510,3192.28,20,23,Credit Card,Pune,POS Terminal
TXN106629,C1383,M543,1234.87,16,25,Debit Card,Ahmedabad,Android
TXN106630,C1177,M563,4890.43,7,8,Credit Card,Hyderabad,Android
TXN106631,C1076,M533,6161.48,12,12,UPI,Hyderabad,iOS
TXN106632,C1187,M564,2645.56,16,29,Net Banking,Hyderabad,iOS
TXN106633,C1479,M554,2605.38,14,27,Credit Card,Delhi,Android
TXN106634,C1497,M573,3684.47,15,27,Credit Card,Chennai,Android
TXN106635,C1014,M500,2047.35,17,28,Net Banking,Pune,POS Terminal
TXN106636,C1291,M537,3619.86,22,12,Debit Card,Delhi,iOS
TXN106637,C1496,M508,3510.61,18,28,UPI,Hyderabad,Android
TXN106638,C1318,M570,2288.15,16,3,Debit Card,Pune,POS Terminal
TXN106639,C1324,M516,1244.88,20,16,Credit Card,Mumbai,Web
TXN106640,C1213,M551,5248.24,15,4,Credit Card,Mumbai,Android
TXN106641,C1207,M517,70099.44,5,24,Credit Card,Ahmedabad,iOS
TXN106642,C1168,M562,2926.32,15,30,Debit Card,Pune,Web
TXN106643,C1329,M532,2949.35,7,5,Debit Card,Ahmedabad,POS Terminal
TXN106644,C1279,M503,4213.33,11,29,Net Banking,Hyderabad,Android
TXN106645,C1465,M574,1482.37,19,15,Debit Card,Kolkata,iOS
TXN106646,C1304,M551,2335.91,14,21,UPI,Pune,iOS
TXN106647,C1145,M508,2085.54,7,24,Credit Card,Hyderabad,iOS
TXN106648,C1262,M563,4028.48,10,8,Debit Card,Bengaluru,iOS
TXN106649,C1003,M529,1579.14,20,29,Debit Card,Ahmedabad,Web
TXN106650,C1089,M507,4070.83,16,22,Debit Card,Pune,Android
TXN106651,C1452,M504,3294.26,16,30,Debit Card,Bengaluru,POS Terminal
TXN106652,C1059,M575,3742.17,15,25,Debit Card,Ahmedabad,Android
TXN106653,C1310,M562,2965.81,9,20,Debit Card,Pune,Android
TXN106654,C1015,M500,2317.47,21,10,Debit Card,Chennai,Android
TXN106655,C1226,M514,6104.12,20,1,UPI,Delhi,iOS
TXN106656,C1473,M537,949.99,18,10,Debit Card,Bengaluru,Web
TXN106657,C1465,M541,1815.89,9,18,Net Banking,Kolkata,POS Terminal
TXN106658,C1028,M545,2262.84,21,17,UPI,Hyderabad,POS Terminal
TXN106659,C1150,M552,1233.04,14,4,UPI,Mumbai,iOS
TXN106660,C1244,M525,3339.24,12,25,Net Banking,Mumbai,Web
TXN106661,C1269,M560,2013.24,14,27,Credit Card,Hyderabad,Android
TXN106662,C1078,M566,2254.9,19,22,Credit Card,Bengaluru,POS Terminal
TXN106663,C1432,M553,3272.37,20,13,UPI,Bengaluru,iOS
TXN106664,C1288,M521,3036.61,14,30,UPI,Chennai,iOS
TXN106665,C1152,M525,1988.98,14,30,Debit Card,Mumbai,Android
TXN106666,C1276,M559,1606.27,18,22,UPI,Mumbai,Web
TXN106667,C1400,M538,1165.7,21,6,Debit Card,Pune,Web
TXN106668,C1278,M535,1860.63,16,1,Debit Card,Pune,Web
TXN106669,C1056,M520,2902.79,19,1,Credit Card,Pune,iOS
TXN106670,C1490,M540,3436.82,18,3,UPI,Hyderabad,iOS
TXN106671,C1464,M547,4521.83,18,5,Debit Card,Ahmedabad,iOS
TXN106672,C1185,M525,1742.76,13,18,UPI,Hyderabad,Web
TXN106673,C1397,M562,4477.17,12,27,Debit Card,Bengaluru,iOS
TXN106674,C1092,M576,5274.33,9,12,Credit Card,Kolkata,Web
TXN106675,C1275,M535,2049.88,12,1,Debit Card,Kolkata,Android
TXN106676,C1157,M523,4538.61,15,9,Credit Card,Hyderabad,iOS
TXN106677,C1274,M520,1395.41,15,27,Net Banking,Mumbai,POS Terminal
TXN106678,C1180,M517,1942.66,13,17,Credit Card,Kolkata,iOS
TXN106679,C1358,M514,3651.35,18,29,Credit Card,Hyderabad,POS Terminal
TXN106680,C1439,M578,1327.13,13,13,Credit Card,Ahmedabad,POS Terminal
TXN106681,C1076,M505,4037.23,16,14,Net Banking,Ahmedabad,Android
TXN106682,C1465,M542,1558.83,20,27,Credit Card,Kolkata,POS Terminal
TXN106683,C1150,M530,1248.1,13,11,UPI,Mumbai,POS Terminal
TXN106684,C1445,M527,2628.86,16,30,UPI,Kolkata,Android
TXN106685,C1237,M507,1054.74,7,11,Net Banking,Pune,Web
TXN106686,C1288,M528,3104.49,13,4,Net Banking,Chennai,POS Terminal
TXN106687,C1230,M520,1164.65,17,9,Net Banking,Mumbai,Android
TXN106688,C1487,M557,1672.49,11,26,Debit Card,Bengaluru,POS Terminal
TXN106689,C1017,M559,1456.91,9,18,Credit Card,Pune,iOS
TXN106690,C1072,M549,1531.29,22,26,Credit Card,Delhi,POS Terminal
TXN106691,C1416,M530,364.26,16,19,Net Banking,Chennai,Android
TXN106692,C1415,M546,893.03,14,4,Net Banking,Pune,Android
TXN106693,C1188,M533,1814.08,14,12,UPI,Bengaluru,iOS
TXN106694,C1437,M501,1943.27,6,18,UPI,Mumbai,Web
TXN106695,C1016,M566,3792.23,14,18,Credit Card,Mumbai,POS Terminal
TXN106696,C1018,M571,4947.62,7,28,UPI,Chennai,POS Terminal
TXN106697,C1218,M551,841.57,19,6,UPI,Pune,iOS
TXN106698,C1325,M506,3685.75,16,27,Credit Card,Bengaluru,iOS
TXN106699,C1482,M575,1554.69,14,11,Net Banking,Delhi,Android
TXN106700,C1119,M518,3138.76,17,26,Net Banking,Chennai,Android
TXN106701,C1100,M514,3686.96,12,5,Credit Card,Mumbai,iOS
TXN106702,C1033,M577,668.85,13,16,Net Banking,Mumbai,Android
TXN106703,C1083,M547,2039.84,16,11,Net Banking,Pune,Web
TXN106704,C1408,M513,3281.72,10,5,Credit Card,Ahmedabad,Android
TXN106705,C1195,M502,3963.1,16,9,Debit Card,Kolkata,Web
TXN106706,C1329,M549,2875.57,23,23,Net Banking,Ahmedabad,iOS
TXN106707,C1201,M553,4645.05,11,11,Credit Card,Chennai,Android
TXN106708,C1343,M505,2179.03,18,29,Debit Card,Hyderabad,POS Terminal
TXN106709,C1340,M548,2361.86,18,15,UPI,Delhi,Android
TXN106710,C1010,M522,5017.42,15,25,Net Banking,Hyderabad,Web
TXN106711,C1346,M577,1656.03,16,17,Credit Card,Hyderabad,Web
TXN106712,C1399,M577,1702.91,15,18,UPI,Mumbai,iOS
TXN106713,C1217,M519,4372.4,14,21,UPI,Mumbai,POS Terminal
TXN106714,C1444,M576,1888.86,17,26,Debit Card,Ahmedabad,iOS
TXN106715,C1252,M559,4485.6,14,14,Credit Card,Pune,iOS
TXN106716,C1221,M544,3674.41,11,7,Debit Card,Chennai,iOS
TXN106717,C1382,M560,3382.19,22,24,UPI,Kolkata,POS Terminal
TXN106718,C1368,M555,3359.0,16,23,Net Banking,Delhi,POS Terminal
TXN106719,C1079,M501,4161.38,22,16,Debit Card,Delhi,Web
TXN106720,C1006,M544,1437.86,17,9,Credit Card,Chennai,Android
TXN106721,C1271,M539,2033.66,15,27,Credit Card,Ahmedabad,Android
TXN106722,C1226,M523,6389.85,12,3,UPI,Delhi,iOS
TXN106723,C1015,M528,2733.79,14,27,Credit Card,Delhi,POS Terminal
TXN106724,C1423,M566,2883.53,21,21,Debit Card,Delhi,Android
TXN106725,C1011,M567,48374.51,2,16,Debit Card,Hyderabad,iOS
TXN106726,C1290,M565,1660.69,16,28,Net Banking,Chennai,POS Terminal
TXN106727,C1240,M553,3292.24,15,22,UPI,Hyderabad,Android
TXN106728,C1020,M552,2044.77,15,30,UPI,Pune,Android
TXN106729,C1177,M578,3399.55,8,26,Debit Card,Hyderabad,Android
TXN106730,C1426,M548,1685.4,14,7,UPI,Mumbai,Android
TXN106731,C1227,M531,3717.92,14,28,Debit Card,Bengaluru,POS Terminal
TXN106732,C1495,M560,2220.52,16,7,Debit Card,Kolkata,POS Terminal
TXN106733,C1272,M541,1556.02,19,20,Net Banking,Pune,Web
TXN106734,C1287,M500,5739.5,14,1,Debit Card,Mumbai,Android
TXN106735,C1296,M562,542.11,12,8,Debit Card,Pune,Web
TXN106736,C1133,M534,2784.54,12,26,Net Banking,Bengaluru,POS Terminal
TXN106737,C1471,M550,8858.0,10,1,UPI,Chennai,POS Terminal
TXN106738,C1282,M570,3425.49,12,12,Debit Card,Kolkata,POS Terminal
TXN106739,C1403,M544,1225.59,11,30,Credit Card,Mumbai,Web
TXN106740,C1152,M576,3672.73,19,17,Net Banking,Mumbai,Web
TXN106741,C1065,M564,987.47,16,25,UPI,Hyderabad,Android
TXN106742,C1136,M513,1543.77,11,29,Net Banking,Delhi,iOS
TXN106743,C1091,M502,2374.2,15,26,Debit Card,Hyderabad,iOS
TXN106744,C1436,M523,3468.5,12,10,UPI,Chennai,Web
TXN106745,C1316,M564,675.17,8,28,Credit Card,Kolkata,POS Terminal
TXN106746,C1421,M547,1320.03,19,19,Net Banking,Pune,Web
TXN106747,C1258,M509,4764.59,13,9,Credit Card,Delhi,POS Terminal
TXN106748,C1467,M512,989.36,19,10,Net Banking,Kolkata,Android
TXN106749,C1453,M572,1532.86,19,11,Debit Card,Delhi,POS Terminal
TXN106750,C1102,M513,3908.75,14,10,Net Banking,Ahmedabad,iOS
TXN106751,C1480,M509,2939.67,16,30,Credit Card,Chennai,POS Terminal
TXN106752,C1054,M539,211.19,19,28,Net Banking,Mumbai,Web
TXN106753,C1256,M522,2612.49,14,30,Debit Card,Bengaluru,iOS
TXN106754,C1100,M554,2958.74,10,17,Debit Card,Mumbai,POS Terminal
TXN106755,C1197,M562,1291.11,14,7,Net Banking,Pune,iOS
TXN106756,C1300,M570,831.58,13,5,UPI,Chennai,POS Terminal
TXN106757,C1225,M541,1758.02,12,28,Debit Card,Mumbai,Android
TXN106758,C1430,M565,997.08,21,28,Net Banking,Chennai,Web
TXN106759,C1462,M578,4267.77,11,20,Debit Card,Mumbai,Android
TXN106760,C1236,M572,4251.2,12,27,Debit Card,Ahmedabad,POS Terminal
TXN106761,C1025,M546,1735.1,8,12,Debit Card,Chennai,POS Terminal
TXN106762,C1120,M551,1661.93,15,5,Debit Card,Hyderabad,iOS
TXN106763,C1397,M517,4559.71,11,30,Debit Card,Bengaluru,iOS
TXN106764,C1181,M578,4407.32,9,1,Debit Card,Ahmedabad,POS Terminal
TXN106765,C1198,M517,774.62,15,10,UPI,Delhi,POS Terminal
TXN106766,C1301,M523,483.41,14,7,UPI,Pune,Web
TXN106767,C1254,M522,3501.9,11,27,Debit Card,Chennai,POS Terminal
TXN106768,C1121,M511,3684.05,13,12,UPI,Mumbai,Web
TXN106769,C1030,M522,3505.8,8,2,Debit Card,Delhi,Android
TXN106770,C1471,M520,4421.42,19,30,Debit Card,Chennai,Android
TXN106771,C1314,M563,2285.64,17,28,Net Banking,Chennai,POS Terminal
TXN106772,C1478,M571,4006.56,15,9,Credit Card,Hyderabad,POS Terminal
TXN106773,C1284,M533,1037.45,16,5,UPI,Mumbai,Android
TXN106774,C1105,M501,1846.18,11,5,Credit Card,Delhi,Web
TXN106775,C1223,M568,2170.0,6,14,Debit Card,Ahmedabad,Web
TXN106776,C1272,M530,1488.7,19,19,Net Banking,Pune,POS Terminal
TXN106777,C1397,M567,3625.66,17,26,Debit Card,Bengaluru,POS Terminal
TXN106778,C1231,M569,2139.62,18,18,Debit Card,Pune,Web
TXN106779,C1419,M518,3559.54,18,8,Net Banking,Kolkata,iOS
TXN106780,C1255,M571,519.5,14,29,Net Banking,Kolkata,Android
TXN106781,C1441,M512,1326.11,9,25,UPI,Delhi,POS Terminal
TXN106782,C1495,M564,3645.17,10,3,Net Banking,Kolkata,Android
TXN106783,C1023,M505,3945.25,9,28,UPI,Chennai,Web
TXN106784,C1108,M570,952.49,20,14,UPI,Delhi,Web
TXN106785,C1190,M526,1264.11,17,11,UPI,Hyderabad,Android
TXN106786,C1346,M578,1948.4,11,29,Credit Card,Hyderabad,POS Terminal
TXN106787,C1024,M551,3492.74,10,8,Credit Card,Hyderabad,POS Terminal
TXN106788,C1186,M547,1489.11,13,22,UPI,Mumbai,iOS
TXN106789,C1287,M578,4803.1,13,12,UPI,Mumbai,Android
TXN106790,C1115,M567,2007.13,10,11,Credit Card,Delhi,POS Terminal
TXN106791,C1337,M543,422.12,11,9,UPI,Delhi,Web
TXN106792,C1365,M516,1819.57,16,26,Debit Card,Bengaluru,Android
TXN106793,C1401,M537,26067.75,1,4,Debit Card,Chennai,POS Terminal
TXN106794,C1036,M509,1899.1,14,19,Net Banking,Mumbai,Android
TXN106795,C1281,M553,400.88,13,7,UPI,Mumbai,Android
TXN106796,C1136,M505,767.4,16,17,UPI,Delhi,iOS
TXN106797,C1226,M505,6073.5,8,16,Debit Card,Delhi,POS Terminal
TXN106798,C1319,M551,3323.05,11,19,UPI,Chennai,Web
TXN106799,C1327,M514,1182.84,21,23,Debit Card,Delhi,Android
TXN106800,C1403,M567,1507.91,14,12,Debit Card,Mumbai,iOS
TXN106801,C1181,M556,3629.38,19,7,UPI,Ahmedabad,Android
TXN106802,C1361,M555,4265.08,20,25,UPI,Ahmedabad,iOS
TXN106803,C1085,M506,3700.58,16,14,Debit Card,Ahmedabad,Web
TXN106804,C1466,M550,3491.23,17,26,UPI,Kolkata,Web
TXN106805,C1413,M557,2948.34,16,25,UPI,Pune,iOS
TXN106806,C1052,M563,2925.16,13,11,Credit Card,Delhi,iOS
TXN106807,C1347,M525,3340.61,17,11,Credit Card,Pune,Android
TXN106808,C1354,M557,3562.07,11,7,Debit Card,Mumbai,POS Terminal
TXN106809,C1234,M530,1748.98,18,11,Debit Card,Bengaluru,iOS
TXN106810,C1446,M565,5528.99,11,30,Net Banking,Delhi,Web
TXN106811,C1266,M512,2018.71,14,3,Net Banking,Delhi,Web
TXN106812,C1286,M517,3280.71,21,15,Debit Card,Ahmedabad,Web
TXN106813,C1432,M574,3860.09,16,3,Credit Card,Bengaluru,Web
TXN106814,C1495,M512,2664.87,16,30,Debit Card,Chennai,Web
TXN106815,C1486,M523,3442.93,19,21,Debit Card,Bengaluru,Web
TXN106816,C1099,M556,1957.0,17,9,Credit Card,Kolkata,Web
TXN106817,C1477,M528,1117.0,7,17,Net Banking,Ahmedabad,Android
TXN106818,C1086,M555,6214.59,18,17,Debit Card,Delhi,POS Terminal
TXN106819,C1402,M553,2366.18,18,25,Net Banking,Delhi,POS Terminal
TXN106820,C1395,M504,1867.09,7,12,UPI,Mumbai,Web
TXN106821,C1014,M534,2542.42,16,7,Credit Card,Hyderabad,iOS
TXN106822,C1414,M518,68983.48,4,11,Debit Card,Delhi,iOS
TXN106823,C1426,M554,1228.21,10,29,Debit Card,Mumbai,POS Terminal
TXN106824,C1100,M576,3813.3,15,14,Net Banking,Mumbai,Android
TXN106825,C1164,M568,2696.21,12,20,UPI,Mumbai,Web
TXN106826,C1462,M543,2582.46,21,1,Credit Card,Mumbai,Web
TXN106827,C1028,M577,2880.53,16,6,UPI,Hyderabad,Web
TXN106828,C1113,M537,5981.52,16,25,UPI,Delhi,Web
TXN106829,C1106,M561,1147.33,10,22,Debit Card,Bengaluru,POS Terminal
TXN106830,C1409,M521,2053.95,17,21,Net Banking,Kolkata,Web
TXN106831,C1363,M572,4704.34,20,17,Net Banking,Pune,Web
TXN106832,C1129,M539,54153.85,3,25,Debit Card,Delhi,POS Terminal
TXN106833,C1083,M525,3119.93,17,9,Debit Card,Mumbai,Android
TXN106834,C1270,M504,6055.93,13,1,UPI,Hyderabad,Android
TXN106835,C1243,M553,3984.71,17,12,Net Banking,Kolkata,POS Terminal
TXN106836,C1387,M548,1682.05,19,20,Credit Card,Delhi,POS Terminal
TXN106837,C1213,M502,3571.59,10,28,Debit Card,Mumbai,iOS
TXN106838,C1305,M537,3841.16,8,17,UPI,Hyderabad,iOS
TXN106839,C1165,M513,808.99,22,26,Net Banking,Hyderabad,iOS
TXN106840,C1278,M546,2734.89,11,4,Debit Card,Pune,POS Terminal
TXN106841,C1058,M513,4282.48,12,23,UPI,Hyderabad,Web
TXN106842,C1089,M574,4451.88,7,8,Net Banking,Pune,POS Terminal
TXN106843,C1370,M572,3323.24,12,19,Credit Card,Ahmedabad,POS Terminal
TXN106844,C1330,M537,1566.04,15,19,UPI,Ahmedabad,POS Terminal
TXN106845,C1411,M563,1753.58,16,26,Credit Card,Hyderabad,POS Terminal
TXN106846,C1193,M543,1594.58,16,5,UPI,Ahmedabad,Android
TXN106847,C1122,M569,3733.27,15,11,Credit Card,Pune,POS Terminal
TXN106848,C1135,M564,653.15,9,6,Net Banking,Hyderabad,Android
TXN106849,C1412,M524,7579.1,20,13,Credit Card,Mumbai,POS Terminal
TXN106850,C1138,M515,3672.97,10,19,Credit Card,Kolkata,Web
TXN106851,C1228,M514,895.54,12,6,Credit Card,Delhi,Web
TXN106852,C1273,M502,2043.02,13,26,Net Banking,Kolkata,Android
TXN106853,C1438,M566,1638.02,12,28,Debit Card,Mumbai,iOS
TXN106854,C1049,M536,1679.0,14,23,Debit Card,Delhi,iOS
TXN106855,C1397,M554,5796.07,11,13,UPI,Bengaluru,iOS
TXN106856,C1117,M537,2500.57,14,6,Debit Card,Bengaluru,iOS
TXN106857,C1201,M562,6366.96,15,16,Credit Card,Chennai,iOS
TXN106858,C1482,M500,1850.15,12,22,Net Banking,Delhi,iOS
TXN106859,C1392,M570,998.03,17,29,Debit Card,Pune,POS Terminal
TXN106860,C1482,M518,1909.37,17,18,Net Banking,Delhi,Android
TXN106861,C1394,M551,2181.94,16,29,Credit Card,Kolkata,POS Terminal
TXN106862,C1190,M529,2019.36,11,11,Debit Card,Hyderabad,Web
TXN106863,C1363,M554,3643.97,17,20,UPI,Pune,Android
TXN106864,C1459,M513,2189.61,17,17,UPI,Chennai,Android
TXN106865,C1322,M512,17937.43,5,10,Credit Card,Bengaluru,Web
TXN106866,C1180,M526,2184.09,19,16,Net Banking,Kolkata,iOS
TXN106867,C1422,M508,911.14,13,29,Credit Card,Pune,iOS
TXN106868,C1077,M540,2374.89,14,5,Debit Card,Pune,Web
TXN106869,C1439,M547,1785.48,16,29,Net Banking,Ahmedabad,POS Terminal
TXN106870,C1411,M511,36970.28,3,29,Net Banking,Kolkata,POS Terminal
TXN106871,C1074,M509,3571.81,11,10,Net Banking,Hyderabad,Android
TXN106872,C1294,M505,2038.48,14,3,Net Banking,Ahmedabad,POS Terminal
TXN106873,C1280,M533,3630.2,14,19,Debit Card,Chennai,POS Terminal
TXN106874,C1020,M551,772.19,13,4,Net Banking,Pune,POS Terminal
TXN106875,C1393,M540,1822.99,15,12,Net Banking,Delhi,Web
TXN106876,C1170,M505,4235.02,18,25,Credit Card,Hyderabad,Android
TXN106877,C1014,M501,1915.13,15,27,UPI,Pune,Web
TXN106878,C1210,M514,6953.27,16,22,Net Banking,Delhi,POS Terminal
TXN106879,C1047,M516,1173.82,9,10,UPI,Hyderabad,Web
TXN106880,C1085,M515,3675.75,11,11,Net Banking,Chennai,Android
TXN106881,C1148,M527,3156.26,22,8,Net Banking,Pune,iOS
TXN106882,C1187,M571,3118.13,7,27,Credit Card,Hyderabad,Android
TXN106883,C1371,M509,2330.89,13,12,UPI,Pune,POS Terminal
TXN106884,C1491,M509,4929.49,12,14,Credit Card,Mumbai,POS Terminal
TXN106885,C1479,M509,2908.4,11,21,Debit Card,Delhi,Android
TXN106886,C1305,M572,3618.02,14,29,UPI,Hyderabad,iOS
TXN106887,C1150,M527,1185.13,13,22,UPI,Mumbai,iOS
TXN106888,C1140,M523,7331.53,21,3,Credit Card,Ahmedabad,iOS
TXN106889,C1068,M518,1183.35,13,27,Net Banking,Bengaluru,Android
TXN106890,C1259,M567,3259.02,17,11,Net Banking,Bengaluru,POS Terminal
TXN106891,C1475,M555,5326.42,15,27,Debit Card,Kolkata,POS Terminal
TXN106892,C1333,M566,1083.04,15,7,Net Banking,Ahmedabad,POS Terminal
TXN106893,C1455,M541,1024.35,15,28,UPI,Mumbai,Web
TXN106894,C1008,M511,1259.53,23,27,UPI,Kolkata,POS Terminal
TXN106895,C1120,M517,1519.27,19,15,Debit Card,Hyderabad,iOS
TXN106896,C1370,M522,3216.64,11,11,Debit Card,Ahmedabad,Web
TXN106897,C1418,M505,2859.78,8,25,Credit Card,Pune,Android
TXN106898,C1100,M552,4430.29,17,25,UPI,Mumbai,iOS
TXN106899,C1148,M541,4598.59,11,7,UPI,Pune,Android
TXN106900,C1441,M565,1418.57,14,19,Debit Card,Delhi,POS Terminal
TXN106901,C1145,M529,1900.56,11,16,Debit Card,Hyderabad,Web
TXN106902,C1352,M508,3251.29,15,21,UPI,Chennai,Android
TXN106903,C1455,M541,1008.31,16,26,Debit Card,Mumbai,iOS
TXN106904,C1242,M533,17053.8,3,25,Net Banking,Hyderabad,iOS
TXN106905,C1240,M539,4832.88,18,27,Credit Card,Hyderabad,Android
TXN106906,C1336,M516,2888.67,13,25,Net Banking,Ahmedabad,POS Terminal
TXN106907,C1042,M528,4849.41,15,19,Credit Card,Delhi,Web
TXN106908,C1094,M549,1917.93,11,13,Debit Card,Delhi,POS Terminal
TXN106909,C1225,M575,2134.6,19,21,UPI,Mumbai,POS Terminal
TXN106910,C1005,M548,1003.0,7,17,Net Banking,Pune,POS Terminal
TXN106911,C1213,M572,6517.76,13,14,Net Banking,Mumbai,Android
TXN106912,C1205,M560,3264.66,22,23,Debit Card,Bengaluru,POS Terminal
TXN106913,C1066,M545,2507.31,13,2,Net Banking,Ahmedabad,Android
TXN106914,C1395,M545,2164.45,20,26,UPI,Mumbai,iOS
TXN106915,C1099,M516,32716.27,2,26,Credit Card,Delhi,iOS
TXN106916,C1011,M565,4891.63,13,22,Net Banking,Delhi,iOS
TXN106917,C1236,M504,3371.46,18,10,Credit Card,Ahmedabad,Android
TXN106918,C1321,M553,461.42,14,28,Credit Card,Chennai,Android
TXN106919,C1257,M515,2549.18,11,6,UPI,Delhi,Web
TXN106920,C1398,M506,2364.89,20,16,Debit Card,Bengaluru,POS Terminal
TXN106921,C1406,M507,1323.12,14,7,UPI,Mumbai,Android
TXN106922,C1412,M571,5829.24,18,19,UPI,Mumbai,Android
TXN106923,C1336,M537,2802.98,10,24,Credit Card,Mumbai,POS Terminal
TXN106924,C1479,M553,2378.46,16,21,Debit Card,Delhi,Web
TXN106925,C1134,M575,2894.06,19,10,UPI,Ahmedabad,POS Terminal
TXN106926,C1221,M514,6495.61,6,20,Debit Card,Chennai,POS Terminal
TXN106927,C1155,M549,3055.75,13,27,UPI,Mumbai,iOS
TXN106928,C1141,M555,1893.1,18,15,UPI,Delhi,iOS
TXN106929,C1427,M508,4599.68,16,12,Credit Card,Kolkata,POS Terminal
TXN106930,C1157,M507,4136.48,15,25,Credit Card,Hyderabad,Web
TXN106931,C1464,M518,3305.18,11,9,Credit Card,Ahmedabad,Web
TXN106932,C1415,M550,1100.06,17,18,Debit Card,Pune,Web
TXN106933,C1493,M571,2171.78,21,17,UPI,Mumbai,Android
TXN106934,C1325,M556,4223.21,15,19,Net Banking,Bengaluru,iOS
TXN106935,C1370,M567,63870.52,3,10,Credit Card,Pune,Web
TXN106936,C1343,M530,2277.56,17,8,Debit Card,Hyderabad,Android
TXN106937,C1261,M502,2366.58,14,20,Debit Card,Chennai,POS Terminal
TXN106938,C1282,M542,2808.49,8,5,UPI,Kolkata,POS Terminal
TXN106939,C1337,M528,344.78,21,13,Net Banking,Delhi,POS Terminal
TXN106940,C1343,M509,1462.93,23,21,Net Banking,Hyderabad,iOS
TXN106941,C1228,M511,833.25,15,27,Net Banking,Delhi,Android
TXN106942,C1375,M545,1179.98,19,2,Net Banking,Delhi,POS Terminal
TXN106943,C1279,M529,3894.27,14,1,Credit Card,Hyderabad,Web
TXN106944,C1357,M531,2009.32,20,8,Net Banking,Bengaluru,Web
TXN106945,C1289,M572,2036.44,21,10,Credit Card,Pune,Web
TXN106946,C1167,M546,3316.19,16,28,Net Banking,Pune,Web
TXN106947,C1046,M562,904.77,18,5,Credit Card,Delhi,POS Terminal
TXN106948,C1462,M525,2005.31,12,18,Credit Card,Mumbai,Web
TXN106949,C1202,M502,3849.21,17,23,Net Banking,Mumbai,Web
TXN106950,C1213,M522,8560.64,11,30,Debit Card,Mumbai,POS Terminal
TXN106951,C1245,M574,1579.25,13,2,Net Banking,Pune,Android
TXN106952,C1023,M573,4739.6,23,22,Credit Card,Chennai,POS Terminal
TXN106953,C1320,M549,676.01,14,9,Credit Card,Chennai,iOS
TXN106954,C1273,M535,2486.82,18,16,Debit Card,Kolkata,iOS
TXN106955,C1043,M512,3459.12,14,20,UPI,Chennai,POS Terminal
TXN106956,C1331,M528,1462.48,16,21,UPI,Bengaluru,iOS
TXN106957,C1312,M537,1014.11,14,17,Debit Card,Hyderabad,Android
TXN106958,C1362,M576,2894.45,17,16,Debit Card,Pune,Android
TXN106959,C1155,M504,4011.61,7,29,Net Banking,Mumbai,Web
TXN106960,C1487,M519,1315.1,19,1,Credit Card,Bengaluru,iOS
TXN106961,C1379,M577,1607.2,8,25,UPI,Bengaluru,Android
TXN106962,C1198,M513,961.03,9,5,Net Banking,Delhi,Android
TXN106963,C1406,M507,1410.29,16,28,UPI,Mumbai,iOS
TXN106964,C1468,M547,4728.25,23,27,Net Banking,Kolkata,POS Terminal
TXN106965,C1161,M512,98206.32,2,19,Credit Card,Delhi,Android
TXN106966,C1394,M523,1899.95,15,18,Net Banking,Kolkata,Web
TXN106967,C1469,M578,4718.78,6,26,Credit Card,Pune,iOS
TXN106968,C1233,M564,62669.78,1,23,Net Banking,Bengaluru,Web
TXN106969,C1162,M533,1235.29,13,20,Credit Card,Bengaluru,Android
TXN106970,C1115,M550,2668.04,18,3,Net Banking,Delhi,Android
TXN106971,C1092,M502,5548.25,16,18,Net Banking,Kolkata,Android
TXN106972,C1041,M577,3432.98,10,11,Credit Card,Delhi,iOS
TXN106973,C1283,M557,8797.59,11,11,Debit Card,Hyderabad,Android
TXN106974,C1378,M571,888.16,15,11,Debit Card,Delhi,POS Terminal
TXN106975,C1209,M554,5985.67,11,10,Net Banking,Bengaluru,iOS
TXN106976,C1205,M579,4834.66,12,10,Credit Card,Bengaluru,POS Terminal
TXN106977,C1465,M541,1613.33,11,4,UPI,Kolkata,Android
TXN106978,C1219,M520,3784.35,18,9,UPI,Chennai,Web
TXN106979,C1279,M509,5200.96,16,10,UPI,Hyderabad,Web
TXN106980,C1135,M556,501.82,11,13,UPI,Hyderabad,iOS
TXN106981,C1105,M524,1361.89,17,23,UPI,Delhi,Android
TXN106982,C1117,M555,2404.75,19,1,Credit Card,Kolkata,iOS
TXN106983,C1236,M537,2376.31,11,16,Net Banking,Ahmedabad,Android
TXN106984,C1308,M560,1423.3,11,19,UPI,Bengaluru,POS Terminal
TXN106985,C1455,M546,779.47,10,12,Debit Card,Mumbai,POS Terminal
TXN106986,C1387,M553,1552.31,17,5,Debit Card,Delhi,iOS
TXN106987,C1474,M545,3252.38,13,23,UPI,Bengaluru,POS Terminal
TXN106988,C1099,M567,1512.22,13,30,Debit Card,Kolkata,Web
TXN106989,C1260,M503,748.8,11,5,Credit Card,Kolkata,iOS
TXN106990,C1480,M565,2265.18,20,25,UPI,Chennai,POS Terminal
TXN106991,C1304,M542,2696.13,15,7,Net Banking,Pune,Android
TXN106992,C1353,M561,2298.29,16,12,Credit Card,Kolkata,iOS
TXN106993,C1285,M503,4491.45,17,14,Debit Card,Mumbai,Web
TXN106994,C1327,M564,1471.19,14,1,UPI,Delhi,Android
TXN106995,C1102,M561,7338.41,23,6,Credit Card,Ahmedabad,Web
TXN106996,C1062,M501,1601.33,14,18,Credit Card,Kolkata,Android
TXN106997,C1174,M508,4406.9,18,6,Credit Card,Chennai,Android
TXN106998,C1281,M556,445.57,19,19,Credit Card,Mumbai,Web
TXN106999,C1440,M544,2912.32,16,30,Credit Card,Ahmedabad,Android
TXN107000,C1292,M517,3671.67,8,12,Debit Card,Hyderabad,iOS
TXN107001,C1225,M547,1883.6,10,18,UPI,Mumbai,POS Terminal
TXN107002,C1006,M541,1412.32,13,3,Credit Card,Chennai,Android
TXN107003,C1126,M540,1196.52,15,11,Credit Card,Delhi,iOS
TXN107004,C1423,M574,3098.09,12,26,Debit Card,Delhi,Android
TXN107005,C1091,M557,2961.21,18,4,Net Banking,Hyderabad,Web
TXN107006,C1422,M541,1149.26,13,13,UPI,Pune,iOS
TXN107007,C1189,M534,3010.01,12,1,UPI,Pune,Android
TXN107008,C1358,M537,2908.04,21,20,Net Banking,Hyderabad,Web
TXN107009,C1475,M566,3727.93,13,6,UPI,Kolkata,Android
TXN107010,C1461,M540,2698.51,15,21,UPI,Bengaluru,iOS
TXN107011,C1052,M549,3566.06,11,29,Net Banking,Delhi,iOS
TXN107012,C1241,M571,2791.96,14,14,UPI,Mumbai,POS Terminal
TXN107013,C1485,M578,3099.03,14,21,Debit Card,Kolkata,Android
TXN107014,C1131,M544,3374.43,15,9,Credit Card,Bengaluru,iOS
TXN107015,C1489,M570,1886.77,12,9,UPI,Delhi,Web
TXN107016,C1465,M518,1047.9,14,25,UPI,Kolkata,iOS
TXN107017,C1363,M516,3938.48,11,7,Credit Card,Pune,Android
TXN107018,C1111,M564,2020.05,16,29,Credit Card,Mumbai,iOS
TXN107019,C1408,M576,3983.78,15,15,UPI,Ahmedabad,iOS
TXN107020,C1006,M555,1665.22,17,10,Debit Card,Chennai,POS Terminal
TXN107021,C1229,M540,1113.06,11,9,Credit Card,Delhi,iOS
TXN107022,C1155,M541,5912.45,15,29,Credit Card,Mumbai,Android
TXN107023,C1196,M505,3068.58,14,28,Net Banking,Pune,Android
TXN107024,C1322,M568,378.15,10,24,Debit Card,Ahmedabad,iOS
TXN107025,C1363,M574,4792.76,18,24,Credit Card,Pune,iOS
TXN107026,C1222,M572,2288.87,15,15,Credit Card,Pune,iOS
TXN107027,C1366,M539,69752.57,1,21,UPI,Bengaluru,Web
TXN107028,C1489,M540,2163.42,16,9,Credit Card,Delhi,Android
TXN107029,C1249,M508,1612.97,11,24,Credit Card,Hyderabad,Android
TXN107030,C1403,M507,1030.72,16,7,Net Banking,Mumbai,Android
TXN107031,C1082,M543,2260.26,19,24,Debit Card,Bengaluru,Android
TXN107032,C1239,M557,1416.47,14,25,Credit Card,Chennai,Web
TXN107033,C1379,M566,1129.19,15,23,Debit Card,Bengaluru,Android
TXN107034,C1394,M512,49827.3,5,25,Debit Card,Hyderabad,POS Terminal
TXN107035,C1359,M518,5630.18,17,8,Debit Card,Pune,iOS
TXN107036,C1322,M548,364.38,14,2,Net Banking,Ahmedabad,Android
TXN107037,C1470,M579,1973.38,17,3,Credit Card,Pune,iOS
TXN107038,C1262,M577,5266.51,11,22,Net Banking,Kolkata,Android
TXN107039,C1406,M529,1122.13,11,22,Debit Card,Mumbai,Web
TXN107040,C1188,M565,1769.35,9,23,UPI,Bengaluru,Web
TXN107041,C1454,M576,2257.07,18,2,Credit Card,Hyderabad,POS Terminal
TXN107042,C1365,M558,1624.07,14,28,Credit Card,Bengaluru,Web
TXN107043,C1289,M552,3457.27,13,1,Debit Card,Pune,Web
TXN107044,C1361,M551,3895.8,16,27,Debit Card,Ahmedabad,Web
TXN107045,C1402,M530,2814.48,19,12,Debit Card,Delhi,Android
TXN107046,C1057,M514,5251.56,15,5,Debit Card,Pune,iOS
TXN107047,C1008,M519,982.21,20,30,UPI,Kolkata,POS Terminal
TXN107048,C1303,M504,1893.64,22,27,Net Banking,Hyderabad,iOS
TXN107049,C1114,M506,3359.78,16,18,Credit Card,Pune,POS Terminal
TXN107050,C1209,M517,5383.31,10,25,Debit Card,Bengaluru,POS Terminal
TXN107051,C1040,M555,4912.21,11,19,Net Banking,Kolkata,Android
TXN107052,C1303,M574,2543.98,12,28,UPI,Hyderabad,iOS
TXN107053,C1172,M544,2054.9,15,2,Net Banking,Kolkata,iOS
TXN107054,C1233,M527,2597.04,12,28,Debit Card,Chennai,iOS
TXN107055,C1280,M549,3076.64,22,16,Net Banking,Chennai,POS Terminal
TXN107056,C1371,M501,1407.41,16,28,Net Banking,Pune,POS Terminal
TXN107057,C1077,M567,2356.22,7,23,UPI,Pune,POS Terminal
TXN107058,C1107,M576,3034.44,22,6,Credit Card,Chennai,Android
TXN107059,C1280,M523,2402.07,14,24,UPI,Chennai,POS Terminal
TXN107060,C1402,M547,2160.45,21,25,Debit Card,Delhi,Android
TXN107061,C1038,M544,2915.71,12,3,Credit Card,Chennai,iOS
TXN107062,C1118,M557,1995.03,15,8,Net Banking,Pune,Android
TXN107063,C1334,M535,3996.97,14,4,Debit Card,Hyderabad,Web
TXN107064,C1335,M501,1574.97,22,18,Net Banking,Pune,Web
TXN107065,C1026,M517,2163.72,16,20,Net Banking,Hyderabad,iOS
TXN107066,C1103,M548,3990.25,19,4,Net Banking,Pune,Web
TXN107067,C1073,M507,1814.48,12,8,Net Banking,Bengaluru,POS Terminal
TXN107068,C1190,M557,2883.22,18,26,Net Banking,Hyderabad,Web
TXN107069,C1323,M514,1811.18,20,24,Credit Card,Kolkata,Android
TXN107070,C1498,M516,1532.55,13,29,Debit Card,Kolkata,POS Terminal
TXN107071,C1146,M522,1001.19,14,7,UPI,Mumbai,Web
TXN107072,C1254,M565,4334.8,10,20,Net Banking,Chennai,iOS
TXN107073,C1283,M569,6838.27,9,18,Credit Card,Hyderabad,Web
TXN107074,C1212,M526,2155.5,18,1,UPI,Hyderabad,POS Terminal
TXN107075,C1122,M536,3190.29,14,27,UPI,Delhi,Web
TXN107076,C1494,M548,1081.22,14,18,Net Banking,Ahmedabad,Web
TXN107077,C1205,M563,4838.67,11,2,Debit Card,Bengaluru,Android
TXN107078,C1416,M533,512.96,16,19,Net Banking,Chennai,Android
TXN107079,C1239,M517,3027.78,19,10,Net Banking,Chennai,Android
TXN107080,C1393,M563,2237.99,10,21,Credit Card,Delhi,Web
TXN107081,C1338,M573,4382.02,15,1,UPI,Hyderabad,Android
TXN107082,C1285,M543,3680.24,16,21,Debit Card,Mumbai,Android
TXN107083,C1021,M516,113668.44,5,7,Debit Card,Ahmedabad,Android
TXN107084,C1258,M558,4544.17,14,28,UPI,Delhi,iOS
TXN107085,C1356,M512,532.66,10,14,Net Banking,Mumbai,POS Terminal
TXN107086,C1104,M551,45215.97,4,1,UPI,Pune,iOS
TXN107087,C1465,M559,2445.07,11,4,Net Banking,Kolkata,Web
TXN107088,C1458,M541,1791.75,17,11,Net Banking,Pune,Web
TXN107089,C1431,M563,2784.4,12,2,Net Banking,Mumbai,Android
TXN107090,C1257,M565,1728.72,12,8,UPI,Delhi,POS Terminal
TXN107091,C1203,M533,1689.76,15,18,Debit Card,Mumbai,iOS
TXN107092,C1309,M570,7813.71,11,17,Net Banking,Mumbai,POS Terminal
TXN107093,C1261,M563,2794.69,12,14,Credit Card,Chennai,Web
TXN107094,C1106,M532,1186.35,21,30,Debit Card,Delhi,Web
TXN107095,C1250,M511,2077.79,19,18,UPI,Kolkata,Android
TXN107096,C1423,M575,71268.8,1,10,Debit Card,Mumbai,iOS
TXN107097,C1491,M518,4194.35,17,20,Credit Card,Mumbai,iOS
TXN107098,C1220,M508,2785.59,15,21,Debit Card,Kolkata,POS Terminal
TXN107099,C1378,M573,1403.95,13,18,Debit Card,Hyderabad,POS Terminal
TXN107100,C1221,M516,5455.72,18,20,Debit Card,Mumbai,Web
TXN107101,C1257,M549,2717.01,13,23,Debit Card,Delhi,Android
TXN107102,C1200,M538,3848.93,17,5,Debit Card,Kolkata,Web
TXN107103,C1366,M540,2856.87,14,8,UPI,Pune,POS Terminal
TXN107104,C1257,M509,1611.55,17,10,Credit Card,Delhi,Android
TXN107105,C1348,M511,1376.18,15,25,UPI,Mumbai,POS Terminal
TXN107106,C1224,M578,1825.91,21,1,Debit Card,Chennai,iOS
TXN107107,C1201,M514,5786.76,23,17,Net Banking,Chennai,POS Terminal
TXN107108,C1225,M527,1195.52,17,19,Debit Card,Chennai,Web
TXN107109,C1235,M503,3164.56,9,24,Debit Card,Ahmedabad,Android
TXN107110,C1182,M535,3114.39,15,17,Credit Card,Pune,Android
TXN107111,C1199,M564,1705.88,10,10,UPI,Delhi,Android
TXN107112,C1356,M546,1061.65,15,18,UPI,Mumbai,Web
TXN107113,C1245,M538,1365.07,19,30,Net Banking,Pune,Web
TXN107114,C1443,M537,4863.53,8,1,Net Banking,Kolkata,Web
TXN107115,C1352,M543,3591.51,12,30,Net Banking,Chennai,iOS
TXN107116,C1110,M550,2390.26,23,17,Debit Card,Mumbai,Android
TXN107117,C1005,M525,827.49,17,28,UPI,Pune,Android
TXN107118,C1235,M535,2669.16,12,13,Net Banking,Ahmedabad,Android
TXN107119,C1126,M568,1690.14,20,25,Credit Card,Delhi,Android
TXN107120,C1103,M500,5278.1,15,28,UPI,Pune,iOS
TXN107121,C1236,M552,3426.23,16,10,Debit Card,Ahmedabad,Android
TXN107122,C1402,M505,2101.89,9,1,UPI,Delhi,iOS
TXN107123,C1479,M536,2235.97,17,20,UPI,Delhi,POS Terminal
TXN107124,C1154,M501,5347.5,19,7,UPI,Mumbai,Web
TXN107125,C1256,M568,1344.44,20,28,UPI,Bengaluru,Web
TXN107126,C1234,M540,1786.76,20,21,Net Banking,Bengaluru,Android
TXN107127,C1499,M550,3933.18,16,26,Credit Card,Delhi,Web
TXN107128,C1288,M546,3760.88,17,13,Debit Card,Chennai,Android
TXN107129,C1039,M512,3728.92,11,21,UPI,Pune,iOS
TXN107130,C1287,M575,4265.74,13,7,UPI,Mumbai,Web
TXN107131,C1196,M568,2996.65,21,6,Net Banking,Pune,Web
TXN107132,C1272,M565,1419.42,10,22,Net Banking,Pune,iOS
TXN107133,C1381,M558,1719.44,15,13,UPI,Pune,iOS
TXN107134,C1263,M567,3276.43,10,8,Credit Card,Pune,POS Terminal
TXN107135,C1056,M558,2055.57,19,16,Debit Card,Pune,iOS
TXN107136,C1297,M509,3161.83,14,26,Net Banking,Kolkata,Android
TXN107137,C1097,M512,2225.23,16,9,Net Banking,Delhi,Android
TXN107138,C1136,M501,1465.32,16,13,Credit Card,Delhi,Web
TXN107139,C1375,M514,1172.58,19,27,Net Banking,Delhi,Web
TXN107140,C1086,M545,7602.53,15,2,Debit Card,Delhi,iOS
TXN107141,C1418,M556,3336.6,12,12,UPI,Pune,Android
TXN107142,C1241,M509,2139.64,17,12,Debit Card,Mumbai,iOS
TXN107143,C1198,M521,875.72,10,26,Debit Card,Delhi,iOS
TXN107144,C1462,M578,3012.95,18,15,Debit Card,Mumbai,Android
TXN107145,C1436,M576,5822.27,18,20,UPI,Chennai,Web
TXN107146,C1309,M507,6458.32,15,10,Credit Card,Mumbai,Web
TXN107147,C1083,M520,3395.41,18,25,UPI,Mumbai,Web
TXN107148,C1241,M521,2452.57,12,14,Net Banking,Mumbai,Web
TXN107149,C1280,M544,2863.04,11,30,Credit Card,Mumbai,POS Terminal
TXN107150,C1322,M539,391.99,8,26,Credit Card,Ahmedabad,POS Terminal
TXN107151,C1251,M521,4099.32,14,17,Net Banking,Bengaluru,Web
TXN107152,C1189,M529,5315.35,15,10,Net Banking,Pune,Android
TXN107153,C1438,M561,1230.85,13,29,Credit Card,Mumbai,Android
TXN107154,C1429,M572,1681.51,19,24,Net Banking,Mumbai,iOS
TXN107155,C1151,M544,2375.6,18,11,Credit Card,Bengaluru,POS Terminal
TXN107156,C1481,M534,53505.4,1,17,Net Banking,Chennai,Web
TXN107157,C1301,M541,525.39,14,11,Credit Card,Pune,Web
TXN107158,C1277,M504,1270.15,18,15,UPI,Bengaluru,Android
TXN107159,C1138,M526,2988.61,19,4,UPI,Kolkata,iOS
TXN107160,C1175,M569,5852.02,16,25,Net Banking,Bengaluru,Android
TXN107161,C1007,M561,6150.74,12,4,Net Banking,Pune,POS Terminal
TXN107162,C1294,M531,1399.67,10,21,Credit Card,Ahmedabad,Android
TXN107163,C1234,M507,1206.25,18,15,Debit Card,Bengaluru,Web
TXN107164,C1162,M517,1434.8,10,14,Net Banking,Pune,Android
TXN107165,C1048,M577,2586.28,14,29,UPI,Kolkata,Android
TXN107166,C1301,M514,409.8,15,9,Net Banking,Pune,Web
TXN107167,C1037,M525,2278.02,13,16,Credit Card,Chennai,POS Terminal
TXN107168,C1135,M552,748.98,17,24,Credit Card,Hyderabad,POS Terminal
TXN107169,C1309,M543,5647.33,16,1,Net Banking,Mumbai,POS Terminal
TXN107170,C1420,M531,4152.54,16,3,Net Banking,Pune,POS Terminal
TXN107171,C1218,M527,628.08,11,4,Debit Card,Pune,Web
TXN107172,C1347,M538,4022.58,12,19,Debit Card,Pune,POS Terminal
TXN107173,C1295,M531,1421.39,17,9,Credit Card,Pune,Web
TXN107174,C1033,M576,761.68,15,22,Debit Card,Pune,Web
TXN107175,C1351,M578,1820.83,15,19,UPI,Bengaluru,Android
TXN107176,C1078,M517,2603.91,18,8,Net Banking,Bengaluru,Android
TXN107177,C1235,M569,3055.9,10,25,Net Banking,Ahmedabad,Web
TXN107178,C1382,M510,3607.27,15,26,Credit Card,Kolkata,Android
TXN107179,C1272,M531,1041.49,14,4,Net Banking,Pune,Android
TXN107180,C1160,M519,2466.13,13,13,UPI,Chennai,iOS
TXN107181,C1174,M539,4461.92,10,21,Credit Card,Chennai,iOS
TXN107182,C1365,M507,1452.25,18,19,Net Banking,Bengaluru,iOS
TXN107183,C1307,M534,4952.99,13,14,UPI,Bengaluru,POS Terminal
TXN107184,C1373,M568,1942.09,11,5,Credit Card,Mumbai,Android
TXN107185,C1463,M577,1932.26,15,18,UPI,Mumbai,POS Terminal
TXN107186,C1220,M520,4326.89,13,18,Net Banking,Kolkata,Web
TXN107187,C1008,M523,722.58,12,27,Debit Card,Kolkata,POS Terminal
TXN107188,C1288,M516,2936.41,10,29,Credit Card,Kolkata,Android
TXN107189,C1443,M517,7040.66,23,21,Net Banking,Kolkata,iOS
TXN107190,C1112,M511,2761.59,18,15,Credit Card,Hyderabad,POS Terminal
TXN107191,C1476,M515,1289.13,8,23,Credit Card,Chennai,Android
TXN107192,C1204,M503,2668.15,12,17,Credit Card,Pune,iOS
TXN107193,C1404,M533,2440.67,13,3,UPI,Kolkata,Web
TXN107194,C1185,M545,2429.89,14,1,Credit Card,Hyderabad,Web
TXN107195,C1340,M574,1680.24,17,24,Debit Card,Delhi,Web
TXN107196,C1196,M576,2777.76,12,18,Net Banking,Pune,POS Terminal
TXN107197,C1265,M530,3521.27,11,22,UPI,Delhi,Web
TXN107198,C1261,M524,2863.75,15,27,Credit Card,Chennai,POS Terminal
TXN107199,C1247,M573,1714.44,7,16,Credit Card,Hyderabad,POS Terminal
TXN107200,C1114,M523,2827.89,12,6,Net Banking,Pune,POS Terminal
TXN107201,C1120,M564,2202.4,15,9,UPI,Hyderabad,POS Terminal
TXN107202,C1140,M524,5912.98,13,22,UPI,Ahmedabad,iOS
TXN107203,C1064,M527,1425.9,19,10,Credit Card,Mumbai,iOS
TXN107204,C1275,M535,2657.05,19,22,UPI,Kolkata,POS Terminal
TXN107205,C1312,M505,969.54,18,29,Debit Card,Mumbai,iOS
TXN107206,C1238,M565,2341.78,9,27,Credit Card,Mumbai,Android
TXN107207,C1301,M566,571.09,12,17,Credit Card,Pune,iOS
TXN107208,C1391,M571,2823.01,13,7,UPI,Bengaluru,Web
TXN107209,C1009,M547,2447.28,15,14,Debit Card,Bengaluru,POS Terminal
TXN107210,C1456,M569,6146.7,16,14,Debit Card,Chennai,iOS
TXN107211,C1368,M577,2385.67,6,12,Credit Card,Delhi,iOS
TXN107212,C1232,M566,2315.82,16,6,Debit Card,Pune,POS Terminal
TXN107213,C1194,M547,2513.79,14,29,Debit Card,Mumbai,POS Terminal
TXN107214,C1394,M564,2508.79,14,14,Debit Card,Kolkata,Android
TXN107215,C1011,M543,3102.25,11,8,Credit Card,Pune,Android
TXN107216,C1393,M562,1406.9,16,17,Net Banking,Delhi,POS Terminal
TXN107217,C1408,M545,4553.25,16,8,Credit Card,Ahmedabad,POS Terminal
TXN107218,C1176,M518,3973.8,13,8,Net Banking,Ahmedabad,Android
TXN107219,C1176,M563,3948.63,11,17,Debit Card,Ahmedabad,Android
TXN107220,C1216,M572,1952.1,13,11,Debit Card,Hyderabad,iOS
TXN107221,C1010,M570,4623.41,11,7,Credit Card,Hyderabad,iOS
TXN107222,C1445,M549,2522.41,12,23,Credit Card,Kolkata,Web
TXN107223,C1117,M562,1991.47,21,7,UPI,Bengaluru,Web
TXN107224,C1163,M540,82991.23,4,12,UPI,Mumbai,Android
TXN107225,C1038,M506,3340.61,19,16,Debit Card,Chennai,POS Terminal
TXN107226,C1052,M508,3871.42,16,13,Credit Card,Ahmedabad,POS Terminal
TXN107227,C1217,M503,4490.14,16,29,Credit Card,Mumbai,iOS
TXN107228,C1205,M548,5411.8,14,15,Credit Card,Bengaluru,Web
TXN107229,C1486,M575,4140.56,12,19,Debit Card,Bengaluru,iOS
TXN107230,C1311,M505,1512.96,12,3,UPI,Kolkata,POS Terminal
TXN107231,C1359,M520,6319.71,11,11,Credit Card,Pune,iOS
TXN107232,C1384,M514,2141.3,11,24,Credit Card,Mumbai,iOS
TXN107233,C1055,M566,4605.86,16,8,Net Banking,Ahmedabad,iOS
TXN107234,C1117,M565,1317.4,9,8,UPI,Bengaluru,Android
TXN107235,C1387,M555,1237.12,11,12,Credit Card,Delhi,Web
TXN107236,C1252,M567,4208.49,19,3,Credit Card,Kolkata,iOS
TXN107237,C1285,M531,3268.75,10,20,Net Banking,Mumbai,iOS
TXN107238,C1267,M565,3675.73,17,28,UPI,Chennai,iOS
TXN107239,C1290,M528,1420.85,20,2,UPI,Chennai,Web
TXN107240,C1332,M565,2362.72,17,27,Credit Card,Hyderabad,POS Terminal
TXN107241,C1179,M533,6849.54,14,3,Credit Card,Delhi,Android
TXN107242,C1414,M526,3232.98,14,16,Credit Card,Kolkata,Android
TXN107243,C1357,M559,2495.35,12,21,Net Banking,Pune,iOS
TXN107244,C1234,M538,1452.54,22,19,Net Banking,Bengaluru,POS Terminal
TXN107245,C1342,M543,3629.05,11,20,Net Banking,Delhi,POS Terminal
TXN107246,C1195,M535,4805.02,20,7,Net Banking,Kolkata,POS Terminal
TXN107247,C1307,M518,6557.27,16,19,Net Banking,Bengaluru,POS Terminal
TXN107248,C1079,M544,3874.2,14,1,UPI,Bengaluru,iOS
TXN107249,C1134,M520,3038.94,11,13,Credit Card,Ahmedabad,Android
TXN107250,C1021,M522,4245.24,14,14,UPI,Kolkata,Web
TXN107251,C1476,M526,1942.19,14,1,Net Banking,Chennai,iOS
TXN107252,C1330,M571,1372.46,19,4,Credit Card,Ahmedabad,Web
TXN107253,C1439,M518,2040.37,12,17,Debit Card,Ahmedabad,Android
TXN107254,C1224,M540,1583.48,10,6,Credit Card,Delhi,iOS
TXN107255,C1057,M525,5533.38,8,20,Credit Card,Pune,iOS
TXN107256,C1092,M527,4192.17,15,21,Credit Card,Kolkata,POS Terminal
TXN107257,C1191,M563,2134.69,12,6,Debit Card,Pune,Web
TXN107258,C1102,M567,6907.64,16,2,UPI,Ahmedabad,Web
TXN107259,C1395,M579,3077.15,9,17,Credit Card,Mumbai,Web
TXN107260,C1006,M550,1868.28,20,29,UPI,Chennai,POS Terminal
TXN107261,C1127,M573,4372.2,13,26,UPI,Pune,POS Terminal
TXN107262,C1054,M547,340.27,19,16,Debit Card,Mumbai,POS Terminal
TXN107263,C1230,M509,1057.36,9,12,Debit Card,Pune,POS Terminal
TXN107264,C1361,M572,4125.51,14,12,Credit Card,Ahmedabad,iOS
TXN107265,C1061,M538,4097.7,15,18,Net Banking,Ahmedabad,Android
TXN107266,C1239,M518,3629.61,23,30,Net Banking,Chennai,Android
TXN107267,C1089,M563,4297.87,8,16,Net Banking,Pune,Android
TXN107268,C1231,M518,2595.69,10,6,Credit Card,Pune,Web
TXN107269,C1456,M575,4162.16,18,13,Net Banking,Chennai,Web
TXN107270,C1232,M561,2616.76,12,26,Net Banking,Pune,Android
TXN107271,C1353,M512,2326.77,14,25,Debit Card,Kolkata,iOS
TXN107272,C1492,M524,2273.4,15,16,Debit Card,Chennai,POS Terminal
TXN107273,C1332,M541,1689.51,23,24,Credit Card,Hyderabad,Android
TXN107274,C1438,M538,1819.94,9,10,Net Banking,Mumbai,Web
TXN107275,C1374,M529,2674.12,17,11,Credit Card,Delhi,Web
TXN107276,C1291,M504,3879.82,13,1,Net Banking,Mumbai,POS Terminal
TXN107277,C1344,M517,4311.51,18,21,UPI,Delhi,Web
TXN107278,C1151,M520,4112.84,14,7,Credit Card,Bengaluru,Web
TXN107279,C1427,M549,3605.07,9,24,Debit Card,Pune,POS Terminal
TXN107280,C1144,M505,3599.99,20,23,Net Banking,Pune,POS Terminal
TXN107281,C1129,M549,2010.08,10,17,Net Banking,Ahmedabad,Android
TXN107282,C1140,M579,9484.78,15,12,UPI,Ahmedabad,Android
TXN107283,C1414,M565,2527.57,11,20,UPI,Chennai,POS Terminal
TXN107284,C1092,M500,4666.67,15,20,UPI,Kolkata,iOS
TXN107285,C1113,M556,5979.61,6,15,UPI,Delhi,Web
TXN107286,C1283,M529,7137.49,14,9,UPI,Hyderabad,Android
TXN107287,C1443,M557,5113.31,14,28,UPI,Kolkata,Web
TXN107288,C1410,M551,1913.03,14,22,Net Banking,Chennai,Web
TXN107289,C1142,M536,1097.33,12,6,Debit Card,Chennai,Web
TXN107290,C1222,M547,1708.94,11,5,Debit Card,Pune,iOS
TXN107291,C1231,M500,2453.45,19,5,Credit Card,Pune,Web
TXN107292,C1462,M518,2686.9,10,9,Net Banking,Mumbai,Web
TXN107293,C1032,M545,1031.36,7,2,Net Banking,Ahmedabad,Android
TXN107294,C1275,M566,47185.93,1,10,Debit Card,Bengaluru,Web
TXN107295,C1169,M501,2816.4,6,5,Debit Card,Bengaluru,iOS
TXN107296,C1139,M555,899.56,19,17,Credit Card,Ahmedabad,iOS
TXN107297,C1356,M516,784.29,20,21,UPI,Mumbai,Web
TXN107298,C1200,M578,2827.49,6,4,Net Banking,Kolkata,iOS
TXN107299,C1022,M521,2283.78,7,4,Debit Card,Mumbai,POS Terminal
TXN107300,C1455,M526,1824.23,15,13,Net Banking,Mumbai,iOS
TXN107301,C1223,M554,1343.52,13,20,Debit Card,Ahmedabad,POS Terminal
TXN107302,C1367,M531,2427.16,16,19,UPI,Chennai,iOS
TXN107303,C1269,M559,1479.85,7,6,UPI,Hyderabad,iOS
TXN107304,C1346,M527,2301.34,10,19,Net Banking,Hyderabad,Android
TXN107305,C1152,M527,2393.12,13,22,Debit Card,Mumbai,Web
TXN107306,C1332,M573,2161.08,12,16,Net Banking,Hyderabad,Android
TXN107307,C1084,M524,4879.03,14,6,UPI,Kolkata,POS Terminal
TXN107308,C1108,M577,1828.94,14,11,Net Banking,Delhi,Android
TXN107309,C1030,M525,3448.11,12,10,Debit Card,Delhi,Android
TXN107310,C1228,M574,872.07,21,18,UPI,Delhi,iOS
TXN107311,C1239,M570,2789.33,16,9,Net Banking,Chennai,POS Terminal
TXN107312,C1377,M516,3556.08,16,10,Credit Card,Mumbai,iOS
TXN107313,C1362,M506,5158.69,12,15,Net Banking,Pune,POS Terminal
TXN107314,C1309,M555,7604.92,21,24,Net Banking,Mumbai,POS Terminal
TXN107315,C1388,M563,2537.23,10,14,Debit Card,Ahmedabad,iOS
TXN107316,C1140,M519,7521.75,16,16,UPI,Ahmedabad,Web
TXN107317,C1155,M537,3435.22,15,29,UPI,Mumbai,Web
TXN107318,C1298,M574,1210.83,15,7,Credit Card,Pune,POS Terminal
TXN107319,C1344,M557,4848.51,17,25,Net Banking,Kolkata,Web
TXN107320,C1370,M515,3270.52,20,8,Net Banking,Ahmedabad,iOS
TXN107321,C1098,M550,2719.16,23,25,Net Banking,Bengaluru,iOS
TXN107322,C1046,M526,752.05,17,8,UPI,Delhi,iOS
TXN107323,C1486,M550,3729.1,9,13,UPI,Bengaluru,Android
TXN107324,C1326,M574,3722.55,12,19,Net Banking,Hyderabad,Android
TXN107325,C1421,M515,2200.01,14,10,Net Banking,Pune,iOS
TXN107326,C1479,M559,2045.72,7,1,UPI,Delhi,POS Terminal
TXN107327,C1066,M575,1573.32,18,27,Debit Card,Ahmedabad,Android
TXN107328,C1061,M539,39273.81,3,22,Credit Card,Hyderabad,POS Terminal
TXN107329,C1108,M566,1873.61,16,28,Credit Card,Delhi,iOS
TXN107330,C1166,M501,1433.66,13,30,Credit Card,Hyderabad,POS Terminal
TXN107331,C1036,M547,897.85,15,16,Debit Card,Mumbai,iOS
TXN107332,C1118,M551,1572.99,16,3,Net Banking,Pune,POS Terminal
TXN107333,C1497,M523,3871.7,6,3,UPI,Chennai,Android
TXN107334,C1085,M577,3479.07,19,6,Debit Card,Ahmedabad,POS Terminal
TXN107335,C1381,M501,1541.59,13,26,Credit Card,Pune,iOS
TXN107336,C1391,M564,3106.17,6,12,Net Banking,Bengaluru,Web
TXN107337,C1464,M519,2942.81,18,25,Credit Card,Ahmedabad,Web
TXN107338,C1051,M533,264.71,13,30,Credit Card,Bengaluru,Android
TXN107339,C1090,M540,2931.21,19,5,Debit Card,Pune,iOS
TXN107340,C1288,M540,3696.81,14,16,Net Banking,Chennai,POS Terminal
TXN107341,C1493,M574,3252.73,11,17,Debit Card,Mumbai,iOS
TXN107342,C1336,M522,2580.54,16,10,UPI,Ahmedabad,iOS
TXN107343,C1297,M537,2362.27,17,7,Debit Card,Kolkata,Android
TXN107344,C1203,M543,1623.52,14,30,UPI,Delhi,POS Terminal
TXN107345,C1367,M566,2217.34,6,25,UPI,Chennai,iOS
TXN107346,C1237,M561,767.6,15,10,UPI,Pune,Web
TXN107347,C1381,M511,1501.61,11,2,Net Banking,Pune,POS Terminal
TXN107348,C1154,M529,6528.46,16,15,Net Banking,Mumbai,Web
TXN107349,C1239,M564,2839.9,14,25,Credit Card,Chennai,Web
TXN107350,C1135,M540,339.1,8,21,UPI,Hyderabad,Android
TXN107351,C1406,M519,1400.2,12,29,Net Banking,Mumbai,Web
TXN107352,C1361,M505,3977.2,13,17,Debit Card,Ahmedabad,Web
TXN107353,C1380,M574,1810.5,12,4,Debit Card,Pune,Android
TXN107354,C1368,M503,2068.4,23,8,Net Banking,Delhi,iOS
TXN107355,C1063,M509,2449.63,19,19,Net Banking,Delhi,iOS
TXN107356,C1122,M550,4199.85,20,21,Credit Card,Pune,iOS
TXN107357,C1253,M537,887.36,7,2,Credit Card,Hyderabad,Web
TXN107358,C1476,M500,1683.64,20,21,Credit Card,Chennai,iOS
TXN107359,C1113,M507,4161.65,17,16,Debit Card,Delhi,POS Terminal
TXN107360,C1019,M562,2525.95,19,14,Debit Card,Hyderabad,Web
TXN107361,C1015,M532,2764.49,13,12,UPI,Chennai,iOS
TXN107362,C1144,M514,3901.55,13,9,Debit Card,Pune,Web
TXN107363,C1207,M530,2589.74,15,12,Net Banking,Delhi,POS Terminal
TXN107364,C1018,M520,104363.66,5,3,Credit Card,Ahmedabad,Android
TXN107365,C1375,M502,1045.61,18,23,UPI,Delhi,Web
TXN107366,C1391,M565,3082.5,10,13,UPI,Bengaluru,Android
TXN107367,C1165,M534,955.19,23,6,Net Banking,Hyderabad,POS Terminal
TXN107368,C1037,M540,1755.02,11,2,Credit Card,Chennai,Android
TXN107369,C1180,M558,1958.47,17,30,UPI,Kolkata,POS Terminal
TXN107370,C1348,M515,1746.91,13,7,Credit Card,Mumbai,Android
TXN107371,C1104,M555,3283.08,14,26,Credit Card,Delhi,POS Terminal
TXN107372,C1099,M544,2577.96,8,20,Credit Card,Kolkata,iOS
TXN107373,C1089,M558,5964.35,10,14,Debit Card,Pune,iOS
TXN107374,C1414,M549,3052.29,12,6,Credit Card,Bengaluru,iOS
TXN107375,C1299,M511,1568.28,15,23,Credit Card,Delhi,Android
TXN107376,C1443,M511,4406.57,8,9,Net Banking,Kolkata,Android
TXN107377,C1331,M532,1384.97,8,7,Net Banking,Chennai,POS Terminal
TXN107378,C1400,M548,1099.68,15,19,UPI,Pune,POS Terminal
TXN107379,C1078,M520,1816.74,16,25,UPI,Bengaluru,Web
TXN107380,C1072,M559,1172.43,18,16,Credit Card,Delhi,Web
TXN107381,C1422,M551,20964.37,4,13,Net Banking,Bengaluru,Android
TXN107382,C1425,M553,3058.7,18,6,UPI,Bengaluru,Android
TXN107383,C1175,M538,6723.83,17,4,Debit Card,Kolkata,iOS
TXN107384,C1395,M548,2851.64,12,12,Net Banking,Mumbai,iOS
TXN107385,C1095,M563,3128.75,20,26,Net Banking,Pune,Web
TXN107386,C1344,M525,4506.78,14,21,Net Banking,Delhi,POS Terminal
TXN107387,C1102,M570,4182.54,22,10,Debit Card,Delhi,POS Terminal
TXN107388,C1401,M506,713.64,20,16,UPI,Mumbai,POS Terminal
TXN107389,C1462,M571,3889.45,20,1,UPI,Mumbai,Android
TXN107390,C1223,M561,2065.36,16,12,UPI,Ahmedabad,iOS
TXN107391,C1005,M523,910.71,16,20,UPI,Pune,POS Terminal
TXN107392,C1121,M539,4441.31,14,30,UPI,Mumbai,iOS
TXN107393,C1235,M575,2848.53,16,19,Net Banking,Ahmedabad,POS Terminal
TXN107394,C1426,M546,1906.14,13,22,Debit Card,Mumbai,Web
TXN107395,C1115,M507,2185.29,15,25,Credit Card,Delhi,iOS
TXN107396,C1162,M553,1364.85,12,29,UPI,Bengaluru,Web
TXN107397,C1225,M508,1696.6,12,19,Credit Card,Mumbai,iOS
TXN107398,C1229,M502,3266.92,14,30,UPI,Delhi,POS Terminal
TXN107399,C1181,M553,2785.96,17,28,Net Banking,Ahmedabad,POS Terminal
TXN107400,C1248,M520,4870.03,7,21,Net Banking,Chennai,POS Terminal
TXN107401,C1317,M547,1520.87,13,18,Credit Card,Mumbai,POS Terminal
TXN107402,C1452,M546,3042.76,14,9,UPI,Bengaluru,POS Terminal
TXN107403,C1209,M567,4976.78,20,24,UPI,Bengaluru,POS Terminal
TXN107404,C1143,M562,1707.22,9,26,Debit Card,Ahmedabad,POS Terminal
TXN107405,C1391,M515,1799.65,16,4,Debit Card,Bengaluru,Android
TXN107406,C1344,M573,3528.08,20,11,Net Banking,Delhi,iOS
TXN107407,C1095,M504,2867.98,13,24,Debit Card,Pune,Web
TXN107408,C1381,M510,1450.12,13,16,Debit Card,Pune,Android
TXN107409,C1345,M528,851.33,12,26,Net Banking,Hyderabad,iOS
TXN107410,C1243,M578,2903.83,14,20,UPI,Kolkata,Web
TXN107411,C1085,M569,3388.38,7,2,Debit Card,Ahmedabad,iOS
TXN107412,C1414,M547,2454.45,15,9,Credit Card,Kolkata,Web
TXN107413,C1490,M514,73208.55,3,18,Debit Card,Ahmedabad,Web
TXN107414,C1393,M533,2398.56,20,17,Net Banking,Delhi,Web
TXN107415,C1183,M559,1182.98,13,17,Credit Card,Pune,iOS
TXN107416,C1120,M561,1369.14,16,14,Net Banking,Hyderabad,iOS
TXN107417,C1331,M501,1190.89,23,13,Credit Card,Chennai,Web
TXN107418,C1091,M579,2844.15,14,19,UPI,Hyderabad,Web
TXN107419,C1069,M518,773.63,21,26,Debit Card,Hyderabad,POS Terminal
TXN107420,C1403,M548,1666.01,14,23,Debit Card,Mumbai,Web
TXN107421,C1132,M577,4566.32,17,6,Credit Card,Mumbai,POS Terminal
TXN107422,C1278,M527,1949.65,11,12,Net Banking,Pune,POS Terminal
TXN107423,C1136,M547,998.43,9,13,Net Banking,Delhi,POS Terminal
TXN107424,C1313,M536,3013.47,16,3,Credit Card,Mumbai,Web
TXN107425,C1186,M573,1992.72,11,16,Debit Card,Mumbai,Web
TXN107426,C1220,M548,5104.16,13,21,Credit Card,Kolkata,Web
TXN107427,C1463,M547,1855.34,9,10,UPI,Mumbai,Web
TXN107428,C1437,M572,2099.26,14,22,Debit Card,Mumbai,POS Terminal
TXN107429,C1045,M528,1747.22,14,10,Net Banking,Hyderabad,Web
TXN107430,C1277,M559,1172.56,8,18,UPI,Bengaluru,POS Terminal
TXN107431,C1191,M528,2326.45,21,3,UPI,Pune,POS Terminal
TXN107432,C1007,M557,6151.79,7,13,Debit Card,Pune,POS Terminal
TXN107433,C1378,M547,1043.35,19,16,Net Banking,Delhi,iOS
TXN107434,C1275,M522,2760.74,9,4,Debit Card,Kolkata,Android
TXN107435,C1178,M526,1297.68,18,24,Credit Card,Bengaluru,POS Terminal
TXN107436,C1333,M506,914.41,16,29,UPI,Ahmedabad,POS Terminal
TXN107437,C1038,M548,4429.59,12,11,Debit Card,Chennai,Android
TXN107438,C1292,M553,70784.93,3,17,Debit Card,Delhi,iOS
TXN107439,C1177,M567,5859.28,14,25,UPI,Hyderabad,Web
TXN107440,C1161,M577,4323.28,15,1,Credit Card,Pune,iOS
TXN107441,C1330,M541,1925.78,14,12,Net Banking,Pune,Web
TXN107442,C1373,M573,2102.03,13,3,Debit Card,Mumbai,Android
TXN107443,C1103,M558,5451.16,17,19,UPI,Pune,iOS
TXN107444,C1160,M543,1967.66,17,9,UPI,Chennai,Android
TXN107445,C1286,M525,2982.22,15,19,Credit Card,Ahmedabad,iOS
TXN107446,C1122,M522,3850.61,18,19,Debit Card,Pune,iOS
TXN107447,C1053,M572,577.53,18,18,UPI,Ahmedabad,Android
TXN107448,C1427,M507,3310.66,19,20,Credit Card,Pune,Android
TXN107449,C1033,M552,674.3,22,11,Debit Card,Pune,Android
TXN107450,C1241,M513,2532.29,10,24,Net Banking,Mumbai,Web
TXN107451,C1454,M570,1971.97,14,22,Net Banking,Hyderabad,Android
TXN107452,C1377,M506,2281.01,22,1,Debit Card,Chennai,POS Terminal
TXN107453,C1112,M508,3210.44,9,21,Debit Card,Hyderabad,POS Terminal
TXN107454,C1317,M502,1580.46,12,29,Debit Card,Mumbai,Android
TXN107455,C1022,M577,1884.44,16,12,Debit Card,Mumbai,Android
TXN107456,C1045,M516,1460.78,18,11,Credit Card,Hyderabad,iOS
TXN107457,C1311,M543,1439.71,11,10,UPI,Kolkata,POS Terminal
TXN107458,C1134,M545,46240.3,2,11,Credit Card,Delhi,Web
TXN107459,C1117,M557,2469.02,11,8,UPI,Bengaluru,iOS
TXN107460,C1472,M527,1968.1,12,17,Credit Card,Kolkata,Web
TXN107461,C1188,M513,1799.03,6,6,Debit Card,Bengaluru,Android
TXN107462,C1130,M508,25150.79,2,27,Credit Card,Hyderabad,iOS
TXN107463,C1421,M525,1916.72,16,7,UPI,Pune,POS Terminal
TXN107464,C1211,M501,2791.56,23,29,Net Banking,Kolkata,iOS
TXN107465,C1417,M574,4598.37,13,5,Debit Card,Bengaluru,Web
TXN107466,C1112,M533,2764.82,13,4,Net Banking,Hyderabad,POS Terminal
TXN107467,C1043,M518,5336.85,21,30,UPI,Chennai,Web
TXN107468,C1127,M538,4058.6,21,7,Debit Card,Pune,POS Terminal
TXN107469,C1363,M512,3933.2,16,16,Debit Card,Pune,Android
TXN107470,C1157,M504,3248.65,16,25,Debit Card,Hyderabad,Android
TXN107471,C1272,M549,1565.0,16,4,Net Banking,Pune,Android
TXN107472,C1314,M522,2773.98,13,3,Net Banking,Chennai,POS Terminal
TXN107473,C1393,M528,2211.26,18,14,UPI,Delhi,iOS
TXN107474,C1354,M571,2031.67,15,26,UPI,Mumbai,Android
TXN107475,C1339,M525,4086.2,22,4,Credit Card,Hyderabad,POS Terminal
TXN107476,C1401,M578,786.63,6,21,UPI,Mumbai,POS Terminal
TXN107477,C1044,M556,2506.37,15,9,Credit Card,Pune,Android
TXN107478,C1107,M500,3261.72,16,11,Net Banking,Chennai,POS Terminal
TXN107479,C1218,M527,937.32,10,1,UPI,Pune,POS Terminal
TXN107480,C1442,M561,903.7,11,9,Debit Card,Hyderabad,Android
TXN107481,C1317,M546,1959.85,21,25,Credit Card,Mumbai,iOS
TXN107482,C1314,M577,1752.45,11,8,Credit Card,Chennai,Web
TXN107483,C1176,M558,5967.66,13,15,Credit Card,Bengaluru,iOS
TXN107484,C1227,M530,3895.65,12,29,Net Banking,Bengaluru,POS Terminal
TXN107485,C1190,M569,56440.4,5,26,Credit Card,Ahmedabad,POS Terminal
TXN107486,C1470,M548,2349.87,15,24,UPI,Pune,POS Terminal
TXN107487,C1159,M504,1638.5,16,8,Credit Card,Mumbai,Android
TXN107488,C1393,M530,1443.54,11,20,Debit Card,Delhi,Web
TXN107489,C1266,M536,2424.06,6,29,Net Banking,Hyderabad,POS Terminal
TXN107490,C1357,M578,2539.46,17,7,Net Banking,Pune,POS Terminal
TXN107491,C1325,M514,3916.44,21,14,UPI,Bengaluru,iOS
TXN107492,C1378,M551,748.2,19,18,Debit Card,Delhi,POS Terminal
TXN107493,C1488,M568,5269.11,17,3,Net Banking,Kolkata,POS Terminal
TXN107494,C1189,M510,3627.1,8,15,Net Banking,Delhi,Android
TXN107495,C1174,M542,67369.37,1,24,Net Banking,Bengaluru,iOS
TXN107496,C1289,M569,3350.22,16,20,UPI,Pune,iOS
TXN107497,C1483,M522,2626.03,10,26,UPI,Delhi,POS Terminal
TXN107498,C1356,M539,974.98,6,27,Net Banking,Mumbai,Android
TXN107499,C1144,M562,4418.7,14,6,Credit Card,Pune,Android
TXN107500,C1231,M501,2261.3,17,28,Net Banking,Pune,Web
TXN107501,C1359,M578,5542.39,16,15,Debit Card,Pune,Web
TXN107502,C1437,M572,3072.87,15,14,Debit Card,Mumbai,POS Terminal
TXN107503,C1203,M546,1916.38,6,11,Net Banking,Delhi,Web
TXN107504,C1212,M529,1638.61,15,8,Net Banking,Hyderabad,Android
TXN107505,C1039,M515,4533.94,19,8,Net Banking,Pune,iOS
TXN107506,C1274,M558,1016.6,19,5,Debit Card,Mumbai,Web
TXN107507,C1322,M546,567.42,14,16,UPI,Ahmedabad,POS Terminal
TXN107508,C1081,M529,2262.42,9,27,Credit Card,Hyderabad,Android
TXN107509,C1180,M508,1835.16,21,30,UPI,Kolkata,Web
TXN107510,C1498,M564,1971.4,16,7,Credit Card,Kolkata,Android
TXN107511,C1319,M558,3624.97,15,1,Debit Card,Chennai,iOS
TXN107512,C1082,M563,2200.23,16,5,Debit Card,Bengaluru,Android
TXN107513,C1302,M507,4400.53,9,3,Debit Card,Bengaluru,POS Terminal
TXN107514,C1261,M551,2671.09,6,13,Debit Card,Chennai,Web
TXN107515,C1271,M517,2390.02,15,20,UPI,Ahmedabad,Android
TXN107516,C1199,M557,1665.77,13,17,Credit Card,Delhi,iOS
TXN107517,C1239,M548,2393.35,14,1,Debit Card,Chennai,Web
TXN107518,C1401,M531,804.78,17,19,Credit Card,Mumbai,Web
TXN107519,C1179,M547,6860.45,14,4,Credit Card,Delhi,POS Terminal
TXN107520,C1431,M544,2673.33,13,13,Net Banking,Mumbai,iOS
TXN107521,C1170,M553,4274.37,13,19,UPI,Hyderabad,Android
TXN107522,C1294,M545,1342.7,11,18,UPI,Ahmedabad,iOS
TXN107523,C1176,M530,4286.0,23,11,UPI,Ahmedabad,iOS
TXN107524,C1368,M536,2223.58,18,23,UPI,Delhi,iOS
TXN107525,C1395,M515,2739.71,19,26,Credit Card,Mumbai,Android
TXN107526,C1236,M545,3463.67,8,9,Debit Card,Ahmedabad,Web
TXN107527,C1137,M545,1329.39,6,27,Debit Card,Mumbai,iOS
TXN107528,C1326,M577,3281.99,19,3,Credit Card,Hyderabad,Android
TXN107529,C1365,M560,1311.67,17,16,Debit Card,Bengaluru,Web
TXN107530,C1310,M545,2501.97,17,25,Net Banking,Delhi,POS Terminal
TXN107531,C1128,M550,2078.36,9,24,Credit Card,Mumbai,Android
TXN107532,C1048,M561,1913.8,10,21,Credit Card,Kolkata,iOS
TXN107533,C1163,M534,2701.35,16,30,Net Banking,Bengaluru,iOS
TXN107534,C1276,M541,1849.57,14,27,Net Banking,Mumbai,Android
TXN107535,C1292,M544,3360.48,13,28,Debit Card,Hyderabad,Android
TXN107536,C1115,M567,1870.85,14,22,UPI,Delhi,iOS
TXN107537,C1023,M574,5344.88,20,17,UPI,Chennai,Android
TXN107538,C1310,M546,2597.77,13,13,Net Banking,Delhi,iOS
TXN107539,C1024,M578,3639.64,18,6,Debit Card,Chennai,Android
TXN107540,C1390,M529,3303.87,22,25,UPI,Mumbai,POS Terminal
TXN107541,C1126,M523,1414.7,13,7,Net Banking,Delhi,Web
TXN107542,C1233,M565,2433.02,20,9,Debit Card,Chennai,POS Terminal
TXN107543,C1208,M542,1453.48,14,21,Debit Card,Bengaluru,Android
TXN107544,C1092,M533,2058.45,11,30,Debit Card,Kolkata,POS Terminal
TXN107545,C1093,M522,1246.0,13,5,UPI,Chennai,POS Terminal
TXN107546,C1326,M560,3635.08,13,5,Credit Card,Hyderabad,Web
TXN107547,C1224,M536,1876.29,20,22,Net Banking,Delhi,Android
TXN107548,C1454,M512,1802.98,10,15,Net Banking,Hyderabad,POS Terminal
TXN107549,C1377,M570,3325.49,11,30,Credit Card,Pune,POS Terminal
TXN107550,C1279,M506,3046.76,22,4,UPI,Delhi,Android
TXN107551,C1010,M541,3126.8,14,10,UPI,Hyderabad,Web
TXN107552,C1328,M537,1300.36,21,30,Net Banking,Ahmedabad,POS Terminal
TXN107553,C1011,M551,4172.47,6,30,Credit Card,Delhi,iOS
TXN107554,C1034,M543,964.5,10,9,Credit Card,Kolkata,Web
TXN107555,C1446,M563,2175.56,18,7,Credit Card,Delhi,Android
TXN107556,C1451,M512,514.01,20,15,Credit Card,Mumbai,iOS
TXN107557,C1227,M527,2746.13,14,19,Debit Card,Bengaluru,iOS
TXN107558,C1219,M500,4296.89,6,10,Debit Card,Chennai,POS Terminal
TXN107559,C1440,M542,3078.67,17,7,Net Banking,Ahmedabad,POS Terminal
TXN107560,C1140,M541,5534.67,14,27,Credit Card,Ahmedabad,Android
TXN107561,C1022,M549,1712.36,15,3,Debit Card,Mumbai,POS Terminal
TXN107562,C1082,M559,3061.43,12,3,Credit Card,Bengaluru,Web
TXN107563,C1489,M500,1731.21,19,20,UPI,Delhi,iOS
TXN107564,C1228,M550,668.24,9,28,Net Banking,Delhi,Web
TXN107565,C1422,M515,872.71,16,18,Debit Card,Pune,iOS
TXN107566,C1343,M538,2090.1,16,24,Debit Card,Hyderabad,Android
TXN107567,C1079,M514,3696.6,13,13,UPI,Bengaluru,iOS
TXN107568,C1352,M532,3083.97,14,12,Net Banking,Chennai,POS Terminal
TXN107569,C1395,M552,3778.38,12,17,Credit Card,Mumbai,Android
TXN107570,C1289,M516,68350.56,1,26,Debit Card,Hyderabad,Android
TXN107571,C1454,M505,2484.9,12,17,Debit Card,Hyderabad,Android
TXN107572,C1330,M530,1232.1,18,11,Debit Card,Ahmedabad,iOS
TXN107573,C1158,M568,3598.35,21,17,Credit Card,Ahmedabad,Web
TXN107574,C1476,M539,1161.11,10,20,Debit Card,Chennai,POS Terminal
TXN107575,C1127,M529,4221.82,15,17,UPI,Pune,Web
TXN107576,C1189,M568,3572.34,15,19,Net Banking,Pune,iOS
TXN107577,C1396,M575,4275.66,15,7,Debit Card,Chennai,Web
TXN107578,C1030,M506,3445.53,13,19,Net Banking,Delhi,Web
TXN107579,C1385,M512,4888.98,16,28,UPI,Chennai,Web
TXN107580,C1358,M503,2705.71,16,2,Net Banking,Hyderabad,Android
TXN107581,C1014,M549,1691.39,15,29,UPI,Pune,iOS
TXN107582,C1312,M502,1183.05,12,30,Net Banking,Mumbai,iOS
TXN107583,C1074,M511,4974.41,16,10,Credit Card,Hyderabad,POS Terminal
TXN107584,C1033,M564,707.55,10,29,Credit Card,Pune,POS Terminal
TXN107585,C1358,M526,3700.63,7,6,Net Banking,Hyderabad,Android
TXN107586,C1195,M549,5207.83,10,16,Debit Card,Pune,iOS
TXN107587,C1330,M576,1674.11,11,8,Net Banking,Ahmedabad,POS Terminal
TXN107588,C1028,M516,2001.86,17,4,UPI,Hyderabad,POS Terminal
TXN107589,C1193,M571,1922.79,12,28,Net Banking,Ahmedabad,Android
TXN107590,C1015,M531,2061.12,16,20,UPI,Chennai,POS Terminal
TXN107591,C1422,M550,853.5,17,11,Credit Card,Pune,POS Terminal
TXN107592,C1076,M516,5894.9,10,18,Debit Card,Mumbai,POS Terminal
TXN107593,C1292,M533,3321.79,21,21,Debit Card,Hyderabad,POS Terminal
TXN107594,C1080,M534,2269.6,6,15,UPI,Pune,Web
TXN107595,C1404,M523,2249.22,15,26,Debit Card,Bengaluru,Android
TXN107596,C1427,M553,3248.01,16,16,Net Banking,Pune,Android
TXN107597,C1123,M517,3456.49,17,29,Debit Card,Pune,Web
TXN107598,C1018,M549,8028.1,17,8,Net Banking,Chennai,POS Terminal
TXN107599,C1454,M545,2089.41,13,17,UPI,Hyderabad,iOS
TXN107600,C1101,M547,2703.42,13,2,Net Banking,Delhi,POS Terminal
TXN107601,C1391,M532,3007.47,17,17,Credit Card,Bengaluru,Web
TXN107602,C1076,M526,3525.93,8,15,Net Banking,Mumbai,POS Terminal
TXN107603,C1228,M500,970.74,13,20,Debit Card,Delhi,Android
TXN107604,C1449,M558,5212.9,14,7,Credit Card,Chennai,POS Terminal
TXN107605,C1296,M509,1026.93,15,11,Debit Card,Pune,iOS
TXN107606,C1202,M524,5910.84,13,19,Credit Card,Hyderabad,Android
TXN107607,C1471,M556,6517.28,19,24,Debit Card,Chennai,POS Terminal
TXN107608,C1453,M565,1438.69,13,6,Debit Card,Delhi,POS Terminal
TXN107609,C1060,M514,1979.71,14,18,Debit Card,Ahmedabad,iOS
TXN107610,C1025,M527,2991.72,13,9,Debit Card,Chennai,POS Terminal
TXN107611,C1070,M512,3702.63,13,25,Net Banking,Ahmedabad,Web
TXN107612,C1102,M513,6316.82,19,16,Net Banking,Ahmedabad,iOS
TXN107613,C1466,M565,2391.83,16,13,Debit Card,Kolkata,Web
TXN107614,C1325,M533,3953.02,8,23,UPI,Bengaluru,iOS
TXN107615,C1362,M524,3729.65,6,26,Debit Card,Pune,Android
TXN107616,C1156,M553,3146.64,18,8,UPI,Bengaluru,iOS
TXN107617,C1362,M578,5965.1,10,26,Debit Card,Pune,iOS
TXN107618,C1358,M511,3550.53,15,17,Credit Card,Hyderabad,Web
TXN107619,C1193,M508,1691.95,13,14,Net Banking,Ahmedabad,Web
TXN107620,C1274,M530,1370.4,12,22,Credit Card,Mumbai,iOS
TXN107621,C1323,M577,1765.88,15,9,Credit Card,Kolkata,Android
TXN107622,C1185,M552,2286.58,16,6,Net Banking,Hyderabad,iOS
TXN107623,C1325,M542,3684.89,23,16,Net Banking,Bengaluru,POS Terminal
TXN107624,C1112,M537,2475.64,15,3,UPI,Hyderabad,iOS
TXN107625,C1312,M541,1169.63,14,2,UPI,Mumbai,Android
TXN107626,C1164,M571,2065.2,19,8,Credit Card,Mumbai,Web
TXN107627,C1060,M547,2665.8,12,27,UPI,Ahmedabad,POS Terminal
TXN107628,C1091,M566,2026.5,11,4,Credit Card,Hyderabad,iOS
TXN107629,C1285,M565,2889.38,16,12,Debit Card,Mumbai,iOS
TXN107630,C1454,M515,1418.29,14,1,Debit Card,Hyderabad,iOS
TXN107631,C1456,M515,7792.93,8,24,Debit Card,Chennai,Web
TXN107632,C1152,M530,2084.22,16,29,Net Banking,Mumbai,Android
TXN107633,C1224,M557,762.93,14,17,Debit Card,Delhi,POS Terminal
TXN107634,C1126,M527,1143.93,16,18,UPI,Delhi,Android
TXN107635,C1192,M503,5093.11,12,17,Credit Card,Delhi,Android
TXN107636,C1114,M509,3432.89,8,24,UPI,Pune,iOS
TXN107637,C1261,M550,2531.52,11,16,Credit Card,Chennai,POS Terminal
TXN107638,C1017,M517,1614.56,9,3,Debit Card,Pune,POS Terminal
TXN107639,C1009,M546,1395.54,8,9,Net Banking,Bengaluru,Web
TXN107640,C1091,M531,41215.65,1,27,Credit Card,Kolkata,POS Terminal
TXN107641,C1138,M529,1877.93,13,12,UPI,Kolkata,Android
TXN107642,C1480,M535,2876.5,11,7,Credit Card,Chennai,iOS
TXN107643,C1448,M508,55715.72,5,6,Debit Card,Kolkata,iOS
TXN107644,C1332,M535,1966.58,19,11,Net Banking,Hyderabad,iOS
TXN107645,C1356,M528,914.77,18,6,UPI,Mumbai,Android
TXN107646,C1339,M515,4635.64,13,26,UPI,Hyderabad,Web
TXN107647,C1448,M520,2589.15,17,17,Credit Card,Delhi,Web
TXN107648,C1051,M563,265.18,16,24,Debit Card,Bengaluru,POS Terminal
TXN107649,C1194,M565,2421.47,14,10,Credit Card,Mumbai,iOS
TXN107650,C1465,M558,1351.24,13,27,UPI,Mumbai,iOS
TXN107651,C1488,M527,3046.44,7,3,Credit Card,Kolkata,iOS
TXN107652,C1205,M554,5219.35,7,19,Credit Card,Bengaluru,iOS
TXN107653,C1286,M530,2993.38,16,3,Debit Card,Hyderabad,iOS
TXN107654,C1474,M532,84332.66,2,27,Credit Card,Mumbai,POS Terminal
TXN107655,C1400,M559,1152.3,14,25,Net Banking,Pune,Web
TXN107656,C1438,M540,1418.81,15,21,Debit Card,Mumbai,Web
TXN107657,C1365,M545,1368.64,16,2,Credit Card,Bengaluru,Android
TXN107658,C1092,M548,3611.38,15,20,Debit Card,Kolkata,iOS
TXN107659,C1419,M564,2239.6,19,23,UPI,Kolkata,Web
TXN107660,C1484,M541,2000.52,14,28,Debit Card,Chennai,Web
TXN107661,C1409,M522,2798.88,17,26,Debit Card,Kolkata,POS Terminal
TXN107662,C1308,M526,36054.54,3,1,Net Banking,Bengaluru,POS Terminal
TXN107663,C1144,M531,3911.68,14,18,Net Banking,Pune,Android
TXN107664,C1085,M502,3467.05,23,8,Credit Card,Ahmedabad,Android
TXN107665,C1152,M559,1620.1,23,24,Net Banking,Mumbai,Web
TXN107666,C1001,M575,5389.74,14,19,Credit Card,Pune,Android
TXN107667,C1341,M578,1690.9,16,5,UPI,Ahmedabad,Web
TXN107668,C1388,M516,2350.04,20,24,Net Banking,Ahmedabad,POS Terminal
TXN107669,C1259,M531,3436.56,15,10,Debit Card,Bengaluru,Android
TXN107670,C1163,M506,2433.73,13,30,UPI,Bengaluru,Web
TXN107671,C1005,M570,1335.38,17,9,Credit Card,Pune,Web
TXN107672,C1499,M568,3680.44,13,27,Debit Card,Delhi,POS Terminal
TXN107673,C1148,M557,2985.15,17,18,Net Banking,Pune,Web
TXN107674,C1204,M539,2360.38,17,26,UPI,Pune,iOS
TXN107675,C1117,M547,2172.53,16,24,Credit Card,Bengaluru,iOS
TXN107676,C1484,M550,1519.64,22,19,Credit Card,Chennai,Web
TXN107677,C1088,M556,2232.97,15,25,Net Banking,Hyderabad,Android
TXN107678,C1153,M570,823.11,13,5,Net Banking,Chennai,iOS
TXN107679,C1438,M536,1450.8,17,21,UPI,Mumbai,iOS
TXN107680,C1166,M574,783.76,15,11,Debit Card,Hyderabad,iOS
TXN107681,C1467,M573,2106.05,16,20,UPI,Kolkata,iOS
TXN107682,C1160,M554,3104.91,17,24,Credit Card,Chennai,Android
TXN107683,C1269,M540,2087.05,14,1,Debit Card,Hyderabad,POS Terminal
TXN107684,C1055,M519,4800.0,17,12,Debit Card,Ahmedabad,Android
TXN107685,C1227,M532,56359.57,2,6,UPI,Kolkata,POS Terminal
TXN107686,C1336,M539,1948.66,14,23,Credit Card,Ahmedabad,iOS
TXN107687,C1148,M533,3560.98,11,24,UPI,Pune,iOS
TXN107688,C1045,M561,1720.22,9,20,UPI,Hyderabad,Android
TXN107689,C1143,M518,2228.25,16,12,Credit Card,Ahmedabad,Android
TXN107690,C1237,M542,833.37,17,25,Debit Card,Pune,POS Terminal
TXN107691,C1271,M568,3709.83,18,12,Net Banking,Ahmedabad,Android
TXN107692,C1119,M562,4003.34,14,3,Debit Card,Ahmedabad,Web
TXN107693,C1339,M509,4163.89,19,24,UPI,Hyderabad,Android
TXN107694,C1412,M512,8868.7,16,26,Debit Card,Mumbai,iOS
TXN107695,C1219,M504,3478.42,13,15,Net Banking,Chennai,Android
TXN107696,C1007,M557,7240.89,17,11,Credit Card,Pune,iOS
TXN107697,C1343,M558,2176.89,12,10,Debit Card,Hyderabad,Web
TXN107698,C1386,M575,3292.97,13,21,Net Banking,Mumbai,iOS
TXN107699,C1472,M558,2395.03,19,28,Credit Card,Mumbai,Android
TXN107700,C1274,M576,1374.34,12,21,Net Banking,Mumbai,POS Terminal
TXN107701,C1352,M514,3110.46,8,23,Net Banking,Chennai,Web
TXN107702,C1065,M576,1698.69,8,21,Net Banking,Hyderabad,Web
TXN107703,C1078,M500,3169.23,13,23,Debit Card,Bengaluru,Android
TXN107704,C1085,M537,3280.23,13,16,UPI,Ahmedabad,Web
TXN107705,C1123,M552,4098.9,14,25,Net Banking,Pune,iOS
TXN107706,C1201,M551,6734.46,9,12,Credit Card,Chennai,POS Terminal
TXN107707,C1465,M500,1394.24,19,16,Credit Card,Kolkata,Android
TXN107708,C1149,M510,2748.64,13,5,Credit Card,Kolkata,Web
TXN107709,C1045,M557,1858.98,14,18,Debit Card,Hyderabad,iOS
TXN107710,C1112,M539,4739.12,10,10,UPI,Hyderabad,iOS
TXN107711,C1090,M559,4070.62,18,6,Debit Card,Pune,Web
TXN107712,C1140,M543,6589.82,10,25,Net Banking,Ahmedabad,Android
TXN107713,C1288,M505,3555.07,13,29,UPI,Chennai,iOS
TXN107714,C1388,M527,42232.08,2,29,Credit Card,Mumbai,Web
TXN107715,C1217,M530,6061.92,16,29,Debit Card,Mumbai,Android
TXN107716,C1076,M507,4232.19,8,14,Credit Card,Mumbai,Android
TXN107717,C1410,M504,1684.33,14,14,Debit Card,Chennai,iOS
TXN107718,C1376,M553,1416.91,14,9,Net Banking,Ahmedabad,Android
TXN107719,C1383,M516,1105.98,16,28,UPI,Ahmedabad,POS Terminal
TXN107720,C1333,M537,888.63,15,16,UPI,Ahmedabad,iOS
TXN107721,C1151,M508,3410.86,17,13,Credit Card,Bengaluru,Android
TXN107722,C1322,M573,418.62,10,14,UPI,Ahmedabad,POS Terminal
TXN107723,C1238,M577,2472.55,17,21,Net Banking,Mumbai,POS Terminal
TXN107724,C1114,M513,3542.48,13,11,Debit Card,Pune,iOS
TXN107725,C1318,M525,2897.02,15,2,Debit Card,Pune,Web
TXN107726,C1368,M561,2485.83,18,22,Credit Card,Delhi,Android
TXN107727,C1093,M524,1737.76,8,28,Net Banking,Chennai,POS Terminal
TXN107728,C1482,M579,1519.54,11,20,Credit Card,Delhi,iOS
TXN107729,C1047,M535,2455.69,13,20,Credit Card,Hyderabad,Android
TXN107730,C1190,M579,1873.38,11,29,Net Banking,Hyderabad,Web
TXN107731,C1461,M532,36264.16,5,19,Credit Card,Ahmedabad,Android
TXN107732,C1011,M502,2454.16,15,12,Debit Card,Delhi,Web
TXN107733,C1155,M510,4533.29,21,17,Credit Card,Mumbai,Android
TXN107734,C1171,M557,3514.33,13,9,UPI,Mumbai,Android
TXN107735,C1476,M563,1749.24,8,22,UPI,Bengaluru,Web
TXN107736,C1426,M517,1042.54,6,26,UPI,Mumbai,Web
TXN107737,C1400,M546,1042.52,19,11,Net Banking,Pune,iOS
TXN107738,C1295,M543,1815.18,23,12,UPI,Pune,iOS
TXN107739,C1176,M558,3922.65,14,3,Net Banking,Ahmedabad,Web
TXN107740,C1340,M549,39278.9,3,17,Credit Card,Kolkata,POS Terminal
TXN107741,C1056,M568,1906.87,20,6,Debit Card,Pune,Android
TXN107742,C1342,M528,2579.42,20,4,UPI,Pune,Web
TXN107743,C1339,M566,5617.88,12,13,Net Banking,Hyderabad,POS Terminal
TXN107744,C1447,M501,3118.98,23,17,UPI,Delhi,POS Terminal
TXN107745,C1202,M524,3893.52,17,10,Net Banking,Kolkata,iOS
TXN107746,C1184,M518,5163.59,21,20,UPI,Hyderabad,iOS
TXN107747,C1120,M539,1690.05,12,18,UPI,Hyderabad,Android
TXN107748,C1225,M501,1590.54,16,14,Credit Card,Mumbai,iOS
TXN107749,C1201,M564,4504.64,16,16,UPI,Pune,Android
TXN107750,C1329,M561,2812.03,15,19,Net Banking,Ahmedabad,Web
TXN107751,C1362,M553,6488.51,19,26,UPI,Pune,Android
TXN107752,C1379,M544,1795.72,10,15,UPI,Bengaluru,iOS
TXN107753,C1453,M548,1653.36,12,26,Debit Card,Delhi,iOS
TXN107754,C1355,M568,2314.25,15,23,Net Banking,Mumbai,POS Terminal
TXN107755,C1215,M537,2575.9,11,23,Debit Card,Delhi,iOS
TXN107756,C1459,M503,2598.0,13,21,UPI,Chennai,POS Terminal
TXN107757,C1042,M516,3790.93,19,26,Debit Card,Delhi,iOS
TXN107758,C1374,M552,2320.96,7,13,UPI,Delhi,POS Terminal
TXN107759,C1022,M552,2460.12,9,2,UPI,Mumbai,Android
TXN107760,C1154,M530,4394.45,9,29,UPI,Mumbai,Android
TXN107761,C1185,M521,2341.94,14,9,Net Banking,Hyderabad,Android
TXN107762,C1248,M510,4469.69,21,13,Net Banking,Chennai,POS Terminal
TXN107763,C1236,M533,2136.57,13,25,UPI,Ahmedabad,Android
TXN107764,C1292,M514,2149.57,17,25,Credit Card,Hyderabad,Web
TXN107765,C1133,M509,2611.92,9,22,UPI,Bengaluru,Android
TXN107766,C1320,M552,762.19,19,12,Debit Card,Chennai,Android
TXN107767,C1389,M547,1499.56,13,1,Credit Card,Kolkata,POS Terminal
TXN107768,C1433,M530,2768.8,19,28,Debit Card,Pune,Android
TXN107769,C1021,M536,3536.83,20,13,Credit Card,Kolkata,iOS
TXN107770,C1360,M527,1664.9,22,22,UPI,Hyderabad,POS Terminal
TXN107771,C1087,M530,1857.79,16,27,Net Banking,Bengaluru,Android
TXN107772,C1152,M569,1306.64,6,8,Net Banking,Mumbai,Web
TXN107773,C1124,M513,4307.33,9,4,UPI,Kolkata,POS Terminal
TXN107774,C1078,M515,3128.26,13,22,Net Banking,Bengaluru,Android
TXN107775,C1345,M524,578.86,15,11,UPI,Hyderabad,Web
TXN107776,C1455,M538,1167.22,14,24,UPI,Mumbai,POS Terminal
TXN107777,C1050,M565,5915.49,22,6,Credit Card,Delhi,iOS
TXN107778,C1215,M537,2943.12,18,13,Debit Card,Delhi,iOS
TXN107779,C1175,M540,6117.18,20,20,UPI,Kolkata,Android
TXN107780,C1357,M539,2061.52,15,23,UPI,Pune,Web
TXN107781,C1252,M563,4707.85,17,5,UPI,Pune,iOS
TXN107782,C1453,M515,1276.26,14,27,Net Banking,Delhi,Web
TXN107783,C1245,M576,2085.77,15,13,UPI,Pune,iOS
TXN107784,C1226,M558,5598.89,13,27,Debit Card,Delhi,POS Terminal
TXN107785,C1105,M510,1478.28,19,17,Credit Card,Delhi,iOS
TXN107786,C1192,M500,4149.14,20,19,Net Banking,Kolkata,Web
TXN107787,C1315,M512,2273.64,18,19,Net Banking,Kolkata,Web
TXN107788,C1301,M529,550.68,8,1,Net Banking,Pune,Android
TXN107789,C1035,M568,2565.4,10,4,UPI,Hyderabad,POS Terminal
TXN107790,C1441,M517,31313.94,2,2,UPI,Mumbai,iOS
TXN107791,C1203,M577,628.8,13,12,Debit Card,Delhi,POS Terminal
TXN107792,C1421,M512,1936.15,13,26,Debit Card,Pune,POS Terminal
TXN107793,C1266,M531,3001.43,13,1,Debit Card,Hyderabad,Web
TXN107794,C1267,M570,2079.38,6,12,Credit Card,Chennai,Android
TXN107795,C1169,M571,3828.78,15,13,Net Banking,Hyderabad,POS Terminal
TXN107796,C1497,M549,3085.81,6,6,UPI,Chennai,Web
TXN107797,C1038,M570,3094.34,8,7,Debit Card,Chennai,iOS
TXN107798,C1454,M579,1244.83,13,29,Credit Card,Hyderabad,Web
TXN107799,C1138,M530,4144.33,14,20,Credit Card,Kolkata,Android
TXN107800,C1291,M550,2595.72,18,5,Debit Card,Delhi,Web
TXN107801,C1051,M526,317.55,16,9,UPI,Bengaluru,POS Terminal
TXN107802,C1286,M559,2420.27,15,13,Debit Card,Ahmedabad,Web
TXN107803,C1288,M532,1716.99,20,14,Debit Card,Chennai,Web
TXN107804,C1140,M552,8697.37,12,8,Debit Card,Ahmedabad,Web
TXN107805,C1145,M571,2230.64,13,16,Credit Card,Hyderabad,POS Terminal
TXN107806,C1424,M532,1058.78,23,14,Credit Card,Delhi,Android
TXN107807,C1313,M540,70803.67,5,29,Credit Card,Kolkata,iOS
TXN107808,C1183,M518,1382.17,17,18,Credit Card,Pune,POS Terminal
TXN107809,C1151,M540,2933.33,18,30,Debit Card,Bengaluru,iOS
TXN107810,C1200,M541,3310.01,18,10,UPI,Kolkata,iOS
TXN107811,C1127,M522,4436.05,17,19,Credit Card,Pune,POS Terminal
TXN107812,C1286,M574,3929.29,6,16,Debit Card,Ahmedabad,POS Terminal
TXN107813,C1310,M532,2932.38,15,9,Net Banking,Delhi,POS Terminal
TXN107814,C1252,M519,3797.39,15,21,Net Banking,Pune,POS Terminal
TXN107815,C1488,M524,3634.27,16,1,Credit Card,Kolkata,Android
TXN107816,C1265,M551,6838.85,15,9,Net Banking,Delhi,Android
TXN107817,C1187,M511,3456.94,14,24,UPI,Hyderabad,Web
TXN107818,C1385,M531,5035.84,18,26,Debit Card,Bengaluru,iOS
TXN107819,C1229,M532,3202.2,9,14,Net Banking,Delhi,iOS
TXN107820,C1270,M573,4905.99,16,7,UPI,Hyderabad,POS Terminal
TXN107821,C1258,M567,3355.02,19,29,Debit Card,Delhi,POS Terminal
TXN107822,C1298,M514,1277.3,11,23,Net Banking,Pune,iOS
TXN107823,C1414,M550,3127.56,16,24,Credit Card,Kolkata,POS Terminal
TXN107824,C1197,M505,1366.73,14,11,Credit Card,Pune,Android
TXN107825,C1322,M568,486.25,10,20,Net Banking,Ahmedabad,Web
TXN107826,C1055,M568,3781.91,17,7,Credit Card,Ahmedabad,Web
TXN107827,C1318,M534,2127.9,15,24,Credit Card,Chennai,iOS
TXN107828,C1202,M533,4839.11,16,27,UPI,Kolkata,Android
TXN107829,C1270,M562,7271.23,12,10,Debit Card,Hyderabad,Android
TXN107830,C1108,M567,1560.34,21,19,Credit Card,Delhi,POS Terminal
TXN107831,C1115,M517,2751.6,18,2,Net Banking,Delhi,POS Terminal
TXN107832,C1091,M525,40377.65,3,2,Credit Card,Ahmedabad,POS Terminal
TXN107833,C1137,M560,1595.66,9,23,UPI,Mumbai,Web
TXN107834,C1421,M577,1333.57,17,25,UPI,Pune,Web
TXN107835,C1302,M573,3139.44,21,30,Credit Card,Bengaluru,Android
TXN107836,C1056,M547,2353.57,16,29,Net Banking,Pune,Android
TXN107837,C1049,M571,1927.76,10,16,Net Banking,Delhi,Android
TXN107838,C1497,M530,2763.08,22,12,UPI,Chennai,POS Terminal
TXN107839,C1070,M533,4623.97,10,8,Net Banking,Ahmedabad,Web
TXN107840,C1398,M506,3157.27,14,26,UPI,Bengaluru,POS Terminal
TXN107841,C1401,M506,654.62,10,10,Net Banking,Mumbai,POS Terminal
TXN107842,C1081,M546,2818.97,13,23,Credit Card,Hyderabad,Web
TXN107843,C1371,M507,2153.65,13,15,Credit Card,Pune,POS Terminal
TXN107844,C1104,M577,2601.78,12,16,Credit Card,Delhi,Web
TXN107845,C1087,M500,3311.46,19,25,Credit Card,Bengaluru,iOS
TXN107846,C1001,M576,2154.54,16,4,Debit Card,Pune,Android
TXN107847,C1359,M502,5060.47,15,26,Net Banking,Pune,iOS
TXN107848,C1083,M552,38983.18,4,29,Debit Card,Kolkata,Android
TXN107849,C1481,M537,64624.84,3,23,Net Banking,Hyderabad,Android
TXN107850,C1042,M550,5392.22,9,5,Debit Card,Delhi,iOS
TXN107851,C1153,M514,1308.75,18,17,UPI,Chennai,Web
TXN107852,C1326,M566,3407.69,18,10,UPI,Hyderabad,POS Terminal
TXN107853,C1421,M563,2436.74,19,4,Net Banking,Pune,iOS
TXN107854,C1093,M567,1915.4,14,1,UPI,Chennai,Android
TXN107855,C1297,M504,3406.72,12,1,Net Banking,Kolkata,Web
TXN107856,C1132,M509,4485.12,17,7,Net Banking,Mumbai,iOS
TXN107857,C1394,M507,1398.03,18,3,Debit Card,Kolkata,Web
TXN107858,C1064,M511,1735.29,14,16,Net Banking,Mumbai,iOS
TXN107859,C1289,M563,3073.67,11,25,UPI,Pune,iOS
TXN107860,C1375,M558,1290.36,18,27,Debit Card,Delhi,Web
TXN107861,C1256,M566,1633.73,16,16,Debit Card,Bengaluru,Web
TXN107862,C1466,M549,2140.73,19,15,Debit Card,Kolkata,Web
TXN107863,C1385,M522,5587.17,16,23,Debit Card,Chennai,Web
TXN107864,C1212,M539,2224.34,13,11,UPI,Hyderabad,iOS
TXN107865,C1147,M577,900.7,20,22,Credit Card,Kolkata,POS Terminal
TXN107866,C1060,M576,2272.48,14,18,UPI,Ahmedabad,Web
TXN107867,C1470,M575,2369.12,15,21,Net Banking,Pune,iOS
TXN107868,C1148,M517,4310.74,19,24,UPI,Pune,Web
TXN107869,C1087,M520,3362.57,22,20,Net Banking,Bengaluru,POS Terminal
TXN107870,C1323,M500,2051.28,11,30,Credit Card,Kolkata,iOS
TXN107871,C1382,M537,3075.35,16,8,Debit Card,Kolkata,POS Terminal
TXN107872,C1395,M540,1756.67,14,25,UPI,Mumbai,iOS
TXN107873,C1277,M541,1591.93,16,24,Debit Card,Bengaluru,iOS
TXN107874,C1403,M508,1448.02,18,6,Debit Card,Mumbai,Web
TXN107875,C1081,M522,1575.69,19,18,Debit Card,Hyderabad,POS Terminal
TXN107876,C1128,M577,2006.93,17,8,UPI,Mumbai,Android
TXN107877,C1285,M510,2876.65,18,20,Credit Card,Chennai,POS Terminal
TXN107878,C1381,M570,1891.45,19,17,UPI,Hyderabad,Android
TXN107879,C1352,M530,4334.95,18,29,Credit Card,Chennai,POS Terminal
TXN107880,C1279,M525,4378.96,17,5,Credit Card,Hyderabad,Web
TXN107881,C1269,M529,2235.1,15,3,Net Banking,Hyderabad,POS Terminal
TXN107882,C1291,M533,2112.84,19,19,Credit Card,Delhi,POS Terminal
TXN107883,C1452,M545,2824.94,19,7,Net Banking,Bengaluru,Android
TXN107884,C1202,M568,5276.57,11,12,UPI,Kolkata,Android
TXN107885,C1023,M504,4762.5,18,1,Debit Card,Chennai,POS Terminal
TXN107886,C1443,M560,6257.88,13,3,Credit Card,Kolkata,Web
TXN107887,C1350,M537,2264.66,7,10,Debit Card,Ahmedabad,Android
TXN107888,C1310,M527,3479.46,17,6,Credit Card,Delhi,Web
TXN107889,C1460,M525,2182.62,7,16,Net Banking,Chennai,Android
TXN107890,C1207,M560,3064.74,16,14,UPI,Pune,iOS
TXN107891,C1279,M522,3565.98,16,8,Net Banking,Hyderabad,iOS
TXN107892,C1204,M545,58413.61,5,6,Net Banking,Chennai,iOS
TXN107893,C1151,M529,2684.82,18,11,Net Banking,Delhi,iOS
TXN107894,C1437,M566,2805.25,10,4,UPI,Mumbai,iOS
TXN107895,C1025,M532,1851.31,16,8,UPI,Chennai,iOS
TXN107896,C1193,M502,2037.68,16,26,Debit Card,Ahmedabad,Web
TXN107897,C1335,M568,2060.67,17,5,UPI,Ahmedabad,Web
TXN107898,C1421,M541,1914.41,18,10,Net Banking,Pune,Android
TXN107899,C1237,M561,1025.66,12,22,Net Banking,Pune,POS Terminal
TXN107900,C1320,M557,1072.84,15,12,UPI,Chennai,POS Terminal
TXN107901,C1496,M556,3162.0,12,29,Debit Card,Hyderabad,POS Terminal
TXN107902,C1074,M500,3368.9,18,17,Net Banking,Hyderabad,POS Terminal
TXN107903,C1434,M572,3833.91,16,20,Credit Card,Pune,iOS
TXN107904,C1162,M559,994.78,19,11,Debit Card,Bengaluru,POS Terminal
TXN107905,C1298,M568,50530.33,5,20,Net Banking,Kolkata,iOS
TXN107906,C1028,M558,3108.2,18,28,Credit Card,Hyderabad,POS Terminal
TXN107907,C1164,M545,2929.09,12,12,Net Banking,Mumbai,Android
TXN107908,C1336,M533,2771.84,7,21,Net Banking,Hyderabad,Web
TXN107909,C1185,M524,2107.37,8,12,UPI,Hyderabad,iOS
TXN107910,C1053,M541,596.74,13,17,Credit Card,Ahmedabad,Web
TXN107911,C1294,M528,1531.68,13,20,Net Banking,Ahmedabad,POS Terminal
TXN107912,C1041,M524,4070.55,10,27,UPI,Delhi,Web
TXN107913,C1411,M553,2063.33,17,23,UPI,Hyderabad,POS Terminal
TXN107914,C1284,M572,1573.68,20,22,Net Banking,Mumbai,Web
TXN107915,C1426,M566,1678.29,19,26,UPI,Mumbai,Web
TXN107916,C1386,M514,2659.42,13,5,Debit Card,Mumbai,POS Terminal
TXN107917,C1499,M503,1853.86,13,27,Debit Card,Delhi,POS Terminal
TXN107918,C1137,M537,1386.69,7,17,Debit Card,Mumbai,iOS
TXN107919,C1186,M519,1225.04,22,24,Net Banking,Mumbai,Web
TXN107920,C1489,M522,2049.49,11,28,Debit Card,Delhi,iOS
TXN107921,C1397,M536,4267.66,16,5,Net Banking,Bengaluru,POS Terminal
TXN107922,C1203,M561,1552.24,12,30,Debit Card,Delhi,POS Terminal
TXN107923,C1430,M507,1279.13,23,13,UPI,Chennai,Android
TXN107924,C1041,M536,4170.05,14,29,UPI,Delhi,Android
TXN107925,C1349,M544,2820.24,17,14,UPI,Hyderabad,Android
TXN107926,C1415,M532,1408.91,19,8,UPI,Pune,POS Terminal
TXN107927,C1287,M506,6256.99,9,14,Net Banking,Ahmedabad,Web
TXN107928,C1425,M521,1687.21,13,27,Credit Card,Bengaluru,POS Terminal
TXN107929,C1415,M504,1453.36,15,6,Debit Card,Pune,POS Terminal
TXN107930,C1025,M514,2181.02,23,7,Credit Card,Mumbai,Android
TXN107931,C1370,M520,2531.09,12,26,Net Banking,Kolkata,Web
TXN107932,C1384,M516,2223.71,15,10,Credit Card,Mumbai,iOS
TXN107933,C1055,M555,4934.85,13,30,Credit Card,Ahmedabad,Android
TXN107934,C1252,M549,2856.89,19,17,Debit Card,Pune,POS Terminal
TXN107935,C1121,M506,4380.83,13,6,Net Banking,Mumbai,POS Terminal
TXN107936,C1105,M549,1673.5,17,3,UPI,Bengaluru,Web
TXN107937,C1129,M559,2619.27,19,19,UPI,Ahmedabad,iOS
TXN107938,C1336,M506,2446.23,15,19,Credit Card,Ahmedabad,Web
TXN107939,C1157,M539,4590.85,16,22,UPI,Hyderabad,Web
TXN107940,C1375,M544,965.85,16,24,Net Banking,Delhi,iOS
TXN107941,C1230,M558,1643.6,13,28,Debit Card,Pune,iOS
TXN107942,C1454,M574,35344.5,5,3,Net Banking,Pune,Android
TXN107943,C1307,M554,5815.62,17,3,UPI,Bengaluru,Web
TXN107944,C1090,M563,2927.82,8,5,UPI,Pune,Android
TXN107945,C1392,M564,1009.01,19,6,Debit Card,Pune,Web
TXN107946,C1021,M553,4377.47,14,6,Net Banking,Kolkata,Web
TXN107947,C1289,M539,3036.33,14,23,Credit Card,Pune,Android
TXN107948,C1109,M552,1808.89,20,29,Credit Card,Bengaluru,Android
TXN107949,C1048,M543,2674.6,16,23,Net Banking,Kolkata,Web
TXN107950,C1128,M562,1681.71,12,13,Net Banking,Mumbai,POS Terminal
TXN107951,C1072,M501,35066.51,3,27,Net Banking,Hyderabad,iOS
TXN107952,C1339,M578,3586.71,13,19,Debit Card,Hyderabad,Web
TXN107953,C1052,M520,4593.84,14,30,Credit Card,Delhi,Android
TXN107954,C1466,M549,2492.43,18,5,Credit Card,Kolkata,POS Terminal
TXN107955,C1355,M551,2206.3,16,1,Credit Card,Mumbai,Web
TXN107956,C1379,M508,1023.15,11,17,Credit Card,Bengaluru,Web
TXN107957,C1167,M519,3887.63,14,2,Debit Card,Pune,POS Terminal
TXN107958,C1044,M517,2914.05,15,12,Credit Card,Pune,iOS
TXN107959,C1451,M529,841.19,13,28,Net Banking,Bengaluru,iOS
TXN107960,C1392,M564,692.88,19,18,Credit Card,Pune,iOS
TXN107961,C1104,M523,2329.14,14,7,Debit Card,Delhi,Android
TXN107962,C1149,M546,2536.19,10,5,UPI,Bengaluru,iOS
TXN107963,C1145,M543,1394.88,13,29,Debit Card,Hyderabad,POS Terminal
TXN107964,C1203,M528,1539.2,13,19,Credit Card,Delhi,POS Terminal
TXN107965,C1361,M576,4576.56,16,16,Debit Card,Hyderabad,Web
TXN107966,C1298,M567,1141.47,7,23,Debit Card,Pune,iOS
TXN107967,C1166,M516,844.03,14,12,Debit Card,Hyderabad,Android
TXN107968,C1200,M504,2422.71,19,19,Debit Card,Kolkata,POS Terminal
TXN107969,C1133,M549,3453.06,6,19,Net Banking,Bengaluru,Android
TXN107970,C1210,M539,6016.79,14,20,UPI,Delhi,POS Terminal
TXN107971,C1047,M545,1547.66,13,21,Debit Card,Hyderabad,POS Terminal
TXN107972,C1125,M550,6463.43,19,15,Credit Card,Hyderabad,POS Terminal
TXN107973,C1238,M510,2036.84,14,24,Net Banking,Mumbai,Android
TXN107974,C1006,M511,1721.27,15,9,UPI,Chennai,POS Terminal
TXN107975,C1463,M512,1881.3,12,29,Net Banking,Mumbai,POS Terminal
TXN107976,C1452,M563,2663.16,6,21,Debit Card,Bengaluru,POS Terminal
TXN107977,C1271,M507,2690.06,16,8,Credit Card,Ahmedabad,Android
TXN107978,C1384,M564,2385.74,14,19,Credit Card,Mumbai,POS Terminal
TXN107979,C1370,M508,3619.12,17,27,Net Banking,Ahmedabad,POS Terminal
TXN107980,C1036,M501,2711.9,16,7,Credit Card,Mumbai,iOS
TXN107981,C1486,M577,4248.22,16,19,Credit Card,Bengaluru,POS Terminal
TXN107982,C1210,M512,6091.55,16,28,UPI,Delhi,Web
TXN107983,C1164,M501,34084.11,4,12,Credit Card,Hyderabad,Web
TXN107984,C1124,M567,5182.96,6,26,Credit Card,Mumbai,POS Terminal
TXN107985,C1336,M575,2183.62,9,3,Net Banking,Mumbai,POS Terminal
TXN107986,C1191,M547,2245.62,11,4,Net Banking,Pune,Web
TXN107987,C1217,M573,3837.87,22,2,Net Banking,Mumbai,Web
TXN107988,C1213,M502,6268.99,6,7,Credit Card,Pune,Android
TXN107989,C1061,M567,2923.95,8,22,Net Banking,Ahmedabad,Web
TXN107990,C1327,M505,1726.21,18,27,Credit Card,Delhi,Android
TXN107991,C1444,M504,1810.77,12,3,UPI,Ahmedabad,Web
TXN107992,C1380,M502,1377.21,15,1,Debit Card,Pune,POS Terminal
TXN107993,C1160,M509,2134.03,14,12,Debit Card,Chennai,POS Terminal
TXN107994,C1065,M542,1517.28,8,26,Debit Card,Hyderabad,Web
TXN107995,C1285,M518,2914.89,13,19,Net Banking,Bengaluru,Web
TXN107996,C1238,M513,2318.26,16,20,UPI,Mumbai,Web
TXN107997,C1019,M520,1829.49,10,26,Debit Card,Hyderabad,Web
TXN107998,C1187,M542,2285.83,9,17,Credit Card,Hyderabad,POS Terminal
TXN107999,C1081,M527,2096.75,23,24,UPI,Hyderabad,Android
TXN108000,C1362,M520,3385.62,13,18,Net Banking,Pune,iOS
TXN108001,C1201,M535,5902.62,16,3,Debit Card,Kolkata,iOS
TXN108002,C1407,M523,1850.38,15,13,Debit Card,Pune,Android
TXN108003,C1131,M553,3214.0,19,5,Debit Card,Bengaluru,Web
TXN108004,C1036,M537,2554.8,8,25,UPI,Mumbai,Android
TXN108005,C1131,M516,3151.4,10,22,UPI,Bengaluru,POS Terminal
TXN108006,C1076,M521,3229.56,17,19,Credit Card,Mumbai,Android
TXN108007,C1088,M544,2595.24,16,19,UPI,Hyderabad,iOS
TXN108008,C1460,M573,1639.19,9,8,UPI,Chennai,Android
TXN108009,C1401,M560,905.6,17,20,Credit Card,Mumbai,Web
TXN108010,C1252,M510,4230.53,21,16,Debit Card,Pune,Android
TXN108011,C1343,M560,3102.17,19,5,Debit Card,Hyderabad,iOS
TXN108012,C1193,M537,2001.45,9,4,UPI,Ahmedabad,Web
TXN108013,C1175,M565,5124.64,9,27,Credit Card,Kolkata,POS Terminal
TXN108014,C1032,M532,29237.3,4,25,Debit Card,Bengaluru,iOS
TXN108015,C1057,M542,3779.51,15,16,Net Banking,Pune,Web
TXN108016,C1466,M530,2735.79,12,24,Net Banking,Kolkata,Web
TXN108017,C1200,M534,4072.84,10,14,Credit Card,Kolkata,POS Terminal
TXN108018,C1027,M536,798.61,11,13,Credit Card,Pune,iOS
TXN108019,C1034,M546,1694.67,17,23,UPI,Kolkata,iOS
TXN108020,C1486,M522,66587.95,1,20,Net Banking,Hyderabad,Android
TXN108021,C1124,M535,2141.99,20,25,Debit Card,Mumbai,Android
TXN108022,C1393,M539,2408.92,12,27,Credit Card,Delhi,Web
TXN108023,C1320,M514,391.28,16,8,Net Banking,Chennai,Web
TXN108024,C1041,M536,2674.85,15,24,Debit Card,Delhi,Web
TXN108025,C1084,M503,3279.24,12,26,Net Banking,Mumbai,Web
TXN108026,C1392,M521,930.34,14,18,Debit Card,Pune,POS Terminal
TXN108027,C1187,M521,3139.43,16,5,Net Banking,Hyderabad,Android
TXN108028,C1110,M577,1951.41,15,6,Debit Card,Mumbai,POS Terminal
TXN108029,C1270,M577,4535.41,15,6,Debit Card,Hyderabad,POS Terminal
TXN108030,C1482,M516,1571.87,13,25,Credit Card,Delhi,Android
TXN108031,C1440,M571,3793.31,11,20,Debit Card,Ahmedabad,iOS
TXN108032,C1324,M579,960.4,20,23,Credit Card,Mumbai,Android
TXN108033,C1104,M579,1306.06,16,25,Net Banking,Mumbai,POS Terminal
TXN108034,C1405,M537,1869.14,20,21,UPI,Kolkata,Web
TXN108035,C1319,M523,2667.06,13,27,UPI,Chennai,Android
TXN108036,C1040,M505,4216.04,11,22,Net Banking,Kolkata,POS Terminal
TXN108037,C1214,M567,1249.06,11,17,Credit Card,Delhi,POS Terminal
TXN108038,C1070,M505,4294.06,12,29,UPI,Ahmedabad,Web
TXN108039,C1055,M525,6155.83,12,23,UPI,Ahmedabad,iOS
TXN108040,C1406,M540,1445.08,16,16,Debit Card,Mumbai,POS Terminal
TXN108041,C1235,M574,3084.87,12,5,Credit Card,Ahmedabad,POS Terminal
TXN108042,C1280,M537,1912.55,14,20,Credit Card,Chennai,iOS
TXN108043,C1474,M579,2897.64,12,3,Debit Card,Bengaluru,POS Terminal
TXN108044,C1104,M542,2167.98,20,1,Net Banking,Delhi,Android
TXN108045,C1389,M552,1522.47,21,5,UPI,Kolkata,Android
TXN108046,C1374,M514,4241.63,18,3,Debit Card,Delhi,POS Terminal
TXN108047,C1161,M555,2289.75,9,24,Net Banking,Pune,POS Terminal
TXN108048,C1190,M555,2470.45,10,28,Net Banking,Hyderabad,iOS
TXN108049,C1008,M530,21551.19,1,16,Credit Card,Mumbai,Web
TXN108050,C1059,M556,2576.21,17,16,Net Banking,Ahmedabad,Android
TXN108051,C1380,M550,1930.16,20,29,Debit Card,Pune,iOS
TXN108052,C1304,M523,3173.94,23,4,Credit Card,Pune,Web
TXN108053,C1224,M557,1808.15,16,3,Credit Card,Delhi,Android
TXN108054,C1306,M572,879.75,9,12,UPI,Bengaluru,Android
TXN108055,C1187,M503,2174.22,17,17,Credit Card,Hyderabad,POS Terminal
TXN108056,C1069,M509,689.92,18,12,Net Banking,Hyderabad,Web
TXN108057,C1292,M562,3973.0,17,10,Net Banking,Hyderabad,POS Terminal
TXN108058,C1286,M572,2411.67,10,2,Net Banking,Ahmedabad,iOS
TXN108059,C1481,M514,2310.64,14,10,UPI,Delhi,Web
TXN108060,C1168,M562,50146.9,2,2,Debit Card,Ahmedabad,Web
TXN108061,C1061,M518,3185.42,8,17,UPI,Kolkata,POS Terminal
TXN108062,C1348,M562,1843.9,15,24,Debit Card,Chennai,Android
TXN108063,C1441,M555,1643.61,15,5,Net Banking,Delhi,Android
TXN108064,C1013,M520,3287.65,15,2,Debit Card,Bengaluru,POS Terminal
TXN108065,C1163,M533,4631.38,14,24,Net Banking,Bengaluru,iOS
TXN108066,C1419,M516,3063.51,11,14,Net Banking,Kolkata,POS Terminal
TXN108067,C1244,M517,4027.24,8,10,Net Banking,Kolkata,Web
TXN108068,C1334,M565,2881.74,9,15,Debit Card,Hyderabad,Android
TXN108069,C1007,M550,5794.45,16,5,Credit Card,Pune,iOS
TXN108070,C1153,M564,1405.36,9,26,UPI,Chennai,Web
TXN108071,C1035,M542,2457.04,16,14,Net Banking,Hyderabad,POS Terminal
TXN108072,C1047,M556,2623.75,16,21,Debit Card,Hyderabad,Android
TXN108073,C1084,M509,3720.5,19,18,Debit Card,Mumbai,iOS
TXN108074,C1027,M536,1575.88,17,30,UPI,Pune,Android
TXN108075,C1195,M547,4527.39,9,24,Debit Card,Kolkata,iOS
TXN108076,C1445,M568,2607.91,19,13,Credit Card,Kolkata,POS Terminal
TXN108077,C1207,M555,2576.95,9,13,UPI,Pune,iOS
TXN108078,C1469,M575,4190.2,14,3,Debit Card,Pune,Web
TXN108079,C1203,M535,1397.41,11,4,UPI,Delhi,Android
TXN108080,C1463,M530,1335.0,10,5,Credit Card,Mumbai,iOS
TXN108081,C1306,M554,838.89,11,10,Credit Card,Bengaluru,Web
TXN108082,C1103,M537,2478.22,18,25,Debit Card,Pune,Android
TXN108083,C1229,M572,3377.99,14,29,UPI,Delhi,POS Terminal
TXN108084,C1425,M514,2070.14,21,2,Credit Card,Bengaluru,Web
TXN108085,C1100,M515,4738.29,9,24,Net Banking,Mumbai,Web
TXN108086,C1028,M576,2930.9,12,21,UPI,Hyderabad,Android
TXN108087,C1126,M552,1251.73,19,27,Net Banking,Delhi,POS Terminal
TXN108088,C1337,M555,443.2,11,9,Net Banking,Delhi,iOS
TXN108089,C1009,M506,2017.83,13,9,UPI,Bengaluru,Web
TXN108090,C1105,M556,1556.04,15,10,Debit Card,Delhi,Android
TXN108091,C1166,M554,926.7,9,12,Credit Card,Hyderabad,Android
TXN108092,C1465,M551,1685.51,13,15,Debit Card,Kolkata,Android
TXN108093,C1256,M503,1344.39,18,3,UPI,Bengaluru,iOS
TXN108094,C1294,M542,2472.76,20,28,Net Banking,Ahmedabad,Android
TXN108095,C1276,M539,1224.75,19,9,Net Banking,Mumbai,iOS
TXN108096,C1064,M529,1317.0,16,7,Net Banking,Mumbai,POS Terminal
TXN108097,C1270,M509,5729.88,17,30,Debit Card,Chennai,iOS
TXN108098,C1387,M506,1749.33,13,25,Debit Card,Delhi,Android
TXN108099,C1187,M535,2102.59,18,23,Net Banking,Hyderabad,Android
TXN108100,C1316,M534,631.0,9,30,Credit Card,Kolkata,Web
TXN108101,C1403,M538,1524.68,16,16,UPI,Mumbai,iOS
TXN108102,C1137,M535,1836.81,13,24,Debit Card,Mumbai,Web
TXN108103,C1342,M519,2658.78,12,4,Net Banking,Delhi,iOS
TXN108104,C1104,M548,3421.42,18,30,Net Banking,Delhi,Android
TXN108105,C1033,M558,749.49,15,14,UPI,Pune,Web
TXN108106,C1379,M548,1675.72,17,5,Debit Card,Bengaluru,Web
TXN108107,C1109,M525,2883.93,10,16,Credit Card,Bengaluru,POS Terminal
TXN108108,C1431,M535,1635.23,19,28,Debit Card,Mumbai,POS Terminal
TXN108109,C1032,M542,1183.19,19,22,Credit Card,Ahmedabad,Android
TXN108110,C1353,M542,2344.2,9,20,Debit Card,Kolkata,Android
TXN108111,C1230,M575,925.96,21,14,Debit Card,Pune,Web
TXN108112,C1316,M532,577.43,13,13,Credit Card,Kolkata,POS Terminal
TXN108113,C1265,M577,5953.72,14,24,Debit Card,Delhi,Android
TXN108114,C1181,M544,3586.64,9,29,Net Banking,Ahmedabad,Android
TXN108115,C1339,M544,4041.52,14,14,Net Banking,Hyderabad,POS Terminal
TXN108116,C1064,M514,1791.84,11,5,Debit Card,Mumbai,POS Terminal
TXN108117,C1332,M516,3498.05,11,19,Credit Card,Hyderabad,iOS
TXN108118,C1000,M511,1740.44,18,17,Debit Card,Ahmedabad,Android
TXN108119,C1132,M521,4836.12,21,30,Net Banking,Mumbai,POS Terminal
TXN108120,C1079,M522,3328.0,13,1,Net Banking,Bengaluru,iOS
TXN108121,C1270,M577,8498.76,9,29,Net Banking,Hyderabad,POS Terminal
TXN108122,C1240,M511,3493.53,17,30,UPI,Delhi,iOS
TXN108123,C1027,M567,1257.39,15,30,Net Banking,Pune,Android
TXN108124,C1222,M550,1939.45,18,29,Debit Card,Pune,POS Terminal
TXN108125,C1022,M512,2458.26,16,24,Net Banking,Mumbai,POS Terminal
TXN108126,C1495,M556,3008.92,11,19,Net Banking,Kolkata,Android
TXN108127,C1108,M554,1514.7,13,11,Credit Card,Delhi,Web
TXN108128,C1106,M527,1377.68,9,10,Debit Card,Delhi,iOS
TXN108129,C1144,M543,4072.02,17,4,Net Banking,Pune,iOS
TXN108130,C1368,M518,3232.21,8,23,UPI,Delhi,POS Terminal
TXN108131,C1353,M545,1877.24,12,17,Net Banking,Kolkata,Android
TXN108132,C1396,M502,4887.01,16,22,Net Banking,Chennai,Android
TXN108133,C1397,M519,3263.91,16,17,UPI,Bengaluru,Web
TXN108134,C1138,M524,3385.64,17,16,Debit Card,Kolkata,Android
TXN108135,C1283,M574,6693.02,14,19,Debit Card,Hyderabad,Android
TXN108136,C1297,M555,3032.56,23,20,Net Banking,Kolkata,Web
TXN108137,C1479,M560,2063.9,14,27,Credit Card,Delhi,iOS
TXN108138,C1098,M554,2243.96,6,14,Net Banking,Bengaluru,Android
TXN108139,C1316,M534,436.33,15,23,Debit Card,Kolkata,Android
TXN108140,C1122,M577,3103.88,6,16,Credit Card,Pune,iOS
TXN108141,C1319,M558,1974.23,17,2,UPI,Chennai,iOS
TXN108142,C1286,M538,3166.56,16,8,Net Banking,Ahmedabad,Web
TXN108143,C1080,M556,1777.12,21,6,UPI,Pune,iOS
TXN108144,C1494,M566,1097.65,15,10,UPI,Mumbai,Android
TXN108145,C1456,M533,7465.48,14,2,Net Banking,Bengaluru,iOS
TXN108146,C1009,M540,1798.1,18,30,UPI,Bengaluru,POS Terminal
TXN108147,C1007,M521,3136.04,16,30,Net Banking,Pune,Web
TXN108148,C1404,M526,3387.01,9,19,Debit Card,Bengaluru,Android
TXN108149,C1204,M520,2042.36,21,4,Debit Card,Pune,Web
TXN108150,C1314,M540,1718.77,15,6,Credit Card,Chennai,Web
TXN108151,C1433,M530,1467.94,14,13,Credit Card,Pune,Web
TXN108152,C1196,M526,2036.38,19,1,UPI,Pune,Web
TXN108153,C1197,M536,1852.65,16,5,Credit Card,Pune,Web
TXN108154,C1029,M565,2443.47,11,24,Debit Card,Ahmedabad,iOS
TXN108155,C1478,M553,3212.77,16,28,Credit Card,Hyderabad,Web
TXN108156,C1400,M508,1240.21,13,7,UPI,Pune,Web
TXN108157,C1458,M541,3051.2,11,14,Credit Card,Pune,Web
TXN108158,C1019,M535,1547.15,16,27,Debit Card,Mumbai,POS Terminal
TXN108159,C1047,M509,2228.61,20,19,Credit Card,Hyderabad,Android
TXN108160,C1456,M558,6333.91,12,30,UPI,Chennai,Web
TXN108161,C1129,M539,3195.37,20,11,Debit Card,Kolkata,POS Terminal
TXN108162,C1292,M553,2660.98,13,18,Net Banking,Hyderabad,Android
TXN108163,C1384,M538,1491.32,14,18,Credit Card,Mumbai,iOS
TXN108164,C1131,M506,2358.42,14,26,UPI,Bengaluru,Web
TXN108165,C1355,M503,1878.95,15,21,Credit Card,Mumbai,Web
TXN108166,C1053,M514,499.93,17,24,Net Banking,Ahmedabad,POS Terminal
TXN108167,C1377,M575,3912.61,11,6,Net Banking,Chennai,Web
TXN108168,C1280,M547,2976.83,12,6,Credit Card,Chennai,iOS
TXN108169,C1386,M505,3222.61,11,7,Debit Card,Mumbai,Android
TXN108170,C1264,M572,2325.36,14,17,Debit Card,Pune,POS Terminal
TXN108171,C1469,M534,5185.02,17,19,Debit Card,Pune,POS Terminal
TXN108172,C1214,M571,2139.28,20,27,Net Banking,Chennai,Web
TXN108173,C1459,M570,34318.15,3,5,Net Banking,Bengaluru,iOS
TXN108174,C1457,M567,2250.91,17,7,UPI,Hyderabad,iOS
TXN108175,C1289,M557,3610.93,16,6,Credit Card,Pune,Web
TXN108176,C1042,M576,4858.99,15,17,UPI,Delhi,Android
TXN108177,C1073,M518,1319.31,21,25,Debit Card,Bengaluru,Android
TXN108178,C1349,M561,3226.62,11,29,UPI,Hyderabad,POS Terminal
TXN108179,C1277,M570,1755.82,6,19,UPI,Bengaluru,iOS
TXN108180,C1325,M509,3838.04,12,12,Net Banking,Bengaluru,iOS
TXN108181,C1241,M524,3652.83,17,7,Debit Card,Mumbai,Android
TXN108182,C1129,M543,1767.09,11,12,Credit Card,Ahmedabad,Android
TXN108183,C1349,M557,2946.9,17,17,UPI,Hyderabad,POS Terminal
TXN108184,C1193,M524,1617.75,12,15,Credit Card,Ahmedabad,POS Terminal
TXN108185,C1031,M575,1229.63,14,16,Net Banking,Delhi,iOS
TXN108186,C1105,M539,1847.94,18,1,Debit Card,Delhi,POS Terminal
TXN108187,C1399,M575,36562.79,2,11,Credit Card,Hyderabad,POS Terminal
TXN108188,C1203,M569,1626.47,17,1,Credit Card,Ahmedabad,Android
TXN108189,C1000,M509,1275.62,18,13,Credit Card,Ahmedabad,Web
TXN108190,C1244,M565,3750.29,18,28,Credit Card,Mumbai,Android
TXN108191,C1071,M524,2080.35,12,20,UPI,Hyderabad,Android
TXN108192,C1431,M570,2817.37,10,17,UPI,Pune,Android
TXN108193,C1305,M510,2510.51,16,29,Debit Card,Hyderabad,Web
TXN108194,C1396,M535,4381.17,11,16,Debit Card,Chennai,Web
TXN108195,C1014,M548,1308.06,15,30,Debit Card,Pune,Web
TXN108196,C1052,M547,5858.23,14,17,Net Banking,Delhi,iOS
TXN108197,C1427,M506,3894.22,18,25,UPI,Pune,Web
TXN108198,C1007,M576,4721.27,10,14,Net Banking,Pune,Android
TXN108199,C1329,M550,1331.96,13,24,UPI,Ahmedabad,Android
TXN108200,C1045,M516,1592.28,6,5,Net Banking,Hyderabad,iOS
TXN108201,C1324,M531,1323.84,21,13,UPI,Mumbai,POS Terminal
TXN108202,C1113,M525,5682.77,21,18,Credit Card,Delhi,iOS
TXN108203,C1146,M521,1002.01,8,7,UPI,Mumbai,Android
TXN108204,C1494,M512,1289.63,21,28,UPI,Ahmedabad,Android
TXN108205,C1165,M511,1119.03,21,17,UPI,Hyderabad,Web
TXN108206,C1378,M570,1087.07,16,11,Debit Card,Delhi,iOS
TXN108207,C1138,M500,3161.66,20,25,Debit Card,Kolkata,Web
TXN108208,C1116,M532,1981.72,15,17,Net Banking,Pune,POS Terminal
TXN108209,C1298,M513,44091.18,1,19,Debit Card,Hyderabad,Web
TXN108210,C1275,M563,2408.79,22,6,UPI,Kolkata,Web
TXN108211,C1403,M542,2126.36,19,20,Net Banking,Mumbai,Web
TXN108212,C1276,M557,1891.09,13,18,UPI,Mumbai,POS Terminal
TXN108213,C1337,M540,352.39,11,21,Net Banking,Delhi,Web
TXN108214,C1312,M567,942.72,17,10,Net Banking,Mumbai,Android
TXN108215,C1177,M538,5147.76,17,1,Net Banking,Hyderabad,POS Terminal
TXN108216,C1329,M500,1708.01,12,1,Debit Card,Ahmedabad,Web
TXN108217,C1353,M540,1740.95,21,15,Credit Card,Kolkata,iOS
TXN108218,C1153,M544,1540.61,15,27,Debit Card,Chennai,iOS
TXN108219,C1413,M578,3813.29,11,6,Credit Card,Pune,Web
TXN108220,C1200,M512,4230.23,6,27,Credit Card,Kolkata,iOS
TXN108221,C1365,M570,1895.81,9,25,UPI,Bengaluru,iOS
TXN108222,C1114,M508,2980.25,13,26,Net Banking,Pune,POS Terminal
TXN108223,C1158,M562,3578.64,21,7,UPI,Ahmedabad,POS Terminal
TXN108224,C1041,M522,1686.41,12,10,UPI,Delhi,Android
TXN108225,C1246,M553,2221.87,16,4,Net Banking,Hyderabad,POS Terminal
TXN108226,C1067,M546,21579.01,4,14,Credit Card,Chennai,Android
TXN108227,C1444,M538,2734.49,23,8,Credit Card,Ahmedabad,Web
TXN108228,C1444,M525,3059.77,11,1,Debit Card,Ahmedabad,POS Terminal
TXN108229,C1325,M500,2482.62,8,30,Debit Card,Bengaluru,Android
TXN108230,C1333,M513,588.45,15,29,Debit Card,Ahmedabad,POS Terminal
TXN108231,C1195,M573,3749.38,15,21,Debit Card,Kolkata,Web
TXN108232,C1089,M564,3507.21,15,2,Credit Card,Pune,iOS
TXN108233,C1110,M568,2496.9,11,27,Net Banking,Mumbai,iOS
TXN108234,C1367,M566,3389.55,12,19,UPI,Chennai,Android
TXN108235,C1358,M548,3884.04,18,10,Net Banking,Hyderabad,POS Terminal
TXN108236,C1144,M549,3958.82,20,4,UPI,Pune,iOS
TXN108237,C1274,M557,993.16,10,17,UPI,Mumbai,POS Terminal
TXN108238,C1178,M552,1221.6,15,16,Credit Card,Bengaluru,Web
TXN108239,C1240,M556,2385.0,13,5,UPI,Hyderabad,Web
TXN108240,C1325,M517,3018.34,8,10,Debit Card,Bengaluru,Android
TXN108241,C1318,M515,2312.01,12,22,Debit Card,Pune,iOS
TXN108242,C1476,M501,1583.53,15,11,UPI,Chennai,iOS
TXN108243,C1330,M512,2170.58,12,1,Net Banking,Ahmedabad,Web
TXN108244,C1463,M544,1591.59,10,13,UPI,Mumbai,Web
TXN108245,C1413,M579,3972.7,14,20,Debit Card,Pune,Android
TXN108246,C1152,M571,48090.42,2,2,UPI,Chennai,Android
TXN108247,C1103,M542,3565.04,13,1,UPI,Pune,Android
TXN108248,C1074,M571,3428.01,13,14,UPI,Hyderabad,Android
TXN108249,C1127,M553,4228.05,15,21,Credit Card,Pune,POS Terminal
TXN108250,C1198,M573,1065.18,20,12,UPI,Delhi,Web
TXN108251,C1153,M530,1382.57,18,11,Net Banking,Chennai,POS Terminal
TXN108252,C1055,M575,5600.24,20,1,Net Banking,Bengaluru,Android
TXN108253,C1277,M508,1439.26,11,14,Debit Card,Ahmedabad,Web
TXN108254,C1344,M572,3059.36,15,8,Net Banking,Delhi,iOS
TXN108255,C1018,M547,6685.98,9,18,Credit Card,Chennai,Android
TXN108256,C1158,M517,2194.22,15,5,Net Banking,Ahmedabad,Web
TXN108257,C1025,M510,2668.28,18,3,Net Banking,Chennai,iOS
TXN108258,C1425,M561,1727.66,14,22,Debit Card,Bengaluru,POS Terminal
TXN108259,C1168,M518,1986.32,9,6,Debit Card,Mumbai,Android
TXN108260,C1483,M573,3032.69,20,24,UPI,Delhi,POS Terminal
TXN108261,C1022,M523,2674.22,12,27,Net Banking,Mumbai,POS Terminal
TXN108262,C1046,M512,660.92,11,21,Debit Card,Delhi,Android
TXN108263,C1012,M545,1437.29,17,5,UPI,Ahmedabad,Web
TXN108264,C1216,M552,2691.95,8,21,Credit Card,Hyderabad,Web
TXN108265,C1321,M528,833.85,16,25,UPI,Bengaluru,POS Terminal
TXN108266,C1193,M535,2039.97,16,2,UPI,Ahmedabad,Web
TXN108267,C1143,M570,1608.81,15,3,UPI,Ahmedabad,Android
TXN108268,C1072,M516,1496.39,16,4,UPI,Delhi,POS Terminal
TXN108269,C1155,M547,5475.3,12,29,Net Banking,Mumbai,iOS
TXN108270,C1076,M576,3910.07,12,23,UPI,Mumbai,POS Terminal
TXN108271,C1418,M523,2452.45,8,26,Credit Card,Pune,Android
TXN108272,C1168,M553,50201.47,4,28,UPI,Hyderabad,Android
TXN108273,C1460,M500,2156.95,16,1,Credit Card,Chennai,Web
TXN108274,C1286,M578,2294.87,16,16,Debit Card,Ahmedabad,iOS
TXN108275,C1084,M566,3340.67,18,19,UPI,Mumbai,Android
TXN108276,C1415,M505,1060.22,23,26,Debit Card,Pune,POS Terminal
TXN108277,C1181,M577,3474.72,10,23,Credit Card,Ahmedabad,Web
TXN108278,C1481,M554,2177.43,15,8,UPI,Delhi,POS Terminal
TXN108279,C1455,M537,1496.66,14,2,Net Banking,Mumbai,Android
TXN108280,C1314,M532,1156.33,14,27,UPI,Chennai,Web
TXN108281,C1296,M507,1092.3,10,3,Net Banking,Mumbai,Android
TXN108282,C1111,M578,1743.77,18,14,Net Banking,Mumbai,Web
TXN108283,C1449,M577,4564.06,17,7,Debit Card,Chennai,Android
TXN108284,C1229,M519,2954.05,11,13,Debit Card,Delhi,Web
TXN108285,C1095,M554,2221.72,12,7,Net Banking,Pune,Android
TXN108286,C1437,M547,2127.42,17,16,Debit Card,Mumbai,POS Terminal
TXN108287,C1167,M555,2546.39,15,3,Net Banking,Pune,POS Terminal
TXN108288,C1377,M509,2739.32,14,26,Credit Card,Chennai,POS Terminal
TXN108289,C1155,M551,52721.35,1,5,Credit Card,Pune,iOS
TXN108290,C1420,M549,4401.53,14,23,UPI,Pune,iOS
TXN108291,C1104,M533,2336.79,20,3,Debit Card,Delhi,Web
TXN108292,C1192,M535,6970.15,7,24,Credit Card,Ahmedabad,iOS
TXN108293,C1488,M560,3746.36,11,28,Credit Card,Kolkata,iOS
TXN108294,C1329,M515,2334.8,12,15,Credit Card,Ahmedabad,Android
TXN108295,C1438,M578,1196.04,12,20,Net Banking,Mumbai,iOS
TXN108296,C1131,M517,2544.72,16,11,Debit Card,Bengaluru,iOS
TXN108297,C1354,M570,2417.78,20,30,Credit Card,Ahmedabad,iOS
TXN108298,C1381,M546,1404.92,13,23,Credit Card,Pune,iOS
TXN108299,C1137,M531,1834.56,12,18,Debit Card,Mumbai,Web
TXN108300,C1430,M542,923.94,20,5,Net Banking,Chennai,iOS
TXN108301,C1330,M539,1230.66,10,22,Credit Card,Ahmedabad,Web
TXN108302,C1269,M564,2610.55,17,13,Debit Card,Hyderabad,POS Terminal
TXN108303,C1037,M534,1824.97,11,29,Net Banking,Chennai,iOS
TXN108304,C1395,M568,2780.74,17,1,Debit Card,Mumbai,POS Terminal
TXN108305,C1044,M549,47071.18,4,27,Credit Card,Delhi,Android
TXN108306,C1400,M511,1482.97,11,14,Debit Card,Pune,iOS
TXN108307,C1463,M575,1077.32,12,9,UPI,Mumbai,Android
TXN108308,C1162,M557,2256.68,14,30,Debit Card,Bengaluru,POS Terminal
TXN108309,C1449,M562,4671.83,15,9,UPI,Chennai,POS Terminal
TXN108310,C1330,M572,1880.87,21,4,Net Banking,Hyderabad,iOS
TXN108311,C1252,M548,4297.42,11,21,UPI,Pune,iOS
TXN108312,C1168,M535,3034.04,15,25,Net Banking,Mumbai,Android
TXN108313,C1450,M553,5052.51,11,26,Debit Card,Mumbai,Web
TXN108314,C1284,M546,1088.72,18,27,UPI,Mumbai,POS Terminal
TXN108315,C1273,M531,2444.69,14,2,UPI,Kolkata,POS Terminal
TXN108316,C1019,M552,1578.02,16,16,Credit Card,Hyderabad,Android
TXN108317,C1238,M531,2369.79,9,5,Debit Card,Mumbai,Web
TXN108318,C1269,M561,2415.86,15,20,Debit Card,Hyderabad,Android
TXN108319,C1417,M536,2166.29,21,18,UPI,Bengaluru,POS Terminal
TXN108320,C1432,M537,3362.04,13,2,Debit Card,Bengaluru,POS Terminal
TXN108321,C1309,M529,7810.12,15,14,Net Banking,Mumbai,iOS
TXN108322,C1030,M557,2807.9,14,15,Debit Card,Delhi,Web
TXN108323,C1313,M531,4299.27,17,25,Credit Card,Mumbai,Web
TXN108324,C1103,M565,2782.56,18,10,Net Banking,Pune,iOS
TXN108325,C1169,M550,2969.17,16,28,Credit Card,Bengaluru,Web
TXN108326,C1185,M510,1966.46,21,16,Debit Card,Hyderabad,Android
TXN108327,C1127,M558,4650.49,17,8,Net Banking,Pune,Web
TXN108328,C1209,M519,4830.25,10,26,Credit Card,Bengaluru,POS Terminal
TXN108329,C1413,M536,2856.36,9,26,Debit Card,Pune,Android
TXN108330,C1280,M572,3324.89,13,24,Credit Card,Chennai,Android
TXN108331,C1446,M548,3827.98,21,24,UPI,Delhi,POS Terminal
TXN108332,C1252,M518,3540.2,16,21,Net Banking,Pune,iOS
TXN108333,C1018,M554,10240.93,15,14,Credit Card,Chennai,POS Terminal
TXN108334,C1199,M539,1694.83,14,20,UPI,Delhi,iOS
TXN108335,C1219,M506,4268.32,18,10,Net Banking,Chennai,iOS
TXN108336,C1135,M504,661.44,14,13,Credit Card,Hyderabad,Android
TXN108337,C1222,M541,2537.88,17,19,Net Banking,Pune,Web
TXN108338,C1002,M547,2230.36,12,2,Debit Card,Kolkata,Android
TXN108339,C1450,M506,4351.88,8,26,Debit Card,Chennai,POS Terminal
TXN108340,C1235,M510,3042.06,19,5,UPI,Ahmedabad,Web
TXN108341,C1341,M572,1921.37,20,14,Net Banking,Ahmedabad,Android
TXN108342,C1464,M548,3298.28,19,24,UPI,Ahmedabad,iOS
TXN108343,C1227,M529,70050.09,2,21,Debit Card,Pune,iOS
TXN108344,C1400,M540,1667.75,15,23,Credit Card,Pune,Android
TXN108345,C1141,M502,2281.08,23,21,Net Banking,Kolkata,POS Terminal
TXN108346,C1498,M539,1717.9,9,26,UPI,Kolkata,Web
TXN108347,C1008,M550,1161.0,18,25,Debit Card,Kolkata,Android
TXN108348,C1189,M531,4100.23,14,24,Credit Card,Pune,iOS
TXN108349,C1349,M547,2192.33,7,8,Debit Card,Hyderabad,iOS
TXN108350,C1404,M570,2909.22,16,1,Debit Card,Bengaluru,iOS
TXN108351,C1459,M570,2456.11,14,5,Credit Card,Chennai,POS Terminal
TXN108352,C1164,M519,1515.26,23,25,Credit Card,Mumbai,Web
TXN108353,C1479,M534,2011.29,14,11,Net Banking,Delhi,Android
TXN108354,C1138,M523,3159.47,12,8,Credit Card,Kolkata,Web
TXN108355,C1275,M539,2682.01,16,17,Credit Card,Kolkata,Android
TXN108356,C1290,M576,1303.39,9,25,Debit Card,Chennai,POS Terminal
TXN108357,C1052,M551,4437.06,9,10,Debit Card,Delhi,Android
TXN108358,C1174,M538,4881.15,22,14,Debit Card,Chennai,iOS
TXN108359,C1109,M567,2559.97,19,1,Credit Card,Bengaluru,iOS
TXN108360,C1202,M560,4013.92,15,5,Net Banking,Kolkata,POS Terminal
TXN108361,C1435,M575,2330.6,17,15,Debit Card,Hyderabad,Web
TXN108362,C1135,M564,644.81,19,10,Debit Card,Hyderabad,iOS
TXN108363,C1003,M561,1598.45,11,15,Credit Card,Ahmedabad,Android
TXN108364,C1154,M501,6448.02,17,1,Credit Card,Mumbai,iOS
TXN108365,C1171,M505,3358.23,12,24,UPI,Mumbai,Android
TXN108366,C1423,M574,3495.29,12,11,Credit Card,Delhi,Web
TXN108367,C1357,M542,3278.04,15,18,Debit Card,Pune,iOS
TXN108368,C1046,M539,579.28,8,6,Credit Card,Delhi,iOS
TXN108369,C1093,M538,1711.07,18,2,UPI,Chennai,Android
TXN108370,C1427,M527,4865.66,15,2,Net Banking,Pune,POS Terminal
TXN108371,C1047,M579,1513.25,13,17,UPI,Hyderabad,POS Terminal
TXN108372,C1239,M562,2823.18,17,22,Net Banking,Chennai,iOS
TXN108373,C1346,M563,2235.36,11,5,Net Banking,Hyderabad,Web
TXN108374,C1212,M511,1853.7,18,20,Debit Card,Hyderabad,Web
TXN108375,C1435,M540,2509.26,12,14,Credit Card,Hyderabad,POS Terminal
TXN108376,C1339,M528,3658.99,16,12,Credit Card,Hyderabad,iOS
TXN108377,C1323,M522,1523.62,18,4,UPI,Kolkata,POS Terminal
TXN108378,C1138,M579,3165.92,16,9,Credit Card,Kolkata,Android
TXN108379,C1204,M550,1887.18,13,27,Net Banking,Pune,Web
TXN108380,C1380,M544,1246.02,11,18,Debit Card,Pune,POS Terminal
TXN108381,C1072,M521,1620.39,14,10,Debit Card,Mumbai,iOS
TXN108382,C1003,M509,1683.47,13,7,Net Banking,Ahmedabad,POS Terminal
TXN108383,C1075,M506,3585.84,13,30,Net Banking,Mumbai,iOS
TXN108384,C1328,M572,1163.6,10,5,Net Banking,Ahmedabad,POS Terminal
TXN108385,C1076,M514,3308.48,11,15,Net Banking,Mumbai,POS Terminal
TXN108386,C1303,M576,1757.05,17,30,Credit Card,Hyderabad,Web
TXN108387,C1255,M545,22012.62,5,26,Net Banking,Delhi,POS Terminal
TXN108388,C1409,M560,58168.49,1,13,Credit Card,Mumbai,Android
TXN108389,C1101,M560,2464.24,12,14,Debit Card,Delhi,POS Terminal
TXN108390,C1105,M550,2293.13,15,25,Credit Card,Delhi,iOS
TXN108391,C1332,M537,2341.86,11,4,Net Banking,Hyderabad,iOS
TXN108392,C1038,M511,4988.63,15,6,UPI,Chennai,Android
TXN108393,C1475,M576,5368.0,16,15,UPI,Kolkata,Android
TXN108394,C1313,M565,38328.04,4,13,Credit Card,Pune,iOS
TXN108395,C1274,M553,1255.49,6,13,UPI,Mumbai,POS Terminal
TXN108396,C1087,M538,2732.92,12,18,Debit Card,Bengaluru,Android
TXN108397,C1210,M575,2040.23,17,17,Credit Card,Delhi,POS Terminal
TXN108398,C1368,M538,2772.0,14,28,UPI,Delhi,Android
TXN108399,C1076,M577,4114.65,14,1,Debit Card,Pune,POS Terminal
TXN108400,C1076,M529,2645.0,10,4,Credit Card,Mumbai,Android
TXN108401,C1441,M547,1311.1,20,11,Credit Card,Delhi,iOS
TXN108402,C1027,M530,1340.95,17,25,Credit Card,Pune,POS Terminal
TXN108403,C1244,M524,4009.44,14,19,Credit Card,Mumbai,Android
TXN108404,C1065,M567,1217.15,18,28,Net Banking,Hyderabad,POS Terminal
TXN108405,C1265,M550,5166.3,9,13,UPI,Delhi,Web
TXN108406,C1381,M512,1696.71,9,16,Credit Card,Pune,Web
TXN108407,C1469,M562,1793.22,11,19,Credit Card,Pune,Android
TXN108408,C1204,M541,1927.44,12,15,UPI,Pune,Web
TXN108409,C1057,M553,6512.04,16,28,UPI,Pune,Android
TXN108410,C1200,M566,3389.51,20,12,Debit Card,Kolkata,Android
TXN108411,C1224,M579,1447.12,17,23,UPI,Delhi,Web
TXN108412,C1141,M555,1518.43,7,8,Credit Card,Kolkata,iOS
TXN108413,C1380,M518,2099.93,15,27,Net Banking,Pune,Android
TXN108414,C1367,M545,2983.08,14,22,UPI,Chennai,Android
TXN108415,C1083,M514,3124.35,13,1,Net Banking,Mumbai,Web
TXN108416,C1142,M531,1029.53,14,22,Credit Card,Ahmedabad,POS Terminal
TXN108417,C1351,M548,2200.48,13,8,UPI,Bengaluru,Web
TXN108418,C1032,M520,1038.38,15,5,Net Banking,Ahmedabad,Android
TXN108419,C1400,M564,1293.14,11,24,Debit Card,Pune,POS Terminal
TXN108420,C1151,M569,2346.73,10,28,Debit Card,Bengaluru,POS Terminal
TXN108421,C1157,M526,3804.47,20,1,Debit Card,Hyderabad,Web
TXN108422,C1445,M522,2506.12,11,12,Debit Card,Kolkata,POS Terminal
TXN108423,C1140,M546,6485.32,11,4,Net Banking,Ahmedabad,iOS
TXN108424,C1445,M511,3213.2,18,15,Net Banking,Kolkata,iOS
TXN108425,C1250,M565,1841.71,19,28,Net Banking,Pune,iOS
TXN108426,C1302,M504,5141.84,18,9,Net Banking,Bengaluru,Android
TXN108427,C1111,M508,1644.06,14,10,Debit Card,Mumbai,Web
TXN108428,C1143,M519,1779.88,12,21,Net Banking,Ahmedabad,Web
TXN108429,C1449,M562,5010.91,16,13,UPI,Chennai,Android
TXN108430,C1208,M571,1806.48,16,10,Credit Card,Bengaluru,Android
TXN108431,C1223,M572,2041.87,12,28,UPI,Ahmedabad,Web
TXN108432,C1042,M570,4715.44,12,10,Net Banking,Delhi,Android
TXN108433,C1263,M529,1369.68,22,14,Net Banking,Pune,Web
TXN108434,C1243,M515,4362.96,16,19,Debit Card,Kolkata,POS Terminal
TXN108435,C1002,M504,1828.36,19,19,Debit Card,Kolkata,POS Terminal
TXN108436,C1124,M528,4959.46,10,25,Credit Card,Mumbai,POS Terminal
TXN108437,C1267,M546,2884.86,15,1,Debit Card,Chennai,Web
TXN108438,C1083,M521,2546.12,13,27,UPI,Mumbai,Android
TXN108439,C1015,M577,2503.22,19,22,Debit Card,Chennai,Android
TXN108440,C1333,M556,1065.38,14,22,Debit Card,Ahmedabad,Android
TXN108441,C1463,M534,1581.51,8,26,Credit Card,Mumbai,Android
TXN108442,C1058,M559,4368.49,17,24,Net Banking,Hyderabad,Android
TXN108443,C1176,M569,4438.09,14,30,Debit Card,Ahmedabad,Android
TXN108444,C1062,M559,1220.71,11,8,Net Banking,Kolkata,Web
TXN108445,C1445,M557,3263.11,17,17,UPI,Kolkata,iOS
TXN108446,C1490,M502,4765.69,15,23,Net Banking,Hyderabad,Android
TXN108447,C1048,M533,2635.1,12,10,Debit Card,Chennai,Web
TXN108448,C1306,M544,805.53,12,1,Net Banking,Bengaluru,Web
TXN108449,C1245,M549,1437.22,8,8,UPI,Hyderabad,Web
TXN108450,C1288,M501,3790.56,9,5,Debit Card,Chennai,Web
TXN108451,C1285,M514,2990.38,16,2,UPI,Mumbai,Android
TXN108452,C1442,M536,1063.01,20,19,Debit Card,Hyderabad,POS Terminal
TXN108453,C1331,M514,1191.47,8,27,Credit Card,Chennai,POS Terminal
TXN108454,C1014,M559,1828.8,20,30,UPI,Pune,Web
TXN108455,C1337,M563,345.61,19,25,Debit Card,Delhi,iOS
TXN108456,C1254,M551,4012.95,15,2,UPI,Chennai,Android
TXN108457,C1091,M522,2705.05,17,20,Debit Card,Chennai,iOS
TXN108458,C1278,M536,52317.26,4,23,Credit Card,Hyderabad,POS Terminal
TXN108459,C1205,M540,7699.31,14,24,Net Banking,Bengaluru,iOS
TXN108460,C1093,M556,1706.36,20,11,Net Banking,Chennai,Web
TXN108461,C1224,M524,1863.36,17,3,Credit Card,Delhi,iOS
TXN108462,C1300,M536,670.49,15,26,Credit Card,Chennai,Android
TXN108463,C1317,M539,1512.36,16,26,Net Banking,Mumbai,Web
TXN108464,C1462,M545,2813.11,15,9,UPI,Mumbai,Android
TXN108465,C1198,M559,987.62,21,8,Credit Card,Delhi,POS Terminal
TXN108466,C1270,M518,8645.76,16,6,Net Banking,Hyderabad,POS Terminal
TXN108467,C1499,M508,5165.56,20,14,Net Banking,Delhi,Android
TXN108468,C1233,M568,2082.86,18,28,Net Banking,Ahmedabad,iOS
TXN108469,C1045,M504,1772.25,8,8,UPI,Hyderabad,iOS
TXN108470,C1063,M525,3093.06,20,15,UPI,Delhi,Android
TXN108471,C1229,M518,2617.0,13,27,Credit Card,Delhi,Web
TXN108472,C1429,M529,1421.38,10,26,UPI,Mumbai,Android
TXN108473,C1439,M547,2014.14,12,24,UPI,Ahmedabad,iOS
TXN108474,C1248,M515,1366.22,14,3,UPI,Chennai,POS Terminal
TXN108475,C1245,M570,1506.09,12,23,UPI,Pune,POS Terminal
TXN108476,C1427,M517,3055.31,11,8,Credit Card,Pune,Android
TXN108477,C1074,M555,87966.13,4,28,UPI,Bengaluru,iOS
TXN108478,C1156,M520,4337.93,6,22,Credit Card,Chennai,POS Terminal
TXN108479,C1222,M530,1428.9,14,16,Credit Card,Pune,Android
TXN108480,C1189,M500,3528.44,21,6,UPI,Pune,iOS
TXN108481,C1472,M502,3981.08,16,7,UPI,Delhi,Android
TXN108482,C1051,M524,356.69,12,29,Credit Card,Bengaluru,POS Terminal
TXN108483,C1437,M507,2282.07,15,13,Credit Card,Hyderabad,iOS
TXN108484,C1087,M564,2222.69,20,20,Credit Card,Bengaluru,Web
TXN108485,C1312,M561,1374.49,14,26,Net Banking,Mumbai,POS Terminal
TXN108486,C1338,M506,3358.66,20,29,UPI,Hyderabad,Web
TXN108487,C1065,M506,1473.23,20,26,Net Banking,Hyderabad,POS Terminal
TXN108488,C1149,M507,2776.13,6,9,Net Banking,Kolkata,Web
TXN108489,C1019,M518,2413.85,7,19,UPI,Hyderabad,Web
TXN108490,C1032,M516,1459.18,14,7,Debit Card,Ahmedabad,Android
TXN108491,C1327,M510,1807.17,18,16,Net Banking,Delhi,Android
TXN108492,C1280,M548,4617.96,20,25,UPI,Chennai,iOS
TXN108493,C1045,M510,1499.38,9,24,Net Banking,Hyderabad,Android
TXN108494,C1072,M540,1261.04,12,7,UPI,Delhi,Android
TXN108495,C1353,M561,2840.36,12,15,Credit Card,Kolkata,iOS
TXN108496,C1312,M551,992.64,13,29,Net Banking,Mumbai,Android
TXN108497,C1342,M565,3414.73,15,5,Net Banking,Delhi,POS Terminal
TXN108498,C1132,M567,5674.14,12,2,Net Banking,Mumbai,Web
TXN108499,C1054,M574,335.58,17,29,UPI,Mumbai,Web
TXN108500,C1060,M566,57832.74,2,2,Debit Card,Delhi,Android
TXN108501,C1344,M539,3451.57,12,20,Credit Card,Delhi,Android
TXN108502,C1007,M504,3887.99,10,5,Debit Card,Pune,iOS
TXN108503,C1271,M521,1327.84,9,12,Net Banking,Ahmedabad,Android
TXN108504,C1245,M536,2207.62,17,4,UPI,Pune,POS Terminal
TXN108505,C1175,M510,5274.36,11,30,Net Banking,Kolkata,Web
TXN108506,C1492,M543,1740.12,16,27,Net Banking,Chennai,iOS
TXN108507,C1115,M552,2427.28,15,30,Debit Card,Chennai,iOS
TXN108508,C1316,M576,736.29,23,18,Net Banking,Kolkata,iOS
TXN108509,C1270,M560,5071.97,20,20,UPI,Hyderabad,Android
TXN108510,C1192,M566,3796.14,13,11,Credit Card,Kolkata,Android
TXN108511,C1149,M512,3229.99,16,29,Debit Card,Kolkata,Android
TXN108512,C1130,M510,1306.9,13,21,UPI,Ahmedabad,iOS
TXN108513,C1101,M510,3231.56,15,20,Net Banking,Delhi,iOS
TXN108514,C1309,M506,8244.81,14,6,Credit Card,Mumbai,Web
TXN108515,C1269,M516,2045.48,18,13,Credit Card,Hyderabad,Web
TXN108516,C1291,M547,2973.56,19,26,Credit Card,Delhi,Android
TXN108517,C1209,M513,6637.67,8,23,UPI,Bengaluru,Android
TXN108518,C1494,M562,1800.72,9,5,Credit Card,Ahmedabad,Web
TXN108519,C1360,M563,1599.67,12,25,UPI,Hyderabad,POS Terminal
TXN108520,C1337,M574,316.42,10,29,Debit Card,Delhi,Web
TXN108521,C1066,M576,2501.3,13,4,UPI,Ahmedabad,Android
TXN108522,C1009,M564,2604.47,13,27,Net Banking,Bengaluru,Android
TXN108523,C1048,M533,1940.89,11,10,UPI,Kolkata,Android
TXN108524,C1486,M508,3646.54,7,2,UPI,Bengaluru,Android
TXN108525,C1110,M576,3956.76,16,27,Net Banking,Mumbai,Web
TXN108526,C1320,M536,842.91,7,26,Debit Card,Chennai,Android
TXN108527,C1218,M529,671.85,6,8,UPI,Pune,Android
TXN108528,C1056,M540,2000.49,14,30,Net Banking,Pune,Web
TXN108529,C1282,M544,2943.69,11,20,Net Banking,Kolkata,POS Terminal
TXN108530,C1458,M546,1648.69,17,20,Debit Card,Pune,Web
TXN108531,C1112,M506,3362.28,18,3,Debit Card,Hyderabad,Android
TXN108532,C1132,M513,5527.25,16,28,Net Banking,Mumbai,Android
TXN108533,C1070,M547,2966.01,13,9,Debit Card,Ahmedabad,iOS
TXN108534,C1082,M505,2157.67,13,20,Net Banking,Bengaluru,Android
TXN108535,C1056,M533,2807.85,15,2,Debit Card,Pune,POS Terminal
TXN108536,C1375,M579,894.83,9,27,Net Banking,Delhi,Android
TXN108537,C1348,M545,1423.98,6,30,Credit Card,Mumbai,Web
TXN108538,C1270,M558,7658.02,12,17,Debit Card,Hyderabad,Android
TXN108539,C1482,M569,2397.68,20,28,Credit Card,Delhi,Android
TXN108540,C1110,M507,4037.66,12,1,Net Banking,Mumbai,iOS
TXN108541,C1356,M523,754.67,16,24,Debit Card,Mumbai,Android
TXN108542,C1374,M566,3388.08,9,29,Debit Card,Delhi,Android
TXN108543,C1075,M503,4043.08,11,29,Credit Card,Mumbai,Web
TXN108544,C1157,M500,3446.76,17,17,Credit Card,Hyderabad,POS Terminal
TXN108545,C1019,M533,2329.44,13,5,UPI,Hyderabad,iOS
TXN108546,C1420,M508,3251.4,13,13,Credit Card,Pune,POS Terminal
TXN108547,C1130,M562,1320.1,16,29,Net Banking,Ahmedabad,POS Terminal
TXN108548,C1328,M575,917.94,14,8,Net Banking,Ahmedabad,Android
TXN108549,C1121,M509,4179.05,12,30,Credit Card,Mumbai,iOS
TXN108550,C1040,M509,4930.29,12,7,Credit Card,Kolkata,Android
TXN108551,C1166,M549,904.39,13,23,Net Banking,Hyderabad,Android
TXN108552,C1409,M543,2418.69,23,14,UPI,Kolkata,Web
TXN108553,C1129,M547,2219.5,14,8,UPI,Ahmedabad,Android
TXN108554,C1022,M505,1828.84,15,11,Debit Card,Mumbai,iOS
TXN108555,C1278,M523,2127.71,13,3,Net Banking,Pune,iOS
TXN108556,C1250,M557,1695.8,6,5,Debit Card,Kolkata,Android
TXN108557,C1468,M563,3855.74,13,18,UPI,Kolkata,iOS
TXN108558,C1399,M555,1289.77,13,5,Credit Card,Mumbai,POS Terminal
TXN108559,C1008,M511,1141.18,6,13,UPI,Kolkata,POS Terminal
TXN108560,C1012,M534,1046.25,9,5,UPI,Ahmedabad,POS Terminal
TXN108561,C1411,M570,62057.08,1,2,UPI,Delhi,Web
TXN108562,C1410,M505,1086.55,10,26,UPI,Chennai,POS Terminal
TXN108563,C1306,M564,892.03,18,30,Net Banking,Bengaluru,POS Terminal
TXN108564,C1319,M579,3080.13,16,13,Net Banking,Chennai,iOS
TXN108565,C1051,M559,277.53,21,28,Net Banking,Bengaluru,iOS
TXN108566,C1208,M567,1601.79,6,6,UPI,Bengaluru,POS Terminal
TXN108567,C1037,M528,1452.05,16,17,Debit Card,Chennai,Android
TXN108568,C1099,M537,2471.43,17,8,Credit Card,Pune,iOS
TXN108569,C1192,M521,5585.92,18,27,Debit Card,Mumbai,Web
TXN108570,C1401,M507,680.86,14,17,Net Banking,Mumbai,iOS
TXN108571,C1190,M562,2106.0,10,19,Net Banking,Hyderabad,Web
TXN108572,C1050,M512,5225.9,19,15,Net Banking,Delhi,POS Terminal
TXN108573,C1392,M526,1128.85,13,30,Debit Card,Pune,POS Terminal
TXN108574,C1140,M517,9097.93,13,1,Net Banking,Ahmedabad,Web
TXN108575,C1167,M517,3581.69,18,30,Net Banking,Pune,Web
TXN108576,C1310,M576,3021.28,10,18,UPI,Delhi,Web
TXN108577,C1108,M561,1649.14,12,7,Net Banking,Delhi,iOS
TXN108578,C1206,M513,870.79,18,7,Net Banking,Kolkata,POS Terminal
TXN108579,C1426,M510,1610.02,18,29,Debit Card,Mumbai,iOS
TXN108580,C1299,M516,1646.25,19,16,Credit Card,Ahmedabad,Android
TXN108581,C1109,M550,1932.34,17,11,Net Banking,Bengaluru,Web
TXN108582,C1195,M513,3895.41,21,5,Credit Card,Kolkata,Android
TXN108583,C1416,M556,554.61,17,21,Credit Card,Chennai,Web
TXN108584,C1151,M505,2251.3,8,14,Net Banking,Bengaluru,Web
TXN108585,C1419,M556,3003.28,19,23,UPI,Kolkata,POS Terminal
TXN108586,C1242,M503,709.83,17,26,Net Banking,Kolkata,Web
TXN108587,C1127,M510,4032.48,15,27,Debit Card,Pune,iOS
TXN108588,C1104,M573,3233.65,17,28,Net Banking,Delhi,Web
TXN108589,C1009,M510,2738.47,14,10,UPI,Bengaluru,Web
TXN108590,C1355,M578,1815.75,13,5,Net Banking,Mumbai,Android
TXN108591,C1147,M507,1283.65,19,30,Debit Card,Hyderabad,POS Terminal
TXN108592,C1488,M558,3990.4,13,24,Debit Card,Kolkata,POS Terminal
TXN108593,C1364,M520,1890.97,10,19,Credit Card,Chennai,Web
TXN108594,C1363,M564,5177.64,12,18,Debit Card,Pune,Android
TXN108595,C1458,M523,2278.53,15,26,Credit Card,Pune,iOS
TXN108596,C1139,M529,889.28,12,4,UPI,Ahmedabad,iOS
TXN108597,C1189,M556,4224.69,16,23,Debit Card,Pune,Web
TXN108598,C1401,M579,680.72,15,9,Debit Card,Mumbai,Web
TXN108599,C1093,M572,37527.12,1,19,Credit Card,Hyderabad,Android
TXN108600,C1491,M516,7093.71,22,11,Debit Card,Mumbai,POS Terminal
TXN108601,C1495,M558,2369.03,18,3,Net Banking,Chennai,Android
TXN108602,C1228,M530,865.67,13,11,Credit Card,Delhi,iOS
TXN108603,C1062,M563,2615.91,16,7,UPI,Kolkata,Web
TXN108604,C1339,M547,4112.28,20,17,Debit Card,Hyderabad,Web
TXN108605,C1024,M522,3149.24,15,23,UPI,Chennai,Android
TXN108606,C1267,M569,4753.23,12,18,UPI,Chennai,POS Terminal
TXN108607,C1404,M529,3216.31,14,26,Net Banking,Bengaluru,Android
TXN108608,C1280,M554,2794.81,18,15,Credit Card,Chennai,POS Terminal
TXN108609,C1010,M506,3284.11,15,30,Credit Card,Hyderabad,POS Terminal
TXN108610,C1319,M574,2983.27,19,17,Debit Card,Chennai,iOS
TXN108611,C1200,M511,3301.46,19,26,UPI,Kolkata,POS Terminal
TXN108612,C1125,M559,6695.19,14,25,Credit Card,Hyderabad,iOS
TXN108613,C1305,M551,4067.81,15,17,Debit Card,Hyderabad,Web
TXN108614,C1189,M526,69825.9,1,24,Net Banking,Kolkata,Android
TXN108615,C1088,M511,2876.17,6,10,UPI,Hyderabad,iOS
TXN108616,C1354,M512,2431.76,12,30,Net Banking,Mumbai,Android
TXN108617,C1115,M571,1714.21,18,15,Debit Card,Delhi,iOS
TXN108618,C1351,M579,1858.4,15,23,UPI,Bengaluru,Web
TXN108619,C1176,M561,5135.13,11,16,Net Banking,Ahmedabad,iOS
TXN108620,C1013,M528,2392.96,13,15,UPI,Bengaluru,iOS
TXN108621,C1256,M534,1939.9,15,26,Debit Card,Bengaluru,Android
TXN108622,C1208,M559,1449.52,19,9,UPI,Bengaluru,iOS
TXN108623,C1280,M528,2106.42,17,28,Net Banking,Chennai,Android
TXN108624,C1442,M530,1221.17,9,21,Credit Card,Hyderabad,Web
TXN108625,C1327,M576,1478.86,23,19,Debit Card,Delhi,Web
TXN108626,C1324,M575,1277.95,11,1,UPI,Chennai,iOS
TXN108627,C1388,M560,2450.19,14,2,UPI,Ahmedabad,POS Terminal
TXN108628,C1104,M501,2522.75,13,6,UPI,Mumbai,Web
TXN108629,C1482,M532,2062.95,13,24,UPI,Delhi,POS Terminal
TXN108630,C1146,M571,982.87,9,9,UPI,Mumbai,POS Terminal
TXN108631,C1278,M561,1752.98,11,24,Net Banking,Pune,Android
TXN108632,C1008,M558,1501.86,16,18,Net Banking,Kolkata,POS Terminal
TXN108633,C1117,M539,2551.31,21,1,Debit Card,Bengaluru,POS Terminal
TXN108634,C1093,M548,1758.56,7,10,Debit Card,Chennai,POS Terminal
TXN108635,C1433,M531,3605.06,22,4,Net Banking,Pune,Android
TXN108636,C1143,M537,1981.04,14,14,Credit Card,Ahmedabad,iOS
TXN108637,C1288,M578,3713.75,16,21,Net Banking,Chennai,POS Terminal
TXN108638,C1385,M512,3334.76,19,26,Credit Card,Chennai,Web
TXN108639,C1013,M553,2130.37,19,6,Net Banking,Bengaluru,Android
TXN108640,C1493,M575,2952.47,9,20,Debit Card,Mumbai,POS Terminal
TXN108641,C1256,M512,1886.37,8,5,Debit Card,Bengaluru,POS Terminal
TXN108642,C1345,M538,861.35,13,15,UPI,Hyderabad,Android
TXN108643,C1185,M522,2029.57,7,24,Credit Card,Hyderabad,Android
TXN108644,C1344,M513,4116.51,14,10,Credit Card,Delhi,Android
TXN108645,C1399,M516,1383.03,17,3,Credit Card,Kolkata,POS Terminal
TXN108646,C1206,M523,22019.6,5,17,UPI,Pune,Android
TXN108647,C1345,M557,758.88,16,9,Credit Card,Ahmedabad,POS Terminal
TXN108648,C1430,M562,1181.63,6,9,UPI,Chennai,Web
TXN108649,C1171,M533,3580.82,17,15,UPI,Mumbai,POS Terminal
TXN108650,C1463,M550,37989.4,2,18,UPI,Hyderabad,iOS
TXN108651,C1269,M509,1521.39,23,3,UPI,Hyderabad,POS Terminal
TXN108652,C1220,M571,4735.2,19,8,Net Banking,Kolkata,POS Terminal
TXN108653,C1151,M520,2614.45,17,3,Debit Card,Bengaluru,POS Terminal
TXN108654,C1110,M536,3827.27,23,19,Credit Card,Mumbai,iOS
TXN108655,C1182,M506,2326.02,15,22,Debit Card,Pune,Android
TXN108656,C1398,M512,2398.23,19,13,Credit Card,Bengaluru,POS Terminal
TXN108657,C1338,M579,4904.78,20,22,Debit Card,Hyderabad,Web
TXN108658,C1071,M529,1998.31,11,16,UPI,Hyderabad,Web
TXN108659,C1417,M530,2555.89,21,7,Debit Card,Bengaluru,Android
TXN108660,C1385,M504,3134.11,15,26,UPI,Chennai,Web
TXN108661,C1282,M531,2269.13,18,20,Debit Card,Kolkata,iOS
TXN108662,C1073,M515,1572.96,6,5,UPI,Bengaluru,Android
TXN108663,C1354,M572,3183.61,12,26,Debit Card,Mumbai,Android
TXN108664,C1214,M521,1696.88,15,19,UPI,Delhi,iOS
TXN108665,C1496,M563,2412.08,18,30,Credit Card,Hyderabad,iOS
TXN108666,C1327,M543,966.65,10,2,Net Banking,Delhi,Web
TXN108667,C1475,M539,92122.11,2,3,UPI,Hyderabad,Web
TXN108668,C1022,M536,2334.01,6,28,Debit Card,Mumbai,iOS
TXN108669,C1067,M577,737.94,12,3,Credit Card,Ahmedabad,Web
TXN108670,C1397,M515,3844.37,23,29,UPI,Bengaluru,POS Terminal
TXN108671,C1446,M542,3304.78,14,2,Debit Card,Delhi,iOS
TXN108672,C1372,M562,5228.16,7,16,Net Banking,Kolkata,Web
TXN108673,C1361,M514,2591.8,11,17,Net Banking,Ahmedabad,Web
TXN108674,C1092,M543,3693.23,17,27,Debit Card,Kolkata,Android
TXN108675,C1320,M508,811.53,6,16,UPI,Chennai,Android
TXN108676,C1323,M564,2488.61,18,16,Credit Card,Kolkata,POS Terminal
TXN108677,C1383,M543,1139.66,7,19,Debit Card,Ahmedabad,iOS
TXN108678,C1062,M519,2010.05,15,17,Net Banking,Kolkata,POS Terminal
TXN108679,C1223,M569,35109.2,3,24,Debit Card,Bengaluru,iOS
TXN108680,C1224,M573,1369.3,15,5,Debit Card,Delhi,iOS
TXN108681,C1368,M532,1561.36,10,12,Credit Card,Delhi,Web
TXN108682,C1345,M579,893.37,18,22,Credit Card,Hyderabad,Android
TXN108683,C1336,M505,1940.04,12,12,Debit Card,Ahmedabad,Android
TXN108684,C1102,M530,5986.18,14,29,Debit Card,Ahmedabad,iOS
TXN108685,C1214,M565,1677.69,18,26,Credit Card,Delhi,Web
TXN108686,C1191,M517,2760.42,18,7,Credit Card,Pune,iOS
TXN108687,C1159,M527,2738.08,15,7,UPI,Mumbai,Android
TXN108688,C1371,M567,2624.85,16,4,UPI,Pune,POS Terminal
TXN108689,C1206,M564,800.9,18,6,UPI,Kolkata,Android
TXN108690,C1268,M579,775.1,15,16,UPI,Delhi,POS Terminal
TXN108691,C1193,M544,1916.07,11,8,Debit Card,Ahmedabad,Android
TXN108692,C1379,M557,1335.34,8,6,Debit Card,Bengaluru,Android
TXN108693,C1402,M546,2106.76,13,23,UPI,Ahmedabad,iOS
TXN108694,C1151,M565,3081.06,7,30,Debit Card,Bengaluru,POS Terminal
TXN108695,C1236,M551,3669.61,13,29,Credit Card,Ahmedabad,POS Terminal
TXN108696,C1087,M535,3277.28,15,30,Credit Card,Bengaluru,iOS
TXN108697,C1010,M500,3268.77,13,19,UPI,Ahmedabad,iOS
TXN108698,C1186,M538,1390.49,21,30,Debit Card,Mumbai,Web
TXN108699,C1213,M574,5499.43,16,25,Credit Card,Delhi,POS Terminal
TXN108700,C1014,M500,2316.94,16,10,Debit Card,Pune,Android
TXN108701,C1265,M574,4804.81,15,16,Credit Card,Delhi,iOS
TXN108702,C1296,M573,782.31,22,2,Debit Card,Pune,POS Terminal
TXN108703,C1410,M513,1281.6,21,14,Credit Card,Chennai,iOS
TXN108704,C1443,M577,5492.9,6,11,Credit Card,Kolkata,POS Terminal
TXN108705,C1072,M570,1747.01,17,24,Credit Card,Delhi,Android
TXN108706,C1051,M522,16972.55,3,24,UPI,Ahmedabad,iOS
TXN108707,C1127,M542,5682.17,17,28,Debit Card,Pune,Web
TXN108708,C1027,M521,1461.31,19,2,UPI,Pune,Android
TXN108709,C1064,M559,1101.55,16,25,Debit Card,Mumbai,iOS
TXN108710,C1016,M526,4523.87,12,3,Credit Card,Mumbai,Web
TXN108711,C1350,M555,2194.17,10,26,Net Banking,Ahmedabad,iOS
TXN108712,C1427,M501,5171.41,17,22,UPI,Pune,Android
TXN108713,C1137,M538,1525.7,11,11,Credit Card,Mumbai,Android
TXN108714,C1318,M550,2029.19,11,4,UPI,Pune,Android
TXN108715,C1228,M518,651.27,13,14,Net Banking,Delhi,Web
TXN108716,C1253,M561,1072.58,16,5,Debit Card,Hyderabad,POS Terminal
TXN108717,C1476,M570,1658.64,15,3,Debit Card,Chennai,Android
TXN108718,C1209,M575,4739.66,10,28,Net Banking,Bengaluru,Android
TXN108719,C1430,M566,1479.84,23,26,Net Banking,Chennai,POS Terminal
TXN108720,C1293,M562,1564.88,14,8,Debit Card,Pune,Web
TXN108721,C1230,M504,1024.9,10,10,Net Banking,Pune,Web
TXN108722,C1240,M571,3495.24,10,12,Credit Card,Hyderabad,POS Terminal
TXN108723,C1069,M577,843.58,16,26,UPI,Hyderabad,Android
TXN108724,C1103,M560,3598.33,14,8,UPI,Pune,Web
TXN108725,C1203,M570,1427.99,13,23,UPI,Delhi,POS Terminal
TXN108726,C1052,M506,3314.95,15,7,UPI,Delhi,Web
TXN108727,C1461,M549,2544.52,15,2,UPI,Bengaluru,iOS
TXN108728,C1427,M545,3867.5,21,26,UPI,Pune,iOS
TXN108729,C1374,M571,3486.66,10,12,Debit Card,Delhi,POS Terminal
TXN108730,C1329,M575,2617.08,14,22,Debit Card,Mumbai,Android
TXN108731,C1053,M573,542.98,13,20,UPI,Ahmedabad,iOS
TXN108732,C1275,M513,3018.08,16,11,UPI,Kolkata,Android
TXN108733,C1334,M572,3944.65,13,9,Net Banking,Hyderabad,Web
TXN108734,C1030,M568,2412.97,10,5,Net Banking,Delhi,POS Terminal
TXN108735,C1134,M564,3794.81,12,6,Net Banking,Ahmedabad,iOS
TXN108736,C1057,M564,4632.63,6,7,UPI,Pune,POS Terminal
TXN108737,C1104,M556,3144.31,18,14,Net Banking,Delhi,POS Terminal
TXN108738,C1265,M561,3274.03,17,18,UPI,Delhi,POS Terminal
TXN108739,C1009,M519,2142.91,20,15,Debit Card,Bengaluru,POS Terminal
TXN108740,C1495,M574,2342.98,15,1,Credit Card,Kolkata,POS Terminal
TXN108741,C1252,M525,5293.22,14,16,Debit Card,Pune,Web
TXN108742,C1294,M543,1750.05,15,15,UPI,Kolkata,iOS
TXN108743,C1155,M566,85471.53,5,22,UPI,Ahmedabad,POS Terminal
TXN108744,C1157,M569,3395.76,16,9,Debit Card,Hyderabad,iOS
TXN108745,C1036,M561,1975.63,14,7,Debit Card,Mumbai,iOS
TXN108746,C1118,M544,2142.85,12,12,Net Banking,Pune,Web
TXN108747,C1066,M510,2144.73,12,28,Net Banking,Bengaluru,iOS
TXN108748,C1241,M571,3278.45,12,9,Credit Card,Mumbai,iOS
TXN108749,C1298,M573,2146.29,21,12,Net Banking,Pune,iOS
TXN108750,C1462,M533,3483.78,20,11,Net Banking,Mumbai,Web
TXN108751,C1212,M545,2129.96,11,3,Net Banking,Bengaluru,Android
TXN108752,C1307,M531,53919.94,1,13,Credit Card,Delhi,iOS
TXN108753,C1100,M574,5519.29,16,5,Net Banking,Mumbai,iOS
TXN108754,C1055,M504,4792.07,18,22,Net Banking,Ahmedabad,iOS
TXN108755,C1331,M562,1373.65,13,22,Debit Card,Hyderabad,Android
TXN108756,C1323,M528,2522.15,10,21,Debit Card,Kolkata,Android
TXN108757,C1238,M547,2772.74,10,30,Net Banking,Mumbai,Web
TXN108758,C1392,M515,590.08,15,18,Debit Card,Pune,POS Terminal
TXN108759,C1230,M524,811.53,20,11,UPI,Pune,iOS
TXN108760,C1361,M571,3053.56,14,26,Debit Card,Ahmedabad,POS Terminal
TXN108761,C1380,M528,2012.84,14,3,Credit Card,Pune,Android
TXN108762,C1091,M551,2726.12,18,22,Net Banking,Hyderabad,POS Terminal
TXN108763,C1278,M545,1078.56,6,9,UPI,Pune,Web
TXN108764,C1446,M524,2196.32,14,26,Debit Card,Delhi,Android
TXN108765,C1108,M522,1426.73,17,8,UPI,Delhi,iOS
TXN108766,C1316,M533,549.54,19,24,UPI,Bengaluru,POS Terminal
TXN108767,C1167,M566,2366.95,13,8,Net Banking,Pune,Android
TXN108768,C1299,M533,1331.2,22,13,UPI,Ahmedabad,Android
TXN108769,C1469,M531,3497.45,17,11,Credit Card,Pune,POS Terminal
TXN108770,C1407,M528,994.49,9,6,UPI,Pune,POS Terminal
TXN108771,C1434,M508,6086.89,9,13,Net Banking,Pune,POS Terminal
TXN108772,C1441,M565,1547.95,12,28,Credit Card,Delhi,Android
TXN108773,C1217,M556,4653.24,11,11,Credit Card,Mumbai,iOS
TXN108774,C1221,M538,4876.29,16,14,Credit Card,Chennai,Android
TXN108775,C1160,M506,2815.89,16,14,Credit Card,Chennai,iOS
TXN108776,C1015,M568,3248.25,12,19,UPI,Chennai,POS Terminal
TXN108777,C1277,M507,1115.83,14,5,Debit Card,Bengaluru,POS Terminal
TXN108778,C1496,M517,3732.89,14,15,Debit Card,Hyderabad,Web
TXN108779,C1056,M548,2443.25,18,13,Debit Card,Pune,iOS
TXN108780,C1061,M515,2711.27,18,24,Debit Card,Ahmedabad,POS Terminal
TXN108781,C1497,M520,2641.75,15,16,Debit Card,Chennai,iOS
TXN108782,C1362,M509,5160.42,18,29,Net Banking,Pune,iOS
TXN108783,C1465,M503,2003.55,13,19,Debit Card,Kolkata,iOS
TXN108784,C1326,M543,3771.24,18,17,Net Banking,Hyderabad,iOS
TXN108785,C1241,M507,3524.96,17,28,Debit Card,Mumbai,Android
TXN108786,C1089,M554,6475.33,12,30,Debit Card,Pune,Web
TXN108787,C1071,M518,2087.64,15,16,Credit Card,Pune,iOS
TXN108788,C1325,M563,3492.33,20,29,UPI,Bengaluru,iOS
TXN108789,C1029,M539,2474.76,17,14,Credit Card,Ahmedabad,Web
TXN108790,C1358,M550,2951.47,12,17,Debit Card,Hyderabad,POS Terminal
TXN108791,C1406,M508,1321.26,15,7,Net Banking,Mumbai,iOS
TXN108792,C1287,M529,5377.95,16,6,Debit Card,Mumbai,POS Terminal
TXN108793,C1085,M555,3412.79,13,5,Debit Card,Ahmedabad,Android
TXN108794,C1233,M543,1658.91,17,24,UPI,Chennai,Web
TXN108795,C1234,M558,1557.85,14,24,Credit Card,Bengaluru,Android
TXN108796,C1312,M514,1126.46,23,27,UPI,Mumbai,POS Terminal
TXN108797,C1364,M567,2117.26,17,1,Credit Card,Chennai,Web
TXN108798,C1264,M569,28254.53,5,16,Credit Card,Chennai,Android
TXN108799,C1286,M560,2867.06,18,23,Debit Card,Ahmedabad,POS Terminal
TXN108800,C1326,M579,4717.54,14,14,Credit Card,Hyderabad,POS Terminal
TXN108801,C1392,M522,888.05,10,27,Credit Card,Pune,Web
TXN108802,C1268,M576,1174.59,16,2,UPI,Delhi,Web
TXN108803,C1185,M546,2335.49,13,29,Credit Card,Hyderabad,POS Terminal
TXN108804,C1130,M516,1392.17,7,4,UPI,Ahmedabad,POS Terminal
TXN108805,C1290,M556,1503.65,14,1,Credit Card,Chennai,Android
TXN108806,C1480,M553,2633.91,17,2,UPI,Chennai,Android
TXN108807,C1276,M551,1723.02,15,29,Debit Card,Mumbai,POS Terminal
TXN108808,C1319,M521,2583.85,12,26,Credit Card,Chennai,iOS
TXN108809,C1350,M538,2147.09,9,9,UPI,Ahmedabad,Web
TXN108810,C1179,M512,7252.78,19,28,UPI,Delhi,Web
TXN108811,C1289,M577,3895.47,16,1,Debit Card,Pune,Web
TXN108812,C1479,M565,3054.47,19,23,Debit Card,Delhi,POS Terminal
TXN108813,C1376,M551,1201.01,16,20,UPI,Ahmedabad,Android
TXN108814,C1162,M513,1119.18,13,23,UPI,Bengaluru,Android
TXN108815,C1270,M572,5947.59,18,16,UPI,Hyderabad,Web
TXN108816,C1375,M573,1016.87,12,14,Credit Card,Delhi,iOS
TXN108817,C1095,M562,3962.42,18,23,Credit Card,Pune,Web
TXN108818,C1261,M570,3373.58,15,27,UPI,Chennai,Web
TXN108819,C1364,M527,1221.73,10,13,Debit Card,Chennai,Web
TXN108820,C1468,M545,3359.16,17,26,Debit Card,Kolkata,iOS
TXN108821,C1352,M527,4424.99,10,19,Net Banking,Chennai,Web
TXN108822,C1287,M501,4426.44,13,15,Net Banking,Mumbai,Android
TXN108823,C1435,M516,3083.42,12,29,Debit Card,Hyderabad,iOS
TXN108824,C1082,M558,2113.77,17,18,Credit Card,Bengaluru,iOS
TXN108825,C1224,M551,1779.85,10,3,Debit Card,Delhi,Android
TXN108826,C1411,M503,2942.41,8,15,Debit Card,Hyderabad,POS Terminal
TXN108827,C1222,M576,2121.48,10,15,UPI,Pune,iOS
TXN108828,C1468,M502,3023.36,15,5,Debit Card,Kolkata,iOS
TXN108829,C1117,M536,1671.0,6,13,Net Banking,Bengaluru,iOS
TXN108830,C1481,M523,2350.23,11,24,Credit Card,Delhi,POS Terminal
TXN108831,C1191,M571,2195.77,11,27,Net Banking,Pune,Web
TXN108832,C1078,M534,1809.56,19,25,Credit Card,Bengaluru,POS Terminal
TXN108833,C1077,M501,2541.88,13,20,Net Banking,Pune,Android
TXN108834,C1146,M532,905.01,17,16,UPI,Mumbai,Android
TXN108835,C1106,M575,1470.8,12,22,UPI,Delhi,Android
TXN108836,C1381,M576,2080.93,17,20,Credit Card,Pune,iOS
TXN108837,C1270,M509,6715.79,21,15,UPI,Hyderabad,Web
TXN108838,C1389,M561,1837.64,18,30,Credit Card,Kolkata,Web
TXN108839,C1243,M542,4609.97,14,30,Debit Card,Chennai,iOS
TXN108840,C1072,M568,1336.01,15,14,Credit Card,Delhi,Web
TXN108841,C1356,M558,1164.45,10,9,Net Banking,Mumbai,POS Terminal
TXN108842,C1467,M508,1485.67,15,21,Credit Card,Kolkata,Android
TXN108843,C1353,M576,2787.38,14,18,Debit Card,Kolkata,Android
TXN108844,C1421,M559,1981.91,14,17,Debit Card,Pune,iOS
TXN108845,C1025,M562,2478.51,6,5,Debit Card,Chennai,iOS
TXN108846,C1209,M551,6073.51,9,15,UPI,Bengaluru,iOS
TXN108847,C1091,M522,3022.59,13,24,UPI,Hyderabad,iOS
TXN108848,C1124,M529,3728.09,15,11,Net Banking,Mumbai,Android
TXN108849,C1434,M542,5033.52,15,27,UPI,Pune,iOS
TXN108850,C1072,M567,947.36,14,30,Credit Card,Delhi,Android
TXN108851,C1479,M520,1805.46,11,29,Debit Card,Delhi,Web
TXN108852,C1122,M542,2798.08,16,22,UPI,Pune,POS Terminal
TXN108853,C1308,M572,1383.43,17,27,UPI,Hyderabad,Web
TXN108854,C1183,M506,903.45,15,12,Net Banking,Pune,POS Terminal
TXN108855,C1186,M515,1677.18,21,7,UPI,Mumbai,iOS
TXN108856,C1197,M522,962.14,15,25,UPI,Ahmedabad,Android
TXN108857,C1077,M557,2469.94,12,20,Debit Card,Pune,POS Terminal
TXN108858,C1347,M530,4296.95,16,21,Net Banking,Pune,Android
TXN108859,C1185,M568,2611.03,18,9,Debit Card,Hyderabad,Web
TXN108860,C1343,M505,2040.61,15,3,UPI,Hyderabad,iOS
TXN108861,C1252,M564,3019.23,8,17,Credit Card,Pune,iOS
TXN108862,C1012,M558,1597.93,15,24,Debit Card,Ahmedabad,POS Terminal
TXN108863,C1298,M527,1859.44,20,9,Credit Card,Mumbai,Web
TXN108864,C1075,M517,2360.02,18,11,Credit Card,Mumbai,iOS
TXN108865,C1050,M576,5758.55,11,14,Debit Card,Delhi,Web
TXN108866,C1274,M509,1386.83,17,26,Net Banking,Mumbai,Web
TXN108867,C1148,M506,3183.52,19,27,Credit Card,Pune,Android
TXN108868,C1218,M536,536.71,10,28,Debit Card,Pune,Web
TXN108869,C1121,M544,4606.2,18,30,UPI,Mumbai,Web
TXN108870,C1210,M515,4444.05,19,10,Debit Card,Delhi,Web
TXN108871,C1279,M513,4586.83,18,4,UPI,Hyderabad,Web
TXN108872,C1025,M510,2731.76,14,16,Net Banking,Chennai,iOS
TXN108873,C1172,M533,2534.02,14,16,Credit Card,Kolkata,Android
TXN108874,C1155,M559,4581.44,11,29,Net Banking,Mumbai,POS Terminal
TXN108875,C1237,M512,882.29,15,12,Net Banking,Pune,Android
TXN108876,C1375,M538,1114.88,21,6,Credit Card,Delhi,iOS
TXN108877,C1081,M543,2364.38,10,7,UPI,Hyderabad,iOS
TXN108878,C1491,M527,7124.62,18,23,Debit Card,Mumbai,POS Terminal
TXN108879,C1355,M539,2013.68,17,8,UPI,Mumbai,iOS
TXN108880,C1489,M515,3120.76,14,6,Credit Card,Delhi,iOS
TXN108881,C1412,M549,4479.3,20,7,UPI,Mumbai,Android
TXN108882,C1272,M527,1537.18,16,30,UPI,Pune,Android
TXN108883,C1067,M567,864.44,10,9,UPI,Ahmedabad,Android
TXN108884,C1043,M559,5044.0,14,16,Credit Card,Chennai,POS Terminal
TXN108885,C1492,M511,1180.09,9,22,Net Banking,Chennai,Android
TXN108886,C1060,M515,2951.8,15,30,Debit Card,Ahmedabad,POS Terminal
TXN108887,C1122,M552,4087.7,20,13,Net Banking,Pune,iOS
TXN108888,C1348,M553,1687.25,12,15,Debit Card,Mumbai,POS Terminal
TXN108889,C1195,M548,4532.32,15,18,Credit Card,Kolkata,POS Terminal
TXN108890,C1329,M535,2182.43,13,4,Credit Card,Ahmedabad,Web
TXN108891,C1408,M561,4503.94,10,5,UPI,Ahmedabad,Web
TXN108892,C1478,M525,2964.46,17,8,Debit Card,Delhi,iOS
TXN108893,C1322,M555,518.54,16,4,Net Banking,Ahmedabad,iOS
TXN108894,C1110,M521,2879.79,14,17,Debit Card,Mumbai,Android
TXN108895,C1257,M572,1804.1,18,17,Debit Card,Delhi,POS Terminal
TXN108896,C1088,M568,2037.31,22,2,Credit Card,Hyderabad,Web
TXN108897,C1432,M548,4172.12,15,24,Debit Card,Bengaluru,Android
TXN108898,C1197,M501,1428.4,19,16,UPI,Pune,Web
TXN108899,C1281,M552,273.78,16,19,Net Banking,Mumbai,Android
TXN108900,C1199,M506,1006.21,12,22,Debit Card,Delhi,Web
TXN108901,C1098,M576,2641.15,15,7,Debit Card,Bengaluru,Android
TXN108902,C1026,M519,2477.2,9,11,UPI,Hyderabad,POS Terminal
TXN108903,C1088,M529,2490.42,12,1,Net Banking,Hyderabad,Android
TXN108904,C1145,M574,2608.45,16,21,Net Banking,Hyderabad,iOS
TXN108905,C1181,M566,2762.24,20,18,UPI,Ahmedabad,Android
TXN108906,C1256,M558,2265.2,17,7,Credit Card,Bengaluru,Web
TXN108907,C1188,M565,2070.11,14,28,Net Banking,Bengaluru,POS Terminal
TXN108908,C1239,M502,2220.82,9,28,Credit Card,Chennai,Android
TXN108909,C1358,M555,2850.49,12,13,UPI,Ahmedabad,Android
TXN108910,C1386,M578,3330.24,12,3,Debit Card,Mumbai,iOS
TXN108911,C1195,M516,3747.07,12,9,Debit Card,Kolkata,Web
TXN108912,C1296,M551,854.47,19,17,UPI,Pune,iOS
TXN108913,C1164,M506,2603.85,18,2,Net Banking,Mumbai,Android
TXN108914,C1306,M504,598.43,19,15,Credit Card,Bengaluru,POS Terminal
TXN108915,C1270,M553,5054.06,14,9,UPI,Hyderabad,Web
TXN108916,C1007,M560,5698.23,18,7,Debit Card,Pune,Android
TXN108917,C1037,M515,1690.9,15,19,Debit Card,Hyderabad,Android
TXN108918,C1113,M566,4990.34,13,11,Net Banking,Delhi,Web
TXN108919,C1338,M558,3932.55,11,24,Net Banking,Hyderabad,iOS
TXN108920,C1055,M546,3988.64,14,21,Credit Card,Delhi,POS Terminal
TXN108921,C1430,M547,1142.68,11,18,Credit Card,Ahmedabad,iOS
TXN108922,C1473,M563,848.95,14,26,Credit Card,Bengaluru,iOS
TXN108923,C1358,M549,3728.89,10,17,UPI,Hyderabad,POS Terminal
TXN108924,C1137,M540,1391.02,17,22,Credit Card,Mumbai,Android
TXN108925,C1101,M571,3112.36,15,4,UPI,Delhi,Web
TXN108926,C1333,M521,479.42,15,2,UPI,Ahmedabad,Web
TXN108927,C1176,M553,2751.21,10,17,Net Banking,Chennai,iOS
TXN108928,C1168,M504,2755.2,15,23,UPI,Mumbai,iOS
TXN108929,C1338,M516,5703.98,12,20,Net Banking,Hyderabad,Android
TXN108930,C1285,M577,3722.98,8,1,Credit Card,Mumbai,POS Terminal
TXN108931,C1260,M540,701.86,6,13,UPI,Kolkata,POS Terminal
TXN108932,C1374,M534,3007.2,19,10,Credit Card,Kolkata,Web
TXN108933,C1222,M539,2237.87,9,17,UPI,Pune,POS Terminal
TXN108934,C1198,M521,859.48,16,23,UPI,Delhi,iOS
TXN108935,C1210,M547,7053.0,14,21,Net Banking,Delhi,Android
TXN108936,C1286,M552,2917.83,12,17,Credit Card,Ahmedabad,Android
TXN108937,C1179,M509,7277.88,15,11,UPI,Chennai,iOS
TXN108938,C1249,M517,2042.2,9,9,Debit Card,Kolkata,Web
TXN108939,C1230,M579,1057.51,9,3,UPI,Pune,iOS
TXN108940,C1471,M548,5800.49,16,10,Credit Card,Chennai,Android
TXN108941,C1481,M570,2511.85,9,17,Net Banking,Delhi,Android
TXN108942,C1022,M529,2015.05,16,16,Debit Card,Mumbai,Android
TXN108943,C1047,M518,2177.87,7,16,Credit Card,Hyderabad,POS Terminal
TXN108944,C1108,M554,1831.73,20,15,UPI,Delhi,iOS
TXN108945,C1295,M559,1210.02,8,13,Net Banking,Mumbai,Web
TXN108946,C1005,M571,711.65,16,2,Net Banking,Pune,iOS
TXN108947,C1037,M520,1367.21,18,26,Credit Card,Chennai,iOS
TXN108948,C1168,M525,2169.9,17,6,UPI,Mumbai,iOS
TXN108949,C1355,M527,2182.84,13,3,Debit Card,Mumbai,POS Terminal
TXN108950,C1282,M538,1836.66,14,26,Credit Card,Kolkata,iOS
TXN108951,C1202,M532,6155.78,13,24,Debit Card,Kolkata,Android
TXN108952,C1324,M539,1456.43,14,1,Net Banking,Mumbai,Web
TXN108953,C1312,M528,944.81,6,17,Net Banking,Mumbai,POS Terminal
TXN108954,C1272,M519,1612.15,12,24,Net Banking,Pune,POS Terminal
TXN108955,C1243,M519,2839.54,14,27,Debit Card,Kolkata,POS Terminal
TXN108956,C1326,M573,4329.98,12,1,UPI,Hyderabad,POS Terminal
TXN108957,C1474,M511,67472.4,3,30,Credit Card,Ahmedabad,Android
TXN108958,C1046,M524,465.43,17,11,Credit Card,Delhi,Android
TXN108959,C1248,M524,3026.49,22,4,Credit Card,Chennai,Web
TXN108960,C1078,M503,36172.68,3,11,Debit Card,Pune,iOS
TXN108961,C1109,M503,2320.24,15,13,UPI,Delhi,POS Terminal
TXN108962,C1012,M508,1520.57,19,29,Net Banking,Ahmedabad,iOS
TXN108963,C1394,M514,2134.28,11,22,Net Banking,Kolkata,iOS
TXN108964,C1379,M525,1503.26,13,17,Debit Card,Chennai,Web
TXN108965,C1364,M578,45542.99,1,20,Credit Card,Delhi,POS Terminal
TXN108966,C1089,M570,3534.84,6,29,UPI,Pune,iOS
TXN108967,C1341,M531,1223.06,13,21,UPI,Ahmedabad,Web
TXN108968,C1347,M575,72823.02,4,13,UPI,Delhi,iOS
TXN108969,C1279,M551,2810.22,22,17,UPI,Hyderabad,Web
TXN108970,C1220,M531,4060.97,15,2,UPI,Kolkata,Android
TXN108971,C1072,M508,1534.3,20,2,Credit Card,Delhi,Web
TXN108972,C1233,M577,2496.82,12,22,Net Banking,Chennai,Web
TXN108973,C1259,M512,3198.33,20,18,Credit Card,Bengaluru,Android
TXN108974,C1112,M555,4049.77,22,6,Net Banking,Hyderabad,POS Terminal
TXN108975,C1045,M543,46661.31,5,25,Credit Card,Chennai,Web
TXN108976,C1273,M529,2678.72,12,2,Net Banking,Kolkata,Web
TXN108977,C1042,M515,1569.6,16,23,Credit Card,Delhi,iOS
TXN108978,C1207,M511,1695.24,23,30,Debit Card,Pune,Web
TXN108979,C1416,M573,573.64,7,11,UPI,Chennai,Web
TXN108980,C1348,M565,1340.67,16,17,UPI,Mumbai,iOS
TXN108981,C1102,M517,6807.34,17,9,Credit Card,Ahmedabad,POS Terminal
TXN108982,C1123,M512,3387.22,22,20,Credit Card,Pune,Android
TXN108983,C1009,M523,2958.19,19,5,UPI,Bengaluru,Android
TXN108984,C1328,M511,1134.81,10,20,Debit Card,Ahmedabad,Web
TXN108985,C1186,M559,1555.88,23,15,Net Banking,Mumbai,POS Terminal
TXN108986,C1030,M559,3111.71,15,26,Net Banking,Delhi,Android
TXN108987,C1155,M500,4398.52,12,25,Debit Card,Mumbai,iOS
TXN108988,C1059,M542,2344.95,18,30,UPI,Ahmedabad,Web
TXN108989,C1248,M554,4316.27,9,17,Credit Card,Chennai,Web
TXN108990,C1386,M539,3680.33,17,10,Net Banking,Ahmedabad,POS Terminal
TXN108991,C1373,M563,1627.85,17,6,Net Banking,Mumbai,Web
TXN108992,C1438,M533,1047.82,19,13,Net Banking,Mumbai,POS Terminal
TXN108993,C1269,M533,2271.99,9,28,UPI,Hyderabad,Android
TXN108994,C1441,M547,1697.92,21,21,Credit Card,Mumbai,Android
TXN108995,C1216,M532,2855.4,11,16,UPI,Hyderabad,POS Terminal
TXN108996,C1398,M567,1942.83,15,24,UPI,Bengaluru,Android
TXN108997,C1001,M529,3994.19,14,2,Net Banking,Pune,Android
TXN108998,C1023,M578,4417.93,20,28,Credit Card,Chennai,Android
TXN108999,C1205,M570,4932.08,20,20,UPI,Bengaluru,POS Terminal
TXN109000,C1319,M570,3353.42,19,5,UPI,Pune,iOS
TXN109001,C1495,M528,2854.4,17,24,Debit Card,Kolkata,iOS
TXN109002,C1198,M522,935.55,8,29,Debit Card,Kolkata,Android
TXN109003,C1355,M533,2254.67,20,17,Credit Card,Mumbai,iOS
TXN109004,C1113,M514,5858.35,8,7,Net Banking,Delhi,Android
TXN109005,C1279,M552,4251.79,9,24,UPI,Hyderabad,Web
TXN109006,C1154,M516,103575.61,1,17,Debit Card,Chennai,iOS
TXN109007,C1164,M563,2618.08,14,5,Credit Card,Mumbai,Web
TXN109008,C1485,M560,2721.28,14,6,Net Banking,Kolkata,Android
TXN109009,C1221,M556,5411.74,10,10,Debit Card,Chennai,iOS
TXN109010,C1090,M576,4824.96,15,5,Net Banking,Pune,iOS
TXN109011,C1166,M536,609.71,13,14,Net Banking,Hyderabad,Web
TXN109012,C1446,M506,72376.52,3,25,Debit Card,Mumbai,Android
TXN109013,C1206,M507,674.64,13,20,UPI,Kolkata,iOS
TXN109014,C1281,M577,514.23,16,14,Debit Card,Mumbai,POS Terminal
TXN109015,C1064,M567,1248.09,17,2,Debit Card,Mumbai,Android
TXN109016,C1375,M520,1178.46,19,9,UPI,Bengaluru,POS Terminal
TXN109017,C1003,M560,1127.85,12,18,Credit Card,Ahmedabad,iOS
TXN109018,C1156,M573,2338.55,16,18,UPI,Chennai,iOS
TXN109019,C1248,M579,3581.36,17,28,UPI,Bengaluru,POS Terminal
TXN109020,C1256,M574,1537.92,14,22,Net Banking,Bengaluru,iOS
TXN109021,C1234,M528,1240.62,14,9,Credit Card,Bengaluru,iOS
TXN109022,C1305,M524,2710.94,16,5,Net Banking,Hyderabad,Android
TXN109023,C1365,M557,1288.74,17,26,Net Banking,Bengaluru,Android
TXN109024,C1469,M513,4274.54,11,18,Debit Card,Pune,Android
TXN109025,C1394,M577,1884.63,12,12,UPI,Kolkata,Web
TXN109026,C1073,M565,2067.22,9,6,UPI,Bengaluru,Android
TXN109027,C1186,M553,1679.37,16,17,Net Banking,Ahmedabad,iOS
TXN109028,C1061,M576,57517.21,4,14,UPI,Delhi,iOS
TXN109029,C1336,M566,1287.82,19,10,Credit Card,Ahmedabad,Web
TXN109030,C1163,M529,3562.89,13,26,UPI,Bengaluru,iOS
TXN109031,C1055,M517,3526.63,18,19,Net Banking,Ahmedabad,Web
TXN109032,C1110,M553,2178.65,14,3,UPI,Mumbai,Android
TXN109033,C1217,M520,6319.91,18,10,Net Banking,Mumbai,POS Terminal
TXN109034,C1239,M552,2815.91,13,14,Credit Card,Chennai,POS Terminal
TXN109035,C1020,M515,2216.03,12,15,Debit Card,Pune,POS Terminal
TXN109036,C1140,M527,8564.88,19,16,Net Banking,Ahmedabad,POS Terminal
TXN109037,C1264,M503,1739.08,15,6,Net Banking,Pune,POS Terminal
TXN109038,C1138,M554,3377.54,17,14,UPI,Kolkata,Web
TXN109039,C1458,M514,1705.05,16,4,Debit Card,Pune,iOS
TXN109040,C1069,M563,792.74,19,13,Credit Card,Hyderabad,Web
TXN109041,C1384,M564,2166.68,17,27,Debit Card,Mumbai,iOS
TXN109042,C1117,M515,30582.37,5,27,Net Banking,Pune,Android
TXN109043,C1197,M519,1469.44,12,8,Credit Card,Pune,Web
TXN109044,C1204,M563,2475.85,20,23,Credit Card,Pune,Android
TXN109045,C1213,M532,4839.61,12,9,Debit Card,Mumbai,iOS
TXN109046,C1055,M568,6716.45,17,21,Net Banking,Ahmedabad,iOS
TXN109047,C1286,M568,2084.22,13,11,Debit Card,Ahmedabad,iOS
TXN109048,C1469,M557,3382.67,15,5,UPI,Pune,iOS
TXN109049,C1292,M538,4320.49,12,5,Net Banking,Hyderabad,POS Terminal
TXN109050,C1174,M576,3018.82,14,25,Credit Card,Chennai,iOS
TXN109051,C1346,M535,1551.08,16,18,Debit Card,Hyderabad,iOS
TXN109052,C1369,M567,291.87,20,16,UPI,Bengaluru,Android
TXN109053,C1499,M520,3519.64,16,23,Credit Card,Delhi,Android
TXN109054,C1461,M562,2499.07,9,26,UPI,Bengaluru,POS Terminal
TXN109055,C1127,M505,4334.53,13,19,Net Banking,Pune,POS Terminal
TXN109056,C1430,M523,26939.01,2,24,UPI,Ahmedabad,POS Terminal
TXN109057,C1377,M552,3002.1,16,9,Credit Card,Chennai,POS Terminal
TXN109058,C1324,M575,1580.91,13,11,UPI,Mumbai,POS Terminal
TXN109059,C1441,M577,1660.24,12,11,Debit Card,Delhi,Android
TXN109060,C1291,M549,3808.8,18,14,Net Banking,Delhi,Android
TXN109061,C1287,M511,3864.15,21,10,UPI,Mumbai,Web
TXN109062,C1225,M555,1812.46,14,9,UPI,Mumbai,POS Terminal
TXN109063,C1063,M514,1970.06,15,5,Credit Card,Delhi,iOS
TXN109064,C1454,M539,2212.18,16,26,Debit Card,Hyderabad,POS Terminal
TXN109065,C1425,M540,2950.14,15,27,Debit Card,Bengaluru,Web
TXN109066,C1047,M568,2486.4,16,11,Debit Card,Hyderabad,Web
TXN109067,C1201,M568,70037.86,4,28,Debit Card,Hyderabad,iOS
TXN109068,C1497,M505,3849.35,14,9,UPI,Chennai,Android
TXN109069,C1336,M566,2165.23,18,13,Debit Card,Ahmedabad,Web
TXN109070,C1413,M532,1130.12,15,29,Net Banking,Pune,iOS
TXN109071,C1404,M542,2249.97,12,19,Debit Card,Bengaluru,iOS
TXN109072,C1059,M520,2650.46,17,8,Credit Card,Ahmedabad,Web
TXN109073,C1396,M564,3320.63,14,23,Debit Card,Chennai,Web
TXN109074,C1256,M516,2400.38,16,4,Credit Card,Bengaluru,Android
TXN109075,C1064,M507,1303.05,12,12,Net Banking,Ahmedabad,iOS
TXN109076,C1238,M563,3371.82,21,25,Debit Card,Mumbai,iOS
TXN109077,C1288,M527,3682.19,14,7,Net Banking,Kolkata,Android
TXN109078,C1037,M512,1195.44,15,24,UPI,Chennai,Web
TXN109079,C1024,M512,3953.92,13,27,Debit Card,Chennai,iOS
TXN109080,C1409,M537,2240.66,12,8,Net Banking,Kolkata,Android
TXN109081,C1460,M524,1979.32,15,19,Net Banking,Chennai,iOS
TXN109082,C1058,M561,3485.93,14,23,Credit Card,Hyderabad,iOS
TXN109083,C1475,M522,3220.21,22,8,Net Banking,Kolkata,Web
TXN109084,C1416,M520,20140.3,5,19,Net Banking,Pune,iOS
TXN109085,C1356,M553,703.5,19,25,Debit Card,Mumbai,Web
TXN109086,C1382,M562,4189.04,16,29,UPI,Kolkata,iOS
TXN109087,C1296,M529,977.55,9,26,Net Banking,Pune,iOS
TXN109088,C1157,M574,5019.62,16,4,Net Banking,Pune,iOS
TXN109089,C1056,M567,3529.38,18,29,Credit Card,Pune,Android
TXN109090,C1432,M575,4161.51,11,10,UPI,Bengaluru,Web
TXN109091,C1047,M572,1747.13,8,15,Net Banking,Hyderabad,Android
TXN109092,C1327,M531,1188.31,14,23,Debit Card,Delhi,POS Terminal
TXN109093,C1432,M574,3248.11,14,8,Debit Card,Bengaluru,iOS
TXN109094,C1430,M523,1172.03,11,15,Credit Card,Hyderabad,POS Terminal
TXN109095,C1055,M506,5414.87,23,16,UPI,Ahmedabad,Web
TXN109096,C1064,M571,1858.75,11,24,UPI,Mumbai,Android
TXN109097,C1267,M500,3153.71,16,21,Net Banking,Chennai,Android
TXN109098,C1068,M502,1839.59,14,7,Credit Card,Bengaluru,Web
TXN109099,C1215,M527,3967.3,15,8,Debit Card,Delhi,Web
TXN109100,C1389,M542,1755.6,13,29,Net Banking,Kolkata,Android
TXN109101,C1088,M545,2451.55,16,13,Debit Card,Hyderabad,POS Terminal
TXN109102,C1448,M500,2528.41,19,13,UPI,Delhi,Web
TXN109103,C1280,M537,3912.01,16,27,Credit Card,Chennai,iOS
TXN109104,C1256,M534,2502.9,16,29,UPI,Bengaluru,POS Terminal
TXN109105,C1159,M573,2034.8,17,2,Debit Card,Mumbai,Android
TXN109106,C1489,M575,2545.49,14,26,Debit Card,Delhi,Web
TXN109107,C1233,M573,3175.25,16,20,UPI,Chennai,Web
TXN109108,C1130,M553,798.4,18,15,Debit Card,Ahmedabad,POS Terminal
TXN109109,C1048,M523,2216.29,17,6,Net Banking,Kolkata,Web
TXN109110,C1146,M527,1272.81,13,25,Net Banking,Mumbai,iOS
TXN109111,C1315,M521,2081.6,12,18,Debit Card,Kolkata,Android
TXN109112,C1490,M515,3532.61,19,7,Net Banking,Hyderabad,POS Terminal
TXN109113,C1412,M512,138100.57,3,2,Net Banking,Pune,POS Terminal
TXN109114,C1433,M561,4848.3,14,26,Net Banking,Pune,iOS
TXN109115,C1001,M542,3926.09,10,2,Net Banking,Pune,Web
TXN109116,C1328,M577,885.74,18,1,Credit Card,Ahmedabad,POS Terminal
TXN109117,C1439,M531,1505.44,20,25,Credit Card,Ahmedabad,Android
TXN109118,C1144,M566,2586.7,15,22,Credit Card,Pune,Web
TXN109119,C1443,M556,5625.49,14,29,Debit Card,Kolkata,POS Terminal
TXN109120,C1365,M564,1597.83,21,14,Net Banking,Bengaluru,POS Terminal
TXN109121,C1419,M568,3257.86,14,2,Credit Card,Kolkata,Android
TXN109122,C1060,M548,1872.9,14,10,UPI,Ahmedabad,POS Terminal
TXN109123,C1272,M532,1463.34,15,4,Net Banking,Pune,Web
TXN109124,C1048,M518,1771.05,13,4,Debit Card,Kolkata,iOS
TXN109125,C1331,M535,1410.39,14,28,Net Banking,Chennai,POS Terminal
TXN109126,C1443,M569,3795.93,13,23,UPI,Kolkata,iOS
TXN109127,C1403,M514,1788.49,16,7,Debit Card,Mumbai,Android
TXN109128,C1433,M523,2696.53,13,20,UPI,Pune,iOS
TXN109129,C1130,M526,1116.47,15,5,Credit Card,Ahmedabad,POS Terminal
TXN109130,C1042,M548,5246.17,16,27,Net Banking,Delhi,Android
TXN109131,C1056,M574,2965.65,13,12,Debit Card,Pune,Web
TXN109132,C1049,M522,2091.86,13,12,Debit Card,Delhi,iOS
TXN109133,C1451,M532,1020.63,11,25,UPI,Bengaluru,POS Terminal
TXN109134,C1464,M540,4145.16,13,6,Debit Card,Ahmedabad,Web
TXN109135,C1177,M555,70722.91,5,18,UPI,Ahmedabad,iOS
TXN109136,C1292,M528,39796.11,2,29,Credit Card,Bengaluru,Web
TXN109137,C1045,M530,1572.01,16,2,UPI,Hyderabad,POS Terminal
TXN109138,C1169,M564,2099.31,13,19,UPI,Bengaluru,POS Terminal
TXN109139,C1270,M517,7366.93,12,29,Debit Card,Hyderabad,iOS
TXN109140,C1416,M505,479.07,10,27,Credit Card,Chennai,iOS
TXN109141,C1335,M551,2063.4,16,16,Credit Card,Pune,POS Terminal
TXN109142,C1138,M539,3293.5,10,23,Credit Card,Kolkata,Web
TXN109143,C1246,M564,28451.04,2,2,Credit Card,Pune,iOS
TXN109144,C1147,M541,705.86,17,17,Debit Card,Kolkata,POS Terminal
TXN109145,C1229,M567,3061.69,17,20,Debit Card,Delhi,Android
TXN109146,C1279,M531,3447.92,11,26,Debit Card,Chennai,Web
TXN109147,C1124,M509,4323.03,13,7,Credit Card,Mumbai,Android
TXN109148,C1191,M568,35470.19,2,21,UPI,Bengaluru,Android
TXN109149,C1373,M508,1978.12,22,7,Credit Card,Mumbai,Web
TXN109150,C1079,M568,4915.37,11,23,Credit Card,Mumbai,Android
TXN109151,C1093,M560,1540.44,21,12,Credit Card,Chennai,Android
TXN109152,C1225,M510,1702.98,10,23,UPI,Mumbai,Android
TXN109153,C1064,M567,1569.43,18,29,Net Banking,Mumbai,POS Terminal
TXN109154,C1087,M573,2920.7,16,11,UPI,Ahmedabad,Android
TXN109155,C1087,M507,2285.39,15,29,Net Banking,Bengaluru,Android
TXN109156,C1200,M548,2682.5,20,17,Debit Card,Kolkata,Web
TXN109157,C1213,M523,6382.67,10,11,Net Banking,Mumbai,Web
TXN109158,C1203,M532,1681.22,6,8,Credit Card,Delhi,Android
TXN109159,C1400,M518,1271.27,9,6,Credit Card,Pune,Android
TXN109160,C1381,M501,1568.43,9,6,Net Banking,Pune,Android
TXN109161,C1088,M554,2340.06,15,15,Credit Card,Pune,POS Terminal
TXN109162,C1475,M510,4619.68,10,26,Net Banking,Kolkata,Android
TXN109163,C1060,M516,2621.72,16,20,Credit Card,Ahmedabad,Web
TXN109164,C1270,M541,6892.76,13,12,Debit Card,Hyderabad,Web
TXN109165,C1093,M560,1473.96,17,9,UPI,Chennai,Android
TXN109166,C1306,M502,687.21,18,13,Debit Card,Bengaluru,Android
TXN109167,C1026,M534,2491.33,12,15,Debit Card,Hyderabad,Web
TXN109168,C1213,M565,6508.96,17,15,Net Banking,Mumbai,Android
TXN109169,C1073,M500,1940.09,12,26,Debit Card,Bengaluru,Android
TXN109170,C1060,M506,2189.93,19,30,UPI,Ahmedabad,POS Terminal
TXN109171,C1185,M519,31375.77,1,29,Net Banking,Kolkata,Android
TXN109172,C1030,M542,3575.96,18,30,Debit Card,Delhi,POS Terminal
TXN109173,C1218,M505,967.78,15,13,Credit Card,Pune,iOS
TXN109174,C1011,M554,3727.53,15,9,Debit Card,Delhi,POS Terminal
TXN109175,C1301,M520,556.23,14,30,Net Banking,Pune,Android
TXN109176,C1414,M550,2308.71,22,11,Credit Card,Kolkata,Android
TXN109177,C1031,M545,1206.53,10,22,Debit Card,Mumbai,Web
TXN109178,C1159,M534,2138.09,20,11,Debit Card,Mumbai,Android
TXN109179,C1488,M507,5761.24,20,9,Credit Card,Kolkata,Android
TXN109180,C1236,M567,3913.35,17,17,Credit Card,Ahmedabad,Android
TXN109181,C1226,M515,5707.03,15,23,Credit Card,Delhi,POS Terminal
TXN109182,C1180,M566,2028.59,16,25,Credit Card,Kolkata,POS Terminal
TXN109183,C1316,M570,607.43,19,21,Credit Card,Kolkata,iOS
TXN109184,C1045,M563,1664.34,12,6,UPI,Hyderabad,POS Terminal
TXN109185,C1340,M501,2620.59,10,22,UPI,Delhi,Web
TXN109186,C1457,M500,2371.43,11,5,UPI,Hyderabad,POS Terminal
TXN109187,C1079,M557,2528.96,18,26,Debit Card,Bengaluru,Android
TXN109188,C1134,M500,2116.66,20,25,UPI,Ahmedabad,POS Terminal
TXN109189,C1259,M506,2868.63,18,21,Credit Card,Bengaluru,Android
TXN109190,C1474,M568,3889.55,11,3,UPI,Bengaluru,Web
TXN109191,C1307,M517,6273.61,12,6,UPI,Bengaluru,iOS
TXN109192,C1246,M531,2547.47,14,22,Debit Card,Hyderabad,iOS
TXN109193,C1472,M544,3398.56,13,17,Credit Card,Delhi,iOS
TXN109194,C1158,M532,5228.68,21,11,Debit Card,Ahmedabad,iOS
TXN109195,C1202,M573,4555.94,13,4,Net Banking,Kolkata,Android
TXN109196,C1111,M572,1073.58,17,26,UPI,Kolkata,Android
TXN109197,C1467,M548,1657.86,12,12,Net Banking,Kolkata,POS Terminal
TXN109198,C1291,M532,2972.4,15,10,UPI,Delhi,Android
TXN109199,C1437,M570,1835.49,23,17,Net Banking,Mumbai,iOS
TXN109200,C1309,M567,2912.97,15,6,Debit Card,Mumbai,Android
TXN109201,C1118,M527,35639.27,4,18,Net Banking,Delhi,Web
TXN109202,C1382,M552,2988.53,17,21,Debit Card,Kolkata,Web
TXN109203,C1016,M543,3423.43,16,19,Net Banking,Mumbai,Web
TXN109204,C1492,M579,1582.55,21,22,Credit Card,Chennai,iOS
TXN109205,C1330,M554,1803.95,20,29,UPI,Ahmedabad,POS Terminal
TXN109206,C1413,M509,3461.87,6,25,Credit Card,Pune,Android
TXN109207,C1226,M513,5899.75,10,15,UPI,Delhi,POS Terminal
TXN109208,C1360,M535,1150.06,11,12,Net Banking,Hyderabad,Android
TXN109209,C1485,M533,2640.51,12,19,UPI,Kolkata,iOS
TXN109210,C1405,M517,2698.88,13,25,Debit Card,Kolkata,Web
TXN109211,C1116,M515,1468.79,9,5,Net Banking,Pune,iOS
TXN109212,C1042,M536,5112.3,8,29,UPI,Delhi,Web
TXN109213,C1367,M540,64142.67,3,18,UPI,Ahmedabad,POS Terminal
TXN109214,C1114,M524,3830.3,13,26,Credit Card,Pune,POS Terminal
TXN109215,C1282,M507,3444.35,18,12,Net Banking,Kolkata,iOS
TXN109216,C1036,M517,2259.48,22,26,UPI,Mumbai,iOS
TXN109217,C1301,M567,652.42,18,26,UPI,Pune,Android
TXN109218,C1112,M547,3038.09,17,15,Net Banking,Hyderabad,POS Terminal
TXN109219,C1034,M569,1630.06,23,10,UPI,Kolkata,Web
TXN109220,C1131,M566,56319.32,4,28,UPI,Hyderabad,POS Terminal
TXN109221,C1335,M517,1918.76,16,25,Debit Card,Pune,Android
TXN109222,C1335,M517,1748.11,15,30,UPI,Delhi,iOS
TXN109223,C1468,M555,3661.87,15,19,UPI,Kolkata,Web
TXN109224,C1409,M522,2390.16,14,9,Debit Card,Kolkata,Android
TXN109225,C1376,M534,1232.03,8,6,Net Banking,Ahmedabad,iOS
TXN109226,C1227,M505,3552.8,17,14,UPI,Bengaluru,Web
TXN109227,C1146,M525,1335.81,15,1,Debit Card,Mumbai,Android
TXN109228,C1121,M560,3212.21,10,1,Credit Card,Mumbai,iOS
TXN109229,C1080,M514,1777.21,13,29,Net Banking,Pune,POS Terminal
TXN109230,C1172,M531,2001.07,15,11,UPI,Kolkata,iOS
TXN109231,C1153,M511,1176.7,9,3,Debit Card,Chennai,iOS
TXN109232,C1149,M504,3199.54,12,21,Credit Card,Kolkata,Android
TXN109233,C1374,M563,3513.41,11,22,Net Banking,Pune,Android
TXN109234,C1057,M570,5225.36,13,5,UPI,Delhi,Android
TXN109235,C1062,M526,2767.57,20,8,Net Banking,Kolkata,iOS
TXN109236,C1155,M578,4397.72,20,22,Credit Card,Mumbai,iOS
TXN109237,C1448,M544,2441.58,14,18,UPI,Delhi,POS Terminal
TXN109238,C1427,M534,4443.28,18,5,Net Banking,Pune,Android
TXN109239,C1355,M525,2246.97,16,12,Debit Card,Mumbai,POS Terminal
TXN109240,C1426,M522,33631.68,2,23,Net Banking,Pune,Web
TXN109241,C1420,M512,3006.32,16,29,Debit Card,Pune,POS Terminal
TXN109242,C1321,M502,830.1,23,18,Debit Card,Bengaluru,Android
TXN109243,C1400,M528,1187.48,9,21,Debit Card,Pune,Web
TXN109244,C1167,M565,2528.32,17,12,Net Banking,Pune,iOS
TXN109245,C1165,M563,1180.55,11,21,Debit Card,Hyderabad,iOS
TXN109246,C1084,M527,3577.41,14,8,UPI,Mumbai,Web
TXN109247,C1444,M535,2820.25,18,30,Debit Card,Ahmedabad,Android
TXN109248,C1136,M505,1626.24,15,9,UPI,Delhi,POS Terminal
TXN109249,C1460,M510,1720.82,19,15,UPI,Chennai,iOS
TXN109250,C1458,M537,1227.69,16,3,UPI,Pune,Web
TXN109251,C1188,M533,2166.82,21,15,UPI,Bengaluru,POS Terminal
TXN109252,C1463,M566,1649.67,9,28,Net Banking,Mumbai,POS Terminal
TXN109253,C1399,M545,2093.1,16,4,UPI,Mumbai,iOS
TXN109254,C1378,M528,1154.44,15,28,UPI,Delhi,Android
TXN109255,C1001,M559,3099.69,14,30,Debit Card,Pune,Android
TXN109256,C1105,M553,30573.15,1,16,Debit Card,Pune,Web
TXN109257,C1363,M568,3655.87,13,25,Debit Card,Pune,Web
TXN109258,C1071,M573,1700.59,11,25,UPI,Hyderabad,Android
TXN109259,C1426,M573,1647.18,14,19,UPI,Mumbai,Web
TXN109260,C1125,M508,5307.46,15,18,UPI,Hyderabad,Android
TXN109261,C1169,M576,2609.01,15,27,UPI,Bengaluru,iOS
TXN109262,C1204,M509,2322.06,14,16,Credit Card,Pune,POS Terminal
TXN109263,C1312,M574,930.06,16,12,Credit Card,Mumbai,Web
TXN109264,C1336,M567,2591.0,15,12,Debit Card,Ahmedabad,iOS
TXN109265,C1486,M557,3892.93,14,23,Net Banking,Bengaluru,Android
TXN109266,C1471,M551,6782.92,9,4,Debit Card,Chennai,Web
TXN109267,C1194,M533,2613.23,13,15,UPI,Mumbai,iOS
TXN109268,C1157,M534,3836.68,17,19,UPI,Hyderabad,Web
TXN109269,C1499,M532,2383.32,13,18,Debit Card,Delhi,iOS
TXN109270,C1140,M571,8422.44,12,26,Debit Card,Ahmedabad,Android
TXN109271,C1274,M531,984.82,17,11,Net Banking,Mumbai,POS Terminal
TXN109272,C1006,M554,39993.28,1,30,Debit Card,Kolkata,iOS
TXN109273,C1392,M507,1008.5,16,28,Net Banking,Pune,Android
TXN109274,C1466,M545,3029.01,16,24,UPI,Kolkata,Web
TXN109275,C1492,M513,2547.57,18,23,Net Banking,Chennai,POS Terminal
TXN109276,C1053,M507,571.78,14,15,Debit Card,Pune,POS Terminal
TXN109277,C1103,M570,6098.68,18,16,UPI,Pune,Web
TXN109278,C1341,M576,2208.44,12,11,Net Banking,Ahmedabad,POS Terminal
TXN109279,C1337,M553,18949.03,3,11,Credit Card,Hyderabad,Web
TXN109280,C1060,M520,2422.18,14,21,UPI,Ahmedabad,Web
TXN109281,C1086,M574,6107.71,13,13,Debit Card,Delhi,Android
TXN109282,C1257,M513,2106.95,15,7,Net Banking,Delhi,Web
TXN109283,C1177,M574,50380.95,1,15,Credit Card,Delhi,Android
TXN109284,C1241,M501,2171.79,20,17,Debit Card,Mumbai,iOS
TXN109285,C1202,M560,5054.64,7,25,Credit Card,Kolkata,iOS
TXN109286,C1030,M516,3007.8,15,24,UPI,Delhi,Web
TXN109287,C1288,M577,2966.58,10,27,Net Banking,Chennai,Android
TXN109288,C1461,M547,2041.29,11,13,Debit Card,Bengaluru,iOS
TXN109289,C1079,M507,3792.22,17,4,Debit Card,Bengaluru,Android
TXN109290,C1010,M555,4146.87,11,1,Debit Card,Hyderabad,iOS
TXN109291,C1416,M516,508.76,14,12,Credit Card,Chennai,Web
TXN109292,C1253,M568,1015.58,16,4,Net Banking,Hyderabad,iOS
TXN109293,C1383,M511,1203.06,20,1,Net Banking,Ahmedabad,Web
TXN109294,C1390,M537,2887.14,16,6,UPI,Hyderabad,Web
TXN109295,C1383,M517,1042.65,11,24,Net Banking,Ahmedabad,iOS
TXN109296,C1286,M525,52435.89,2,11,Debit Card,Chennai,Web
TXN109297,C1175,M536,7491.61,19,21,Credit Card,Kolkata,Android
TXN109298,C1125,M569,6918.44,18,25,Credit Card,Hyderabad,Android
TXN109299,C1493,M540,2173.08,21,26,Net Banking,Mumbai,Android
TXN109300,C1046,M578,659.05,10,18,Debit Card,Delhi,POS Terminal
TXN109301,C1205,M541,4728.35,13,28,UPI,Bengaluru,iOS
TXN109302,C1475,M575,6277.26,13,18,Net Banking,Kolkata,iOS
TXN109303,C1436,M540,3507.52,10,20,Credit Card,Chennai,POS Terminal
TXN109304,C1106,M546,1101.51,12,6,Credit Card,Delhi,iOS
TXN109305,C1463,M513,1444.67,15,14,Debit Card,Mumbai,Android
TXN109306,C1274,M500,868.45,15,6,Net Banking,Mumbai,POS Terminal
TXN109307,C1336,M516,2427.37,16,22,Debit Card,Ahmedabad,POS Terminal
TXN109308,C1122,M554,3030.41,17,15,Debit Card,Pune,Android
TXN109309,C1473,M552,27269.3,5,22,Net Banking,Pune,iOS
TXN109310,C1133,M530,3173.03,17,29,Debit Card,Bengaluru,Web
TXN109311,C1106,M561,1208.39,10,1,Credit Card,Delhi,Web
TXN109312,C1304,M507,2182.87,17,17,Credit Card,Pune,iOS
TXN109313,C1328,M529,1675.28,16,29,Net Banking,Mumbai,Web
TXN109314,C1049,M576,2324.06,12,12,Credit Card,Delhi,POS Terminal
TXN109315,C1336,M579,2712.95,16,30,Net Banking,Ahmedabad,Web
TXN109316,C1094,M565,2665.96,23,3,Net Banking,Delhi,iOS
TXN109317,C1267,M544,3871.16,12,2,Credit Card,Hyderabad,iOS
TXN109318,C1022,M517,2314.2,18,23,Credit Card,Mumbai,iOS
TXN109319,C1053,M544,311.25,14,6,Debit Card,Ahmedabad,POS Terminal
TXN109320,C1373,M518,1518.12,13,5,Credit Card,Mumbai,iOS
TXN109321,C1253,M576,939.75,19,8,UPI,Hyderabad,Web
TXN109322,C1452,M567,2178.14,16,2,Net Banking,Bengaluru,iOS
TXN109323,C1234,M549,1300.31,14,27,Net Banking,Bengaluru,iOS
TXN109324,C1483,M524,2361.32,14,12,Net Banking,Delhi,iOS
TXN109325,C1058,M537,3311.57,11,7,Net Banking,Hyderabad,POS Terminal
TXN109326,C1163,M535,4649.42,10,14,Debit Card,Bengaluru,POS Terminal
TXN109327,C1258,M567,4998.46,15,10,Net Banking,Delhi,POS Terminal
TXN109328,C1313,M555,3784.36,14,20,Debit Card,Mumbai,POS Terminal
TXN109329,C1215,M538,3133.95,17,14,Debit Card,Delhi,Android
TXN109330,C1182,M562,3016.06,6,11,UPI,Pune,Android
TXN109331,C1056,M506,3427.82,12,28,Credit Card,Pune,Web
TXN109332,C1144,M557,3878.73,10,19,Credit Card,Pune,iOS
TXN109333,C1422,M579,883.09,14,1,Debit Card,Pune,POS Terminal
TXN109334,C1089,M558,5144.18,13,26,UPI,Pune,POS Terminal
TXN109335,C1451,M547,1155.23,13,2,Net Banking,Hyderabad,iOS
TXN109336,C1310,M504,2971.87,7,23,Net Banking,Delhi,iOS
TXN109337,C1044,M535,3203.4,20,3,Debit Card,Pune,Android
TXN109338,C1459,M524,2294.48,22,27,Credit Card,Chennai,iOS
TXN109339,C1256,M544,1929.44,13,5,Debit Card,Mumbai,Android
TXN109340,C1020,M518,1753.99,10,11,UPI,Pune,iOS
TXN109341,C1466,M506,3197.14,12,19,Credit Card,Mumbai,iOS
TXN109342,C1020,M557,2351.96,11,7,Net Banking,Pune,POS Terminal
TXN109343,C1051,M565,339.26,15,28,Net Banking,Bengaluru,POS Terminal
TXN109344,C1337,M579,509.76,19,16,Debit Card,Delhi,Android
TXN109345,C1170,M538,1940.32,14,20,UPI,Hyderabad,iOS
TXN109346,C1435,M517,2279.28,12,8,UPI,Hyderabad,POS Terminal
TXN109347,C1066,M500,1854.09,18,26,UPI,Ahmedabad,Android
TXN109348,C1112,M562,4583.97,15,24,UPI,Hyderabad,POS Terminal
TXN109349,C1299,M502,2130.37,14,4,Credit Card,Ahmedabad,Web
TXN109350,C1159,M520,1928.47,13,12,UPI,Mumbai,Android
TXN109351,C1265,M529,3991.31,8,18,Debit Card,Delhi,Web
TXN109352,C1319,M510,3640.64,10,23,UPI,Chennai,iOS
TXN109353,C1231,M521,2157.62,14,14,Net Banking,Pune,Android
TXN109354,C1462,M556,2129.56,13,17,Credit Card,Mumbai,Web
TXN109355,C1324,M502,1207.12,14,29,Credit Card,Delhi,iOS
TXN109356,C1067,M529,646.84,9,12,Debit Card,Ahmedabad,Android
TXN109357,C1027,M544,1111.09,16,9,Net Banking,Pune,iOS
TXN109358,C1436,M535,4014.67,8,16,Debit Card,Chennai,Web
TXN109359,C1115,M571,2137.01,18,21,Debit Card,Delhi,Android
TXN109360,C1050,M563,4883.15,13,10,Debit Card,Delhi,iOS
TXN109361,C1180,M553,2023.75,17,20,UPI,Kolkata,iOS
TXN109362,C1259,M567,3267.75,15,30,UPI,Bengaluru,POS Terminal
TXN109363,C1078,M549,3239.52,6,20,UPI,Bengaluru,Web
TXN109364,C1272,M530,1144.87,14,11,Debit Card,Pune,Android
TXN109365,C1107,M528,3210.58,14,28,Debit Card,Chennai,Android
TXN109366,C1450,M558,4587.17,18,28,Debit Card,Chennai,iOS
TXN109367,C1073,M535,1880.91,7,9,UPI,Bengaluru,Web
TXN109368,C1174,M576,3882.17,16,1,UPI,Chennai,iOS
TXN109369,C1489,M572,2075.5,19,16,Debit Card,Delhi,iOS
TXN109370,C1183,M566,1184.77,20,4,Debit Card,Pune,Android
TXN109371,C1022,M575,2522.22,15,22,UPI,Mumbai,iOS
TXN109372,C1273,M510,2563.14,14,29,Debit Card,Kolkata,Android
TXN109373,C1128,M510,1818.38,16,8,UPI,Mumbai,Android
TXN109374,C1290,M525,1795.19,12,2,UPI,Chennai,POS Terminal
TXN109375,C1319,M552,3859.33,11,14,Debit Card,Chennai,Android
TXN109376,C1185,M513,1961.2,8,24,Debit Card,Hyderabad,POS Terminal
TXN109377,C1478,M563,85292.33,5,9,Debit Card,Chennai,iOS
TXN109378,C1058,M579,4533.69,14,24,Net Banking,Hyderabad,Android
TXN109379,C1491,M509,6426.3,14,14,Net Banking,Mumbai,Android
TXN109380,C1000,M530,1459.89,17,14,Net Banking,Ahmedabad,POS Terminal
TXN109381,C1130,M535,1066.96,17,21,Credit Card,Ahmedabad,POS Terminal
TXN109382,C1066,M509,1276.38,14,30,Credit Card,Ahmedabad,Android
TXN109383,C1292,M525,61205.75,1,12,Net Banking,Chennai,Web
TXN109384,C1466,M519,4252.25,21,11,Debit Card,Kolkata,Web
TXN109385,C1284,M543,1261.83,7,1,Net Banking,Mumbai,POS Terminal
TXN109386,C1088,M561,43748.41,1,22,Credit Card,Chennai,Android
TXN109387,C1416,M572,599.33,14,1,UPI,Chennai,iOS
TXN109388,C1099,M578,2360.69,11,11,Net Banking,Kolkata,iOS
TXN109389,C1188,M508,1581.27,12,20,UPI,Bengaluru,Web
TXN109390,C1476,M570,1238.91,7,25,UPI,Chennai,Web
TXN109391,C1377,M523,2789.16,13,15,Net Banking,Chennai,iOS
TXN109392,C1345,M511,959.12,14,28,UPI,Hyderabad,POS Terminal
TXN109393,C1387,M559,1221.87,16,21,UPI,Bengaluru,Android
TXN109394,C1240,M577,2901.49,9,23,Net Banking,Hyderabad,Web
TXN109395,C1269,M515,1958.6,23,9,Net Banking,Hyderabad,Android
TXN109396,C1497,M528,2808.44,18,20,UPI,Bengaluru,POS Terminal
TXN109397,C1218,M531,920.52,23,21,UPI,Pune,POS Terminal
TXN109398,C1416,M534,689.13,16,22,UPI,Chennai,Web
TXN109399,C1405,M542,56608.49,2,17,Credit Card,Mumbai,POS Terminal
TXN109400,C1175,M552,6565.08,14,10,Credit Card,Kolkata,iOS
TXN109401,C1386,M519,2212.33,14,15,Debit Card,Mumbai,POS Terminal
TXN109402,C1470,M507,2337.06,17,12,Net Banking,Pune,Web
TXN109403,C1340,M541,1710.97,12,5,UPI,Delhi,POS Terminal
TXN109404,C1232,M576,2139.52,23,14,UPI,Pune,POS Terminal
TXN109405,C1150,M569,1219.21,17,10,UPI,Mumbai,Web
TXN109406,C1451,M515,1163.29,12,20,Credit Card,Bengaluru,Web
TXN109407,C1276,M568,1681.79,14,1,Net Banking,Mumbai,Android
TXN109408,C1228,M552,940.88,21,30,Debit Card,Delhi,iOS
TXN109409,C1170,M544,3488.4,14,16,Credit Card,Hyderabad,Web
TXN109410,C1222,M550,2103.62,15,4,Net Banking,Pune,POS Terminal
TXN109411,C1212,M505,2054.71,14,5,UPI,Hyderabad,Android
TXN109412,C1281,M532,530.3,18,9,Net Banking,Mumbai,POS Terminal
TXN109413,C1040,M578,4869.28,20,17,Credit Card,Kolkata,iOS
TXN109414,C1121,M514,2416.12,20,6,Credit Card,Mumbai,POS Terminal
TXN109415,C1226,M513,7113.99,11,24,Credit Card,Delhi,Android
TXN109416,C1293,M538,2093.4,13,25,Credit Card,Pune,iOS
TXN109417,C1087,M562,3054.38,20,27,UPI,Bengaluru,POS Terminal
TXN109418,C1266,M504,3555.23,17,5,UPI,Hyderabad,Android
TXN109419,C1488,M551,4453.68,17,18,Credit Card,Kolkata,POS Terminal
TXN109420,C1028,M515,3698.78,20,17,UPI,Hyderabad,iOS
TXN109421,C1494,M537,1291.37,23,21,Credit Card,Ahmedabad,POS Terminal
TXN109422,C1246,M552,30479.86,5,11,Debit Card,Kolkata,POS Terminal
TXN109423,C1315,M576,2009.37,12,3,Net Banking,Kolkata,Android
TXN109424,C1450,M552,4975.79,19,6,Debit Card,Chennai,POS Terminal
TXN109425,C1448,M545,30407.86,1,9,UPI,Hyderabad,Web
TXN109426,C1243,M514,3691.42,10,13,UPI,Pune,iOS
TXN109427,C1060,M558,39263.32,2,27,Net Banking,Bengaluru,Android
TXN109428,C1146,M549,982.04,13,1,UPI,Mumbai,Web
TXN109429,C1173,M508,50664.8,4,30,Credit Card,Delhi,Web
TXN109430,C1432,M525,2407.56,17,15,Net Banking,Bengaluru,iOS
TXN109431,C1277,M502,858.47,13,20,Debit Card,Bengaluru,Android
TXN109432,C1333,M546,836.19,13,4,Debit Card,Bengaluru,Web
TXN109433,C1368,M504,3127.48,16,28,UPI,Delhi,POS Terminal
TXN109434,C1440,M561,3061.73,14,23,Debit Card,Delhi,Web
TXN109435,C1378,M504,801.72,12,2,UPI,Delhi,iOS
TXN109436,C1141,M509,1931.43,17,16,UPI,Kolkata,Web
TXN109437,C1043,M579,2096.09,14,24,Debit Card,Delhi,Android
TXN109438,C1143,M562,1901.03,14,29,Debit Card,Ahmedabad,Web
TXN109439,C1352,M524,2709.99,18,6,Credit Card,Mumbai,Web
TXN109440,C1332,M543,2442.96,12,20,UPI,Hyderabad,iOS
TXN109441,C1485,M524,1937.69,11,15,Credit Card,Kolkata,Web
TXN109442,C1496,M529,2444.75,20,19,Credit Card,Hyderabad,Web
TXN109443,C1395,M513,2098.77,15,26,Net Banking,Mumbai,Android
TXN109444,C1054,M542,461.93,13,28,Debit Card,Mumbai,iOS
TXN109445,C1306,M527,1032.43,16,7,Debit Card,Bengaluru,iOS
TXN109446,C1357,M518,3229.25,11,25,Debit Card,Pune,iOS
TXN109447,C1422,M541,1091.66,13,11,Credit Card,Pune,iOS
TXN109448,C1416,M519,408.79,14,18,Net Banking,Chennai,POS Terminal
TXN109449,C1160,M578,2829.56,15,8,Debit Card,Chennai,POS Terminal
TXN109450,C1284,M510,803.93,11,2,Debit Card,Mumbai,POS Terminal
TXN109451,C1324,M553,1016.76,16,27,Net Banking,Mumbai,iOS
TXN109452,C1197,M523,1831.86,15,12,UPI,Pune,iOS
TXN109453,C1158,M569,2840.92,8,22,Net Banking,Ahmedabad,POS Terminal
TXN109454,C1079,M516,4366.02,11,30,Net Banking,Bengaluru,iOS
TXN109455,C1030,M527,2512.51,15,8,Debit Card,Delhi,Web
TXN109456,C1472,M549,2312.04,13,1,UPI,Delhi,Android
TXN109457,C1111,M554,1899.31,15,7,Credit Card,Kolkata,iOS
TXN109458,C1045,M572,1792.67,14,9,UPI,Hyderabad,Web
TXN109459,C1352,M509,3464.08,19,22,Debit Card,Chennai,Web
TXN109460,C1204,M520,1705.84,17,22,UPI,Pune,POS Terminal
TXN109461,C1051,M557,313.9,10,9,Debit Card,Bengaluru,Android
TXN109462,C1137,M533,1773.65,12,2,Net Banking,Mumbai,iOS
TXN109463,C1471,M542,6166.91,12,4,Net Banking,Chennai,iOS
TXN109464,C1073,M510,2172.99,14,14,Net Banking,Bengaluru,Android
TXN109465,C1040,M532,4256.05,14,14,Credit Card,Kolkata,Web
TXN109466,C1478,M557,3316.33,14,27,Net Banking,Hyderabad,iOS
TXN109467,C1076,M545,3498.11,20,8,UPI,Mumbai,iOS
TXN109468,C1386,M560,2674.21,12,21,Net Banking,Mumbai,Android
TXN109469,C1186,M561,1883.9,17,9,Debit Card,Mumbai,Web
TXN109470,C1369,M500,589.42,12,3,Debit Card,Bengaluru,Web
TXN109471,C1051,M520,282.33,18,22,UPI,Bengaluru,Web
TXN109472,C1417,M561,5103.32,15,22,Net Banking,Bengaluru,iOS
TXN109473,C1432,M563,3730.81,6,19,Net Banking,Bengaluru,Web
TXN109474,C1411,M572,2511.04,20,6,UPI,Bengaluru,Android
TXN109475,C1466,M555,2287.95,17,1,Credit Card,Kolkata,POS Terminal
TXN109476,C1086,M500,8975.92,12,21,Debit Card,Delhi,POS Terminal
TXN109477,C1108,M520,1140.11,22,18,Debit Card,Delhi,Android
TXN109478,C1479,M521,2069.28,13,8,Net Banking,Mumbai,Android
TXN109479,C1396,M553,3679.64,19,7,UPI,Chennai,Android
TXN109480,C1224,M503,1674.94,21,7,UPI,Delhi,Web
TXN109481,C1481,M564,1805.85,18,10,Net Banking,Delhi,Android
TXN109482,C1480,M550,3127.37,14,4,Credit Card,Chennai,iOS
TXN109483,C1247,M573,1830.7,10,30,UPI,Hyderabad,POS Terminal
TXN109484,C1068,M562,1352.53,18,18,UPI,Bengaluru,iOS
TXN109485,C1119,M514,3170.26,12,19,Credit Card,Ahmedabad,iOS
TXN109486,C1066,M535,1730.21,14,10,UPI,Ahmedabad,Web
TXN109487,C1060,M528,2541.67,14,20,Net Banking,Ahmedabad,Web
TXN109488,C1443,M551,5784.53,10,19,Debit Card,Kolkata,POS Terminal
TXN109489,C1326,M545,4006.76,9,3,Debit Card,Hyderabad,Web
TXN109490,C1407,M568,1082.18,16,29,Net Banking,Pune,Web
TXN109491,C1190,M528,43146.97,2,30,Net Banking,Bengaluru,POS Terminal
TXN109492,C1469,M546,4266.72,22,17,Net Banking,Pune,Android
TXN109493,C1492,M524,2243.44,22,1,Credit Card,Chennai,POS Terminal
TXN109494,C1188,M579,2019.33,15,24,Net Banking,Bengaluru,POS Terminal
TXN109495,C1150,M515,1389.23,9,8,Credit Card,Mumbai,Android
TXN109496,C1285,M540,3501.05,9,17,Credit Card,Mumbai,Android
TXN109497,C1443,M564,6373.95,11,4,Net Banking,Kolkata,POS Terminal
TXN109498,C1401,M568,552.84,10,2,Net Banking,Mumbai,Android
TXN109499,C1095,M519,3247.6,14,17,UPI,Pune,Android
TXN109500,C1311,M568,1839.12,14,2,UPI,Kolkata,POS Terminal
TXN109501,C1308,M535,1263.93,9,1,Debit Card,Hyderabad,Android
TXN109502,C1262,M557,5941.31,17,5,Credit Card,Bengaluru,iOS
TXN109503,C1096,M547,2468.88,15,26,Credit Card,Bengaluru,Web
TXN109504,C1452,M501,3091.64,17,28,Credit Card,Bengaluru,Web
TXN109505,C1112,M579,3792.8,17,30,Debit Card,Hyderabad,POS Terminal
TXN109506,C1475,M528,6337.79,19,6,Credit Card,Kolkata,Android
TXN109507,C1124,M515,3758.43,15,12,Debit Card,Ahmedabad,iOS
TXN109508,C1455,M534,1146.66,20,24,Credit Card,Mumbai,Android
TXN109509,C1462,M561,1434.03,12,10,Debit Card,Mumbai,Android
TXN109510,C1435,M503,4172.87,21,8,Debit Card,Hyderabad,Android
TXN109511,C1131,M567,48396.59,5,14,UPI,Delhi,POS Terminal
TXN109512,C1417,M550,4784.97,13,4,Net Banking,Bengaluru,Web
TXN109513,C1452,M532,2544.14,10,19,Debit Card,Bengaluru,Web
TXN109514,C1416,M577,367.46,13,28,Net Banking,Hyderabad,iOS
TXN109515,C1120,M523,1724.38,8,5,Credit Card,Hyderabad,iOS
TXN109516,C1196,M574,2447.5,8,24,Net Banking,Pune,Android
TXN109517,C1293,M524,1940.5,17,21,Credit Card,Pune,iOS
TXN109518,C1481,M527,2495.84,12,26,Net Banking,Delhi,iOS
TXN109519,C1121,M506,2946.11,20,7,Debit Card,Mumbai,iOS
TXN109520,C1281,M535,412.85,19,20,Debit Card,Bengaluru,Android
TXN109521,C1384,M509,2430.13,6,2,UPI,Mumbai,Android
TXN109522,C1259,M535,2999.56,16,25,Debit Card,Bengaluru,Web
TXN109523,C1038,M517,2185.24,9,11,Net Banking,Chennai,POS Terminal
TXN109524,C1053,M505,428.33,14,10,Net Banking,Ahmedabad,Android
TXN109525,C1473,M506,1141.69,23,18,UPI,Bengaluru,Web
TXN109526,C1160,M511,2273.54,22,2,Credit Card,Chennai,iOS
TXN109527,C1288,M540,3091.4,13,14,Net Banking,Ahmedabad,iOS
TXN109528,C1199,M562,1794.67,12,24,Net Banking,Delhi,POS Terminal
TXN109529,C1275,M524,2152.15,16,10,UPI,Kolkata,Android
TXN109530,C1015,M552,1584.11,16,6,Debit Card,Chennai,POS Terminal
TXN109531,C1404,M532,1844.37,17,21,Credit Card,Bengaluru,Web
TXN109532,C1172,M572,2502.0,11,3,Net Banking,Kolkata,POS Terminal
TXN109533,C1247,M505,1554.86,19,23,Net Banking,Ahmedabad,POS Terminal
TXN109534,C1382,M561,2440.39,23,16,Debit Card,Kolkata,iOS
TXN109535,C1217,M565,4309.07,15,8,Debit Card,Hyderabad,iOS
TXN109536,C1086,M508,5393.8,15,9,Net Banking,Delhi,iOS
TXN109537,C1081,M566,1691.32,17,11,Credit Card,Hyderabad,Web
TXN109538,C1061,M515,3759.23,15,16,UPI,Ahmedabad,Web
TXN109539,C1286,M554,49654.34,5,2,UPI,Bengaluru,Android
TXN109540,C1499,M539,2200.35,11,24,UPI,Delhi,Android
TXN109541,C1041,M525,1473.45,8,5,UPI,Delhi,iOS
TXN109542,C1011,M537,3776.57,16,1,Net Banking,Delhi,iOS
TXN109543,C1320,M534,616.27,12,30,Net Banking,Chennai,POS Terminal
TXN109544,C1233,M567,2498.04,13,26,UPI,Chennai,Android
TXN109545,C1328,M558,941.85,20,23,UPI,Ahmedabad,POS Terminal
TXN109546,C1130,M513,1179.21,14,30,Credit Card,Ahmedabad,Web
TXN109547,C1114,M546,2298.32,21,15,Net Banking,Pune,Web
TXN109548,C1217,M570,6141.77,15,7,Debit Card,Mumbai,Web
TXN109549,C1136,M571,2096.57,16,16,Credit Card,Delhi,Android
TXN109550,C1105,M541,1854.49,16,26,Net Banking,Delhi,Web
TXN109551,C1178,M550,1596.32,18,12,Net Banking,Bengaluru,Android
TXN109552,C1015,M518,2646.72,16,19,Debit Card,Chennai,iOS
TXN109553,C1471,M565,6084.92,12,15,Credit Card,Chennai,POS Terminal
TXN109554,C1241,M546,2419.46,17,27,Debit Card,Hyderabad,POS Terminal
TXN109555,C1333,M564,1077.47,18,3,Debit Card,Ahmedabad,Web
TXN109556,C1380,M541,1472.77,14,20,Credit Card,Pune,POS Terminal
TXN109557,C1386,M537,2477.16,22,21,UPI,Mumbai,Web
TXN109558,C1225,M512,1806.7,11,21,Debit Card,Mumbai,Android
TXN109559,C1480,M543,2321.05,12,5,Net Banking,Chennai,Web
TXN109560,C1241,M523,2284.09,16,15,Credit Card,Mumbai,Web
TXN109561,C1407,M529,1126.45,10,22,Debit Card,Pune,POS Terminal
TXN109562,C1456,M569,6832.77,16,17,Net Banking,Pune,POS Terminal
TXN109563,C1140,M537,7609.88,22,16,UPI,Ahmedabad,Android
TXN109564,C1385,M522,4160.02,23,16,Net Banking,Chennai,POS Terminal
TXN109565,C1198,M573,1168.97,10,23,Debit Card,Delhi,Android
TXN109566,C1111,M556,1685.73,16,12,Net Banking,Kolkata,POS Terminal
TXN109567,C1126,M578,1070.47,12,4,UPI,Ahmedabad,Web
TXN109568,C1020,M522,1996.92,17,29,Net Banking,Pune,iOS
TXN109569,C1146,M535,1634.49,23,5,Net Banking,Mumbai,POS Terminal
TXN109570,C1088,M556,1686.53,10,24,Net Banking,Hyderabad,POS Terminal
TXN109571,C1302,M500,5737.68,10,29,Debit Card,Bengaluru,POS Terminal
TXN109572,C1405,M571,2874.77,18,8,UPI,Kolkata,Android
TXN109573,C1202,M502,2380.7,18,12,Debit Card,Hyderabad,Android
TXN109574,C1416,M513,417.95,17,5,UPI,Chennai,POS Terminal
TXN109575,C1415,M533,976.91,17,11,Debit Card,Pune,Android
TXN109576,C1447,M569,3977.67,8,29,Credit Card,Delhi,Android
TXN109577,C1084,M568,4757.83,13,19,Debit Card,Mumbai,Android
TXN109578,C1166,M550,1626.17,17,10,UPI,Hyderabad,Android
TXN109579,C1383,M528,991.44,15,24,Net Banking,Ahmedabad,Android
TXN109580,C1467,M547,1975.27,8,18,UPI,Kolkata,Web
TXN109581,C1071,M578,2041.52,18,12,Debit Card,Hyderabad,POS Terminal
TXN109582,C1297,M578,3335.18,16,9,Debit Card,Kolkata,iOS
TXN109583,C1484,M515,1932.91,8,22,Debit Card,Chennai,POS Terminal
TXN109584,C1008,M556,1376.23,6,10,UPI,Kolkata,iOS
TXN109585,C1280,M509,3811.85,10,20,Net Banking,Chennai,iOS
TXN109586,C1472,M518,2860.97,11,20,Credit Card,Delhi,Android
TXN109587,C1480,M566,1940.64,12,19,Credit Card,Chennai,POS Terminal
TXN109588,C1257,M535,2567.88,12,27,Net Banking,Delhi,POS Terminal
TXN109589,C1274,M503,418.98,11,21,Credit Card,Mumbai,Android
TXN109590,C1237,M574,1002.18,13,6,Net Banking,Pune,iOS
TXN109591,C1019,M532,2085.65,21,10,UPI,Hyderabad,Web
TXN109592,C1489,M527,2919.05,15,19,UPI,Delhi,Android
TXN109593,C1232,M579,2736.04,7,9,Net Banking,Pune,iOS
TXN109594,C1489,M508,2557.24,15,30,Credit Card,Delhi,iOS
TXN109595,C1220,M574,2636.32,18,16,Credit Card,Kolkata,iOS
TXN109596,C1325,M505,3015.18,17,8,UPI,Bengaluru,iOS
TXN109597,C1016,M548,4330.4,23,12,UPI,Mumbai,Web
TXN109598,C1379,M575,1501.84,16,22,Net Banking,Bengaluru,Android
TXN109599,C1088,M521,2440.73,12,5,Net Banking,Hyderabad,Web
TXN109600,C1485,M547,2856.82,15,11,UPI,Bengaluru,POS Terminal
TXN109601,C1195,M520,4614.07,18,19,UPI,Kolkata,Web
TXN109602,C1349,M532,2917.84,11,3,UPI,Hyderabad,POS Terminal
TXN109603,C1083,M555,2702.4,17,24,UPI,Mumbai,Android
TXN109604,C1386,M528,2160.69,14,22,Credit Card,Mumbai,Web
TXN109605,C1086,M552,10393.83,19,26,UPI,Delhi,POS Terminal
TXN109606,C1306,M539,932.62,18,15,Debit Card,Chennai,Android
TXN109607,C1337,M573,256.42,14,30,UPI,Delhi,Android
TXN109608,C1153,M517,1249.26,18,27,UPI,Chennai,iOS
TXN109609,C1439,M546,2295.83,14,22,Credit Card,Ahmedabad,POS Terminal
TXN109610,C1227,M512,2502.07,20,20,Credit Card,Bengaluru,Web
TXN109611,C1447,M526,4785.62,12,3,UPI,Delhi,Web
TXN109612,C1263,M561,2682.47,10,22,UPI,Pune,Android
TXN109613,C1464,M573,3722.52,23,1,Debit Card,Ahmedabad,iOS
TXN109614,C1222,M544,3044.47,15,11,Credit Card,Pune,iOS
TXN109615,C1420,M502,3749.99,12,13,Net Banking,Pune,iOS
TXN109616,C1492,M521,2152.96,14,5,Net Banking,Chennai,Android
TXN109617,C1120,M526,1916.01,19,7,Credit Card,Hyderabad,Android
TXN109618,C1480,M554,2236.94,19,1,Net Banking,Chennai,POS Terminal
TXN109619,C1410,M566,1190.12,14,13,UPI,Chennai,Web
TXN109620,C1172,M532,1919.47,15,10,UPI,Kolkata,Web
TXN109621,C1003,M501,1053.87,13,28,Net Banking,Ahmedabad,POS Terminal
TXN109622,C1341,M574,1472.91,8,20,Debit Card,Ahmedabad,POS Terminal
TXN109623,C1127,M545,3618.48,14,18,Net Banking,Pune,Android
TXN109624,C1473,M573,1225.7,14,13,Debit Card,Bengaluru,Web
TXN109625,C1479,M532,1766.35,10,1,Net Banking,Delhi,Web
TXN109626,C1471,M557,6968.14,13,17,Debit Card,Chennai,Web
TXN109627,C1109,M506,2791.29,22,12,Debit Card,Bengaluru,Android
TXN109628,C1354,M514,2536.26,21,23,Debit Card,Mumbai,Android
TXN109629,C1036,M525,1745.09,18,6,UPI,Mumbai,POS Terminal
TXN109630,C1479,M510,2187.49,17,7,Net Banking,Delhi,Android
TXN109631,C1070,M537,2353.96,14,1,UPI,Ahmedabad,Android
TXN109632,C1288,M526,3003.71,16,10,Credit Card,Chennai,Web
TXN109633,C1030,M506,3437.91,6,28,Credit Card,Delhi,Web
TXN109634,C1438,M500,1687.22,12,3,Credit Card,Mumbai,POS Terminal
TXN109635,C1380,M573,1607.04,18,7,UPI,Pune,Android
TXN109636,C1267,M520,2776.28,16,10,Credit Card,Chennai,Web
TXN109637,C1010,M578,2445.82,14,10,Credit Card,Hyderabad,Web
TXN109638,C1343,M529,1897.68,22,9,Debit Card,Hyderabad,POS Terminal
TXN109639,C1327,M507,1348.46,12,6,Net Banking,Delhi,Web
TXN109640,C1031,M502,1393.83,18,24,Debit Card,Delhi,POS Terminal
TXN109641,C1056,M554,2341.48,10,9,Net Banking,Pune,Web
TXN109642,C1165,M514,1199.05,10,23,Credit Card,Hyderabad,POS Terminal
TXN109643,C1187,M535,2859.76,13,9,Debit Card,Hyderabad,POS Terminal
TXN109644,C1341,M505,2187.68,23,27,Credit Card,Ahmedabad,POS Terminal
TXN109645,C1481,M541,2338.4,17,10,Debit Card,Delhi,iOS
TXN109646,C1018,M549,8900.04,15,29,Net Banking,Chennai,iOS
TXN109647,C1115,M517,1651.32,19,4,UPI,Delhi,Android
TXN109648,C1467,M549,1351.74,12,25,UPI,Kolkata,Android
TXN109649,C1183,M529,1027.03,12,16,UPI,Pune,Web
TXN109650,C1269,M576,1737.37,13,25,Credit Card,Hyderabad,iOS
TXN109651,C1032,M538,1172.77,19,2,Credit Card,Ahmedabad,POS Terminal
TXN109652,C1009,M511,2367.67,11,11,Credit Card,Bengaluru,Android
TXN109653,C1079,M558,4484.75,21,9,Debit Card,Bengaluru,Android
TXN109654,C1191,M575,2369.26,13,3,Credit Card,Pune,POS Terminal
TXN109655,C1319,M543,2893.08,12,27,Net Banking,Chennai,POS Terminal
TXN109656,C1189,M503,3805.51,17,7,Credit Card,Pune,iOS
TXN109657,C1067,M535,771.1,13,13,UPI,Ahmedabad,POS Terminal
TXN109658,C1474,M547,4033.13,23,27,Credit Card,Hyderabad,Android
TXN109659,C1347,M513,2861.78,11,13,Net Banking,Pune,Android
TXN109660,C1124,M548,3357.02,21,28,Debit Card,Mumbai,iOS
TXN109661,C1426,M566,1444.46,9,19,Net Banking,Mumbai,Web
TXN109662,C1335,M576,2099.78,17,28,Net Banking,Pune,iOS
TXN109663,C1058,M508,2378.38,17,11,UPI,Hyderabad,Android
TXN109664,C1435,M520,2390.07,13,29,UPI,Mumbai,iOS
TXN109665,C1096,M571,2087.11,11,5,Net Banking,Delhi,Web
TXN109666,C1495,M515,4074.91,23,16,Debit Card,Kolkata,Android
TXN109667,C1274,M515,1037.59,20,28,Credit Card,Mumbai,POS Terminal
TXN109668,C1148,M527,3175.71,18,2,UPI,Pune,Android
TXN109669,C1277,M550,27577.92,3,10,Net Banking,Delhi,POS Terminal
TXN109670,C1264,M555,1404.13,16,10,UPI,Pune,Android
TXN109671,C1008,M579,1423.18,11,19,Credit Card,Kolkata,Web
TXN109672,C1456,M556,6434.7,8,26,Debit Card,Chennai,POS Terminal
TXN109673,C1282,M551,3253.51,15,20,Credit Card,Kolkata,Android
TXN109674,C1272,M545,1018.3,12,26,Debit Card,Pune,POS Terminal
TXN109675,C1427,M577,4493.43,9,28,Credit Card,Pune,Android
TXN109676,C1300,M537,485.18,13,28,UPI,Chennai,Web
TXN109677,C1007,M547,6162.96,9,6,Credit Card,Pune,iOS
TXN109678,C1207,M540,2335.2,17,27,Net Banking,Pune,Web
TXN109679,C1401,M558,1053.38,20,22,Credit Card,Mumbai,iOS
TXN109680,C1124,M566,5722.95,13,16,Net Banking,Mumbai,Android
TXN109681,C1122,M573,3134.71,13,13,Net Banking,Pune,Web
TXN109682,C1032,M565,770.4,15,19,UPI,Chennai,Web
TXN109683,C1000,M526,1614.52,13,3,Net Banking,Ahmedabad,iOS
TXN109684,C1203,M531,1357.54,12,9,UPI,Delhi,Web
TXN109685,C1005,M555,933.75,19,10,Debit Card,Pune,iOS
TXN109686,C1296,M509,1080.64,14,16,Debit Card,Pune,iOS
TXN109687,C1438,M539,1617.68,15,18,Credit Card,Mumbai,iOS
TXN109688,C1004,M516,2679.47,12,4,Credit Card,Kolkata,Web
TXN109689,C1442,M557,1231.22,20,21,UPI,Hyderabad,POS Terminal
TXN109690,C1079,M505,2339.78,17,24,UPI,Bengaluru,Android
TXN109691,C1273,M538,2651.75,13,24,Credit Card,Kolkata,Web
TXN109692,C1176,M517,6477.93,10,22,Credit Card,Hyderabad,POS Terminal
TXN109693,C1337,M572,425.16,12,16,Credit Card,Delhi,iOS
TXN109694,C1320,M571,1238.57,21,18,Net Banking,Chennai,POS Terminal
TXN109695,C1338,M541,3979.35,17,26,Debit Card,Hyderabad,POS Terminal
TXN109696,C1437,M503,2227.29,10,29,Credit Card,Mumbai,Android
TXN109697,C1444,M519,2830.1,22,10,Net Banking,Ahmedabad,POS Terminal
TXN109698,C1135,M527,577.28,17,1,UPI,Hyderabad,Web
TXN109699,C1386,M539,3038.19,19,23,Credit Card,Mumbai,Android
TXN109700,C1024,M564,3669.65,17,10,UPI,Chennai,Android
TXN109701,C1324,M543,1243.61,18,17,UPI,Mumbai,Android
TXN109702,C1182,M522,2959.7,16,27,Debit Card,Pune,iOS
TXN109703,C1167,M556,4565.41,17,19,UPI,Pune,iOS
TXN109704,C1466,M546,3172.97,16,16,Net Banking,Kolkata,Android
TXN109705,C1337,M512,307.92,21,25,Debit Card,Delhi,Android
TXN109706,C1177,M515,5501.24,10,6,Credit Card,Hyderabad,iOS
TXN109707,C1372,M554,5581.44,14,8,Net Banking,Kolkata,iOS
TXN109708,C1094,M564,2680.3,16,30,UPI,Delhi,iOS
TXN109709,C1032,M515,985.8,23,16,Credit Card,Ahmedabad,iOS
TXN109710,C1110,M536,2042.68,13,12,Credit Card,Mumbai,iOS
TXN109711,C1145,M551,2129.2,14,9,UPI,Bengaluru,iOS
TXN109712,C1380,M509,1921.67,19,16,Net Banking,Pune,Web
TXN109713,C1440,M537,2960.75,15,7,Net Banking,Ahmedabad,iOS
TXN109714,C1230,M543,1529.3,13,8,Credit Card,Pune,POS Terminal
TXN109715,C1271,M573,4018.79,20,20,UPI,Ahmedabad,POS Terminal
TXN109716,C1335,M553,1421.52,11,5,UPI,Pune,Android
TXN109717,C1494,M550,971.93,14,29,Credit Card,Ahmedabad,POS Terminal
TXN109718,C1037,M551,1543.41,10,23,UPI,Chennai,POS Terminal
TXN109719,C1424,M569,1160.45,14,9,Debit Card,Delhi,Web
TXN109720,C1134,M558,4031.33,13,8,Net Banking,Ahmedabad,iOS
TXN109721,C1333,M512,912.32,20,23,Net Banking,Ahmedabad,iOS
TXN109722,C1234,M540,1375.46,18,20,Net Banking,Bengaluru,POS Terminal
TXN109723,C1436,M511,3517.58,16,16,Debit Card,Chennai,iOS
TXN109724,C1318,M549,2134.54,13,11,Credit Card,Pune,iOS
TXN109725,C1367,M556,3166.28,13,1,Net Banking,Kolkata,Android
TXN109726,C1344,M549,4198.81,18,17,UPI,Delhi,Android
TXN109727,C1159,M556,1424.22,13,12,Credit Card,Mumbai,Web
TXN109728,C1037,M553,1615.06,21,5,Credit Card,Chennai,Android
TXN109729,C1149,M565,2160.94,21,14,Net Banking,Kolkata,iOS
TXN109730,C1399,M507,1571.79,17,7,UPI,Mumbai,iOS
TXN109731,C1307,M562,5930.79,21,27,Credit Card,Bengaluru,Web
TXN109732,C1028,M508,2116.35,13,28,Net Banking,Hyderabad,POS Terminal
TXN109733,C1143,M559,1605.18,16,24,UPI,Ahmedabad,Web
TXN109734,C1075,M562,2164.08,17,7,UPI,Mumbai,iOS
TXN109735,C1144,M571,3841.62,23,4,Credit Card,Pune,POS Terminal
TXN109736,C1228,M502,813.39,15,15,Debit Card,Delhi,Android
TXN109737,C1063,M572,2993.75,17,27,Debit Card,Delhi,Web
TXN109738,C1346,M512,1763.26,13,30,Net Banking,Hyderabad,POS Terminal
TXN109739,C1344,M508,3881.67,18,7,Net Banking,Delhi,Web
TXN109740,C1268,M551,923.21,17,22,Debit Card,Delhi,Android
TXN109741,C1327,M561,1385.36,18,24,UPI,Delhi,POS Terminal
TXN109742,C1183,M507,851.54,17,9,Credit Card,Pune,Web
TXN109743,C1260,M544,629.75,13,1,UPI,Kolkata,Android
TXN109744,C1267,M552,3352.46,20,2,Credit Card,Chennai,iOS
TXN109745,C1168,M562,3159.22,8,8,UPI,Mumbai,POS Terminal
TXN109746,C1258,M556,5260.85,17,7,Credit Card,Delhi,Android
TXN109747,C1226,M553,5541.59,8,23,Debit Card,Delhi,Web
TXN109748,C1032,M518,1016.33,12,3,Debit Card,Ahmedabad,iOS
TXN109749,C1376,M566,1276.22,22,7,Debit Card,Ahmedabad,Web
TXN109750,C1213,M545,7162.52,12,20,Debit Card,Mumbai,POS Terminal
TXN109751,C1049,M509,2663.22,15,26,Credit Card,Delhi,Android
TXN109752,C1439,M517,2212.67,14,16,Credit Card,Ahmedabad,Web
TXN109753,C1491,M511,7238.11,15,26,Debit Card,Mumbai,Web
TXN109754,C1392,M548,863.15,9,2,Credit Card,Pune,Android
TXN109755,C1488,M522,4551.52,18,1,UPI,Delhi,POS Terminal
TXN109756,C1209,M561,5149.21,16,8,Net Banking,Bengaluru,POS Terminal
TXN109757,C1433,M510,4330.85,15,5,Credit Card,Pune,POS Terminal
TXN109758,C1028,M572,2072.51,15,10,Credit Card,Hyderabad,iOS
TXN109759,C1038,M555,4258.8,11,4,UPI,Chennai,iOS
TXN109760,C1346,M554,2176.88,12,30,Debit Card,Hyderabad,POS Terminal
TXN109761,C1099,M524,2381.64,11,9,UPI,Kolkata,Web
TXN109762,C1172,M508,2041.96,20,14,Debit Card,Kolkata,Android
TXN109763,C1016,M511,2713.04,19,29,UPI,Mumbai,Web
TXN109764,C1055,M510,4142.84,13,21,Debit Card,Ahmedabad,iOS
TXN109765,C1225,M537,1221.32,11,10,UPI,Mumbai,Android
TXN109766,C1045,M527,1918.16,16,18,Net Banking,Hyderabad,Web
TXN109767,C1066,M507,2609.74,10,25,Net Banking,Ahmedabad,POS Terminal
TXN109768,C1196,M573,3207.13,13,26,Credit Card,Pune,Web
TXN109769,C1141,M546,2466.66,6,23,Net Banking,Kolkata,Android
TXN109770,C1322,M535,409.71,15,9,UPI,Ahmedabad,Web
TXN109771,C1022,M549,2057.19,11,5,Net Banking,Mumbai,iOS
TXN109772,C1486,M508,4114.83,15,23,UPI,Bengaluru,Android
TXN109773,C1093,M559,1203.15,8,8,Debit Card,Chennai,Web
TXN109774,C1241,M571,2605.64,10,12,Net Banking,Mumbai,iOS
TXN109775,C1236,M566,3604.2,16,20,Net Banking,Ahmedabad,iOS
TXN109776,C1444,M552,1555.94,13,24,Debit Card,Ahmedabad,iOS
TXN109777,C1406,M516,1216.67,12,23,Net Banking,Mumbai,Web
TXN109778,C1410,M552,1001.8,18,19,Credit Card,Chennai,Web
TXN109779,C1053,M527,686.91,11,14,UPI,Ahmedabad,Android
TXN109780,C1137,M562,1213.41,6,11,Credit Card,Mumbai,POS Terminal
TXN109781,C1472,M514,2269.47,13,11,Debit Card,Delhi,POS Terminal
TXN109782,C1332,M518,1940.99,9,24,Net Banking,Hyderabad,Android
TXN109783,C1271,M569,3383.44,15,4,UPI,Ahmedabad,POS Terminal
TXN109784,C1040,M546,5182.1,13,18,Credit Card,Kolkata,POS Terminal
TXN109785,C1097,M570,1746.7,16,9,Credit Card,Delhi,Android
TXN109786,C1182,M547,2902.4,15,8,Debit Card,Pune,Android
TXN109787,C1127,M572,4419.01,12,4,Net Banking,Bengaluru,Android
TXN109788,C1228,M519,880.27,15,19,UPI,Delhi,iOS
TXN109789,C1316,M536,600.96,13,19,Net Banking,Kolkata,Android
TXN109790,C1085,M574,3830.36,17,22,Net Banking,Ahmedabad,iOS
TXN109791,C1255,M501,455.77,14,2,Debit Card,Kolkata,Web
TXN109792,C1208,M563,1564.75,11,11,Debit Card,Bengaluru,Android
TXN109793,C1214,M535,1321.11,14,3,UPI,Delhi,POS Terminal
TXN109794,C1373,M504,1918.65,13,1,UPI,Mumbai,POS Terminal
TXN109795,C1099,M563,3204.36,18,10,Debit Card,Kolkata,POS Terminal
TXN109796,C1048,M506,2503.7,13,21,Debit Card,Chennai,POS Terminal
TXN109797,C1200,M569,2292.58,15,13,UPI,Kolkata,iOS
TXN109798,C1435,M521,2342.79,7,3,Credit Card,Hyderabad,Web
TXN109799,C1257,M573,2464.16,12,27,Credit Card,Delhi,Android
TXN109800,C1479,M545,2858.39,19,7,Net Banking,Delhi,Android
TXN109801,C1375,M539,813.9,17,25,UPI,Delhi,Web
TXN109802,C1177,M560,6592.3,16,5,UPI,Hyderabad,POS Terminal
TXN109803,C1244,M545,3959.71,19,2,Net Banking,Mumbai,Android
TXN109804,C1122,M527,56227.48,5,18,UPI,Hyderabad,Web
TXN109805,C1341,M534,928.8,11,28,Credit Card,Ahmedabad,POS Terminal
TXN109806,C1170,M500,2989.05,15,14,UPI,Hyderabad,Android
TXN109807,C1332,M528,1996.77,6,20,Debit Card,Hyderabad,POS Terminal
TXN109808,C1135,M508,704.98,11,26,UPI,Hyderabad,Web
TXN109809,C1058,M508,2246.29,18,28,UPI,Hyderabad,iOS
TXN109810,C1192,M521,3735.31,10,30,Net Banking,Kolkata,POS Terminal
TXN109811,C1464,M562,3020.0,7,30,Debit Card,Ahmedabad,POS Terminal
TXN109812,C1267,M565,2696.86,15,25,Net Banking,Chennai,iOS
TXN109813,C1259,M579,2766.88,9,27,UPI,Bengaluru,Web
TXN109814,C1372,M557,4523.2,18,2,Debit Card,Kolkata,Web
TXN109815,C1460,M569,1827.89,17,5,Credit Card,Chennai,iOS
TXN109816,C1094,M554,1020.78,9,13,Credit Card,Chennai,POS Terminal
TXN109817,C1124,M512,4030.47,12,7,UPI,Mumbai,iOS
TXN109818,C1040,M518,4469.99,17,10,Credit Card,Kolkata,iOS
TXN109819,C1378,M578,1129.93,22,28,UPI,Delhi,iOS
TXN109820,C1253,M532,796.8,14,20,Net Banking,Hyderabad,Android
TXN109821,C1006,M573,1331.49,9,7,UPI,Chennai,iOS
TXN109822,C1470,M564,3216.86,18,23,Debit Card,Pune,POS Terminal
TXN109823,C1215,M559,3502.48,11,18,Debit Card,Delhi,POS Terminal
TXN109824,C1068,M511,1780.42,10,18,UPI,Bengaluru,POS Terminal
TXN109825,C1068,M542,1994.47,12,2,Credit Card,Bengaluru,iOS
TXN109826,C1080,M516,2029.57,15,25,Net Banking,Pune,Android
TXN109827,C1029,M567,1725.61,20,16,UPI,Ahmedabad,Android
TXN109828,C1072,M528,1539.53,15,13,Credit Card,Delhi,Android
TXN109829,C1261,M554,39957.32,2,17,Debit Card,Kolkata,iOS
TXN109830,C1088,M506,2569.38,18,6,Net Banking,Hyderabad,Web
TXN109831,C1402,M543,2575.8,19,23,Credit Card,Delhi,iOS
TXN109832,C1207,M576,2780.65,17,9,UPI,Pune,Web
TXN109833,C1212,M504,1765.84,17,3,Net Banking,Hyderabad,Android
TXN109834,C1321,M559,768.66,11,25,Net Banking,Bengaluru,POS Terminal
TXN109835,C1265,M505,3274.71,16,7,Credit Card,Delhi,Android
TXN109836,C1399,M506,1266.66,16,30,Credit Card,Mumbai,POS Terminal
TXN109837,C1292,M545,3226.47,23,5,UPI,Hyderabad,POS Terminal
TXN109838,C1206,M556,954.96,14,28,Debit Card,Kolkata,Android
TXN109839,C1332,M553,3230.86,11,21,Net Banking,Hyderabad,iOS
TXN109840,C1076,M545,2850.93,11,7,UPI,Mumbai,Web
TXN109841,C1287,M509,5331.26,11,10,Debit Card,Mumbai,POS Terminal
TXN109842,C1492,M503,2263.44,14,22,Credit Card,Chennai,iOS
TXN109843,C1046,M566,660.09,16,24,Debit Card,Delhi,iOS
TXN109844,C1109,M524,2284.54,12,10,Credit Card,Bengaluru,Android
TXN109845,C1199,M577,1819.43,18,10,Debit Card,Delhi,Android
TXN109846,C1426,M560,1349.74,10,25,UPI,Chennai,Android
TXN109847,C1209,M537,6048.27,21,6,Credit Card,Bengaluru,Android
TXN109848,C1375,M531,1215.86,10,19,Net Banking,Delhi,POS Terminal
TXN109849,C1419,M522,3764.99,18,28,UPI,Kolkata,Android
TXN109850,C1153,M536,1892.2,13,25,UPI,Chennai,Android
TXN109851,C1009,M502,1851.95,18,18,Debit Card,Bengaluru,iOS
TXN109852,C1414,M512,3613.06,11,21,UPI,Kolkata,iOS
TXN109853,C1352,M533,3266.82,16,15,Debit Card,Chennai,Web
TXN109854,C1156,M564,4263.77,14,26,Debit Card,Chennai,iOS
TXN109855,C1260,M575,369.47,19,13,Credit Card,Kolkata,Android
TXN109856,C1076,M507,2560.9,19,20,UPI,Mumbai,Android
TXN109857,C1256,M508,1818.66,17,2,UPI,Bengaluru,Web
TXN109858,C1470,M527,2872.91,19,30,Net Banking,Pune,Android
TXN109859,C1487,M577,1586.54,11,22,UPI,Mumbai,Web
TXN109860,C1130,M517,889.29,16,28,Net Banking,Ahmedabad,Web
TXN109861,C1066,M541,2599.53,8,10,UPI,Ahmedabad,Android
TXN109862,C1454,M540,2267.17,6,23,Debit Card,Hyderabad,iOS
TXN109863,C1227,M569,3873.87,10,2,Net Banking,Bengaluru,iOS
TXN109864,C1162,M532,1021.89,6,29,Debit Card,Bengaluru,iOS
TXN109865,C1014,M576,1897.06,12,3,Net Banking,Pune,Web
TXN109866,C1231,M553,2715.6,11,30,UPI,Pune,iOS
TXN109867,C1194,M535,41159.81,1,5,Net Banking,Hyderabad,Web
TXN109868,C1348,M555,1258.64,11,25,Debit Card,Kolkata,POS Terminal
TXN109869,C1029,M516,2556.15,20,15,Debit Card,Ahmedabad,Web
TXN109870,C1358,M509,2714.2,12,7,UPI,Hyderabad,Android
TXN109871,C1337,M543,299.19,16,15,Debit Card,Delhi,Android
TXN109872,C1330,M501,1260.27,18,28,UPI,Chennai,iOS
TXN109873,C1426,M513,1555.97,15,12,Credit Card,Mumbai,Android
TXN109874,C1496,M540,1621.09,10,3,Debit Card,Hyderabad,iOS
TXN109875,C1315,M501,1788.69,23,10,Credit Card,Kolkata,POS Terminal
TXN109876,C1485,M518,2797.38,20,4,Credit Card,Kolkata,Web
TXN109877,C1295,M579,1504.95,16,7,Net Banking,Pune,Android
TXN109878,C1448,M500,33193.55,5,11,Credit Card,Ahmedabad,iOS
TXN109879,C1412,M501,5735.74,16,17,Net Banking,Mumbai,POS Terminal
TXN109880,C1329,M526,2287.96,18,20,Debit Card,Ahmedabad,Android
TXN109881,C1219,M501,4100.97,13,15,UPI,Chennai,Android
TXN109882,C1376,M550,1114.53,18,17,UPI,Ahmedabad,POS Terminal
TXN109883,C1478,M509,4443.31,16,14,Net Banking,Hyderabad,Web
TXN109884,C1146,M518,1046.36,16,21,Net Banking,Mumbai,Android
TXN109885,C1258,M579,4923.62,14,28,Credit Card,Delhi,POS Terminal
TXN109886,C1291,M512,4772.97,16,12,Net Banking,Delhi,iOS
TXN109887,C1298,M547,1086.02,12,18,Credit Card,Pune,Android
TXN109888,C1142,M555,1028.89,9,25,Credit Card,Chennai,Web
TXN109889,C1480,M571,1953.86,15,13,Net Banking,Chennai,Web
TXN109890,C1424,M555,781.96,12,19,Credit Card,Delhi,POS Terminal
TXN109891,C1234,M549,1322.14,11,5,Debit Card,Bengaluru,Web
TXN109892,C1114,M544,2775.52,13,12,Debit Card,Pune,iOS
TXN109893,C1364,M558,1342.7,21,8,Net Banking,Chennai,POS Terminal
TXN109894,C1089,M538,5551.64,13,30,Credit Card,Pune,POS Terminal
TXN109895,C1207,M520,3121.01,21,8,Net Banking,Pune,Web
TXN109896,C1163,M554,3091.19,14,9,Debit Card,Bengaluru,Web
TXN109897,C1480,M556,2116.65,13,28,Credit Card,Chennai,POS Terminal
TXN109898,C1083,M540,4067.85,14,19,Net Banking,Mumbai,iOS
TXN109899,C1076,M569,5063.92,14,19,UPI,Mumbai,iOS
TXN109900,C1160,M548,2385.27,12,4,Credit Card,Chennai,iOS
TXN109901,C1004,M543,2295.94,17,6,Debit Card,Kolkata,iOS
TXN109902,C1484,M534,1263.46,19,23,UPI,Chennai,iOS
TXN109903,C1077,M504,1348.03,13,28,Debit Card,Pune,POS Terminal
TXN109904,C1090,M570,2566.7,13,12,Debit Card,Pune,POS Terminal
TXN109905,C1086,M573,7592.58,18,1,Net Banking,Delhi,Android
TXN109906,C1269,M573,2659.45,9,18,Debit Card,Hyderabad,Web
TXN109907,C1103,M550,4288.67,19,19,UPI,Pune,iOS
TXN109908,C1451,M556,1114.87,17,17,Net Banking,Bengaluru,Web
TXN109909,C1486,M557,3386.78,14,3,Net Banking,Bengaluru,POS Terminal
TXN109910,C1499,M535,1687.91,13,4,Credit Card,Delhi,Android
TXN109911,C1338,M509,4436.71,10,27,UPI,Hyderabad,POS Terminal
TXN109912,C1174,M549,2976.97,17,14,UPI,Chennai,Android
TXN109913,C1053,M536,741.38,15,6,Debit Card,Ahmedabad,POS Terminal
TXN109914,C1387,M519,1369.31,12,30,Net Banking,Delhi,iOS
TXN109915,C1477,M512,1394.37,15,5,UPI,Ahmedabad,Web
TXN109916,C1210,M574,4871.01,23,27,UPI,Delhi,Web
TXN109917,C1094,M518,2713.56,19,6,Debit Card,Delhi,Android
TXN109918,C1222,M555,51169.23,1,13,Credit Card,Delhi,Android
TXN109919,C1008,M544,1445.11,19,9,UPI,Kolkata,POS Terminal
TXN109920,C1052,M559,4094.3,21,17,Debit Card,Delhi,Android
TXN109921,C1076,M567,3776.89,15,15,Credit Card,Mumbai,iOS
TXN109922,C1205,M556,4299.45,16,30,Credit Card,Bengaluru,POS Terminal
TXN109923,C1315,M553,1396.88,19,15,Credit Card,Kolkata,iOS
TXN109924,C1301,M536,563.25,18,29,Credit Card,Pune,Android
TXN109925,C1309,M536,5947.64,18,19,UPI,Mumbai,Web
TXN109926,C1329,M513,2527.98,10,30,UPI,Ahmedabad,iOS
TXN109927,C1111,M543,1834.06,15,8,Debit Card,Kolkata,POS Terminal
TXN109928,C1350,M541,1868.1,12,9,UPI,Ahmedabad,Web
TXN109929,C1164,M500,1750.23,13,27,UPI,Mumbai,Android
TXN109930,C1278,M522,1735.18,14,2,UPI,Pune,iOS
TXN109931,C1026,M563,1736.27,15,14,Credit Card,Hyderabad,Android
TXN109932,C1069,M527,732.67,19,26,UPI,Hyderabad,iOS
TXN109933,C1217,M503,3771.41,8,14,Net Banking,Mumbai,Web
TXN109934,C1449,M540,5442.24,23,5,Debit Card,Chennai,POS Terminal
TXN109935,C1364,M559,1984.22,11,29,UPI,Chennai,Android
TXN109936,C1188,M517,957.88,19,3,Net Banking,Bengaluru,Web
TXN109937,C1332,M562,2734.16,17,10,Net Banking,Kolkata,Web
TXN109938,C1434,M560,4165.94,18,2,Credit Card,Pune,POS Terminal
TXN109939,C1305,M548,3665.95,9,13,Debit Card,Hyderabad,POS Terminal
TXN109940,C1123,M546,4085.16,9,28,Credit Card,Pune,Web
TXN109941,C1018,M538,8959.9,10,11,Net Banking,Chennai,iOS
TXN109942,C1256,M505,2143.75,7,11,UPI,Bengaluru,Web
TXN109943,C1295,M552,1556.69,17,9,Net Banking,Pune,Web
TXN109944,C1415,M575,1494.89,12,21,Debit Card,Pune,iOS
TXN109945,C1021,M524,4780.08,17,9,Net Banking,Kolkata,Android
TXN109946,C1367,M564,3821.79,22,12,Net Banking,Chennai,Web
TXN109947,C1476,M504,1873.41,21,1,Credit Card,Chennai,iOS
TXN109948,C1449,M564,5686.07,13,20,Net Banking,Chennai,Android
TXN109949,C1039,M507,2991.12,13,17,Credit Card,Pune,iOS
TXN109950,C1037,M538,953.86,12,5,Credit Card,Chennai,iOS
TXN109951,C1047,M542,2041.71,16,12,UPI,Hyderabad,iOS
TXN109952,C1182,M572,2696.92,18,11,Net Banking,Pune,Android
TXN109953,C1074,M504,4644.11,18,21,UPI,Hyderabad,Android
TXN109954,C1208,M503,1838.39,15,29,Debit Card,Bengaluru,Web
TXN109955,C1182,M500,3738.44,17,16,Credit Card,Kolkata,Web
TXN109956,C1434,M555,3448.86,13,7,Credit Card,Pune,Web
TXN109957,C1106,M544,1113.24,9,23,Debit Card,Delhi,Web
TXN109958,C1187,M564,3012.94,19,8,Credit Card,Hyderabad,Web
TXN109959,C1263,M502,2932.58,22,22,UPI,Pune,Android
TXN109960,C1085,M521,1268.13,12,26,UPI,Ahmedabad,POS Terminal
TXN109961,C1323,M571,1626.71,13,19,Debit Card,Kolkata,iOS
TXN109962,C1330,M555,1424.69,13,25,Net Banking,Ahmedabad,Web
TXN109963,C1455,M517,1100.0,14,15,Credit Card,Mumbai,iOS
TXN109964,C1136,M524,1061.34,8,5,Net Banking,Delhi,iOS
TXN109965,C1345,M547,544.14,18,9,UPI,Hyderabad,Web
TXN109966,C1385,M530,4434.99,11,21,UPI,Chennai,iOS
TXN109967,C1335,M529,1160.23,13,19,Credit Card,Pune,iOS
TXN109968,C1094,M579,2520.88,13,13,Debit Card,Delhi,POS Terminal
TXN109969,C1325,M565,55793.17,4,7,UPI,Ahmedabad,iOS
TXN109970,C1244,M509,2143.29,9,25,Net Banking,Chennai,iOS
TXN109971,C1468,M570,3017.47,8,1,UPI,Kolkata,POS Terminal
TXN109972,C1089,M558,4615.97,13,3,Credit Card,Pune,iOS
TXN109973,C1058,M550,2976.17,14,7,Debit Card,Hyderabad,iOS
TXN109974,C1402,M508,1859.66,8,9,UPI,Delhi,iOS
TXN109975,C1027,M553,1161.86,17,4,Credit Card,Pune,iOS
TXN109976,C1071,M561,1450.06,10,21,UPI,Hyderabad,iOS
TXN109977,C1269,M508,1718.19,10,8,UPI,Hyderabad,iOS
TXN109978,C1023,M508,4791.89,13,20,Net Banking,Chennai,Android
TXN109979,C1111,M523,1964.08,19,18,UPI,Kolkata,POS Terminal
TXN109980,C1299,M538,1544.48,19,23,UPI,Ahmedabad,Android
TXN109981,C1484,M574,1720.98,8,2,Debit Card,Chennai,Android
TXN109982,C1055,M507,2607.38,22,14,Net Banking,Ahmedabad,POS Terminal
TXN109983,C1473,M524,887.18,11,6,Debit Card,Bengaluru,POS Terminal
TXN109984,C1222,M565,1683.79,17,7,Credit Card,Pune,iOS
TXN109985,C1119,M509,3248.6,14,24,UPI,Ahmedabad,Web
TXN109986,C1178,M523,1680.26,16,21,Net Banking,Bengaluru,Web
TXN109987,C1287,M579,5422.46,13,1,Debit Card,Mumbai,Android
TXN109988,C1433,M558,4705.3,18,16,Debit Card,Pune,iOS
TXN109989,C1424,M530,870.14,15,3,Credit Card,Bengaluru,Web
TXN109990,C1449,M510,4731.59,15,26,Credit Card,Chennai,POS Terminal
TXN109991,C1280,M505,2461.7,13,25,Credit Card,Chennai,POS Terminal
TXN109992,C1371,M569,2083.95,14,15,Debit Card,Pune,Web
TXN109993,C1491,M531,6950.4,14,22,UPI,Mumbai,iOS
TXN109994,C1188,M538,1543.68,10,11,Credit Card,Bengaluru,iOS
TXN109995,C1065,M547,1290.4,12,5,Debit Card,Hyderabad,Android
TXN109996,C1297,M512,3304.54,16,17,Credit Card,Kolkata,POS Terminal
TXN109997,C1448,M558,41016.92,3,16,UPI,Chennai,iOS
TXN109998,C1419,M566,1905.08,20,20,Credit Card,Kolkata,POS Terminal
TXN109999,C1248,M555,4963.31,12,21,Net Banking,Chennai,Android
